AcademicScore,AttendanceRate,StudentPerformance,DeviceUsage,LearningStyle,Indikator_Visual,Indikator_Auditory,Indikator_Kinestetik,LearningPace_Cluster,LearningStyle_Encoded
4.555555555555555,3.25,4.555555555555555,5.0,Kinesthetic,4.058855209576431,3.195941173719158,3.4399639783870324,1,1
4.151515151515151,4.79,4.151515151515151,4.448275862068965,Auditory,4.468592733246378,3.3077019860602634,2.568040824494697,1,0
3.585858585858586,4.19,3.585858585858586,1.1379310344827587,Visual,3.4948809451885903,2.2183668865482544,3.2660596357814686,0,2
4.717171717171717,4.23,4.717171717171717,4.448275862068965,Kinesthetic,4.471345500679852,2.313215306556952,2.893836301781069,1,1
3.303030303030303,4.23,3.303030303030303,1.4137931034482758,Auditory,3.4286498659618316,2.3826671990409594,2.640684410646388,0,0
3.8282828282828283,3.6,3.8282828282828283,1.2758620689655173,Kinesthetic,3.364817981691126,4.65755520099209,3.383129877926756,0,1
4.555555555555555,4.87,4.555555555555555,1.8275862068965516,Auditory,4.300780537908568,1.824384231886429,2.986091654992996,0,0
3.7474747474747474,4.89,3.7474747474747474,4.172413793103448,Kinesthetic,4.29984868733056,3.172265783654749,2.8602161296778066,1,1
3.909090909090909,4.25,3.909090909090909,3.3448275862068964,Visual,3.9748468963947587,2.8333564054007283,3.482989793876326,1,2
3.4242424242424243,4.57,3.4242424242424243,2.2413793103448274,Auditory,3.7449489912459697,2.903834999081371,3.430158094856914,0,0
3.4242424242424243,4.22,3.4242424242424243,1.8275862068965516,Auditory,3.539123056415825,3.3669753512479055,2.671102661596958,0,0
3.9494949494949494,3.97,3.9494949494949494,1.9655172413793105,Visual,3.674341825044057,3.1372449522054797,2.8626175705423256,0,2
4.434343434343434,4.32,4.434343434343434,1.6896551724137931,Kinesthetic,3.993943740748514,2.3433298794785284,3.0735441264758854,0,1
4.595959595959596,4.11,4.595959595959596,3.896551724137931,Visual,4.286062746795496,1.3727942632922274,3.2288373023814287,1,2
3.9494949494949494,4.19,3.9494949494949494,4.448275862068965,Visual,4.1259451266207705,3.5044132674777915,2.536421853111867,1,2
3.101010101010101,4.57,3.101010101010101,1.0,Kinesthetic,3.4294322319347827,4.214907062556165,3.122773664198519,0,1
3.8686868686868685,3.96,3.8686868686868685,1.4137931034482758,Visual,3.5578966711718274,3.0625436838298445,3.398939363618171,0,2
3.0606060606060606,3.08,3.0606060606060606,2.793103448275862,Auditory,3.0313494666641256,4.112384572896632,2.8035821492895736,0,0
3.9494949494949494,3.33,3.9494949494949494,3.206896551724138,Auditory,3.5770540408779956,2.3145898729527827,2.7713628176906147,1,0
4.757575757575758,3.88,4.757575757575758,3.6206896551724137,Auditory,4.217865746690988,3.12203476921036,2.935061036621973,1,0
4.191919191919192,4.45,4.191919191919192,3.3448275862068964,Visual,4.181363503029831,1.2978401424357773,3.226235741444867,1,2
4.515151515151516,4.19,4.515151515151516,2.3793103448275863,Auditory,4.069205254306172,1.154491315507913,3.226035621372824,0,0
3.0606060606060606,4.3,3.0606060606060606,4.862068965517242,Auditory,3.8493788946537353,3.2237683804763493,3.3196918150890533,1,0
3.8282828282828283,3.96,3.8282828282828283,3.7586206896551726,Auditory,3.874163249423055,2.9540797125778844,3.148188913348009,1,0
4.313131313131313,4.23,4.313131313131313,4.448275862068965,Auditory,4.297445990445195,2.1001051690698036,3.2386431859115468,1,0
3.4646464646464645,3.66,3.4646464646464645,2.793103448275862,Auditory,3.4515924955861754,1.4428282289610181,2.503602161296778,0,0
3.8686868686868685,3.94,3.8686868686868685,2.103448275862069,Auditory,3.647229205443238,2.543246607770982,3.1810086051630977,0,0
4.757575757575758,4.49,4.757575757575758,4.586206896551724,Visual,4.617801223264104,2.0407133076034363,3.436361817090254,1,2
3.98989898989899,4.74,3.98989898989899,2.931034482758621,Auditory,4.161675446613474,4.142041522793589,3.4107464478687213,1,0
4.95959595959596,3.87,4.95959595959596,2.5172413793103448,Auditory,4.142565894548079,3.0370963232928196,3.1011606964178506,0,0
4.070707070707071,3.09,4.070707070707071,2.2413793103448274,Kinesthetic,3.387924352672887,4.18933104026077,2.726535921552932,0,1
4.6767676767676765,3.32,4.6767676767676765,3.4827586206896552,Visual,3.9261567022676434,1.5472830623196265,3.1682009205523314,1,2
4.111111111111111,3.04,4.111111111111111,4.172413793103448,Visual,3.6615591374551437,2.410329323879951,3.162597558535121,1,2
3.6262626262626263,4.31,3.6262626262626263,3.4827586206896552,Visual,3.8973035164145022,1.9185962270114114,3.1748048829297577,1,2
3.585858585858586,3.66,3.585858585858586,1.6896551724137931,Visual,3.3487312403028864,2.398036069751578,2.697518511106664,0,2
4.878787878787879,4.08,4.878787878787879,3.6206896551724137,Auditory,4.358846443693179,2.8977009748535023,3.1645987592555533,1,0
4.757575757575758,3.99,4.757575757575758,4.172413793103448,Auditory,4.343543163790502,4.1014376523781095,3.4235541324794876,1,0
3.101010101010101,3.16,3.101010101010101,4.586206896551724,Kinesthetic,3.339770876699513,3.712008702183,3.491394836902141,1,1
4.474747474747475,3.81,4.474747474747475,1.6896551724137931,Kinesthetic,3.79049510905703,2.4892574938117242,2.534620772463478,0,1
3.2626262626262625,3.44,3.2626262626262625,1.9655172413793105,Visual,3.1538232541131483,1.6515546418773863,3.248649189513708,0,2
3.8282828282828283,3.84,3.8282828282828283,1.0,Kinesthetic,3.427892459550629,3.3766563356079358,3.1107664598759257,0,1
3.3434343434343434,3.41,3.3434343434343434,3.896551724137931,Kinesthetic,3.449760633784917,1.7150289226802695,2.645287172303382,1,1
4.555555555555555,4.68,4.555555555555555,3.206896551724138,Visual,4.416611093721772,2.2637709228989977,3.2524514708825296,1,2
3.707070707070707,3.35,3.707070707070707,3.206896551724138,Visual,3.48189552748654,3.080773068046004,2.875225135081049,1,2
3.1414141414141414,4.92,3.1414141414141414,4.172413793103448,Kinesthetic,4.051619932323962,3.2043607339532487,3.3070842505503304,1,1
3.98989898989899,3.83,3.98989898989899,2.931034482758621,Auditory,3.7708822356196054,3.16478023480773,2.6979187512507505,0,0
3.5454545454545454,4.69,3.5454545454545454,1.8275862068965516,Kinesthetic,3.79163165648207,4.838810561807589,3.249249549729838,0,1
5.0,4.26,5.0,3.4827586206896552,Kinesthetic,4.465049647132189,2.7138092495706383,3.037522513508105,1,1
3.3434343434343434,4.47,3.3434343434343434,3.896551724137931,Auditory,3.9055652209193537,3.5983862941782996,2.5838503101861114,1,0
4.03030303030303,4.54,4.03030303030303,4.310344827586206,Auditory,4.286799606699425,2.0102394002295347,2.6186712027216332,1,0
3.0606060606060606,4.01,3.0606060606060606,4.0344827586206895,Visual,3.606481461685282,2.915524220163728,2.8550130078046827,1,2
3.787878787878788,4.09,3.787878787878788,4.724137931034482,Visual,4.049653919264367,2.842662879003106,2.9920952571542925,1,2
4.111111111111111,4.03,4.111111111111111,1.2758620689655173,Kinesthetic,3.670452944164457,3.872404792000767,2.6871122673604164,0,1
4.878787878787879,4.18,4.878787878787879,5.0,Auditory,4.5949591292720156,4.067973201881199,3.2620572343406042,1,0
3.2626262626262625,3.06,3.2626262626262625,5.0,Visual,3.423463637488261,2.1958979921227235,2.5662397438463076,1,2
4.757575757575758,3.79,4.757575757575758,4.862068965517242,Kinesthetic,4.35826960819123,3.6293216368641446,3.1902141284770864,1,1
3.303030303030303,4.21,3.303030303030303,3.896551724137931,Auditory,3.7775392735136957,1.8513790058755242,3.0407244346607962,1,0
4.878787878787879,4.2,4.878787878787879,2.3793103448275863,Kinesthetic,4.228859338960916,4.337323581787013,3.301681008605163,0,1
4.3939393939393945,4.59,4.3939393939393945,3.6206896551724137,Visual,4.365749200660626,1.6491182653496697,3.274064438663198,1,2
3.5454545454545454,4.31,3.5454545454545454,5.0,Visual,4.080917095622327,3.4179543453639907,3.340504302581549,1,2
3.6666666666666665,4.98,3.6666666666666665,4.862068965517242,Auditory,4.402124123365896,2.284870672312919,2.540224134480688,1,0
4.434343434343434,3.57,4.434343434343434,3.4827586206896552,Kinesthetic,3.9269880136245474,4.488348613328465,2.9996998198919353,1,1
5.0,3.72,5.0,2.103448275862069,Auditory,4.03690777912278,1.7576115666218997,2.868621172703622,0,0
4.595959595959596,3.77,4.595959595959596,2.2413793103448274,Visual,3.904620144204342,1.9793388520793342,2.8734240544326597,0,2
3.1414141414141414,3.93,3.1414141414141414,1.1379310344827587,Visual,3.193864328692382,2.7442378437170474,2.8994396637982787,0,2
3.0606060606060606,4.67,3.0606060606060606,1.0,Kinesthetic,3.456829509215063,2.1020166012963686,2.6819091454872925,0,1
3.2222222222222223,3.47,3.2222222222222223,5.0,Kinesthetic,3.5830598900602753,3.423263557208395,3.3615169101460878,1,1
4.6767676767676765,4.55,4.6767676767676765,3.0689655172413794,Kinesthetic,4.393609969965284,1.324988368959759,3.4321592955773466,1,1
3.1414141414141414,3.81,3.1414141414141414,3.3448275862068964,Auditory,3.4572758727091113,2.0267083699751622,3.1381829097458476,1,0
4.151515151515151,4.2,4.151515151515151,4.0344827586206895,Kinesthetic,4.157165787876885,4.07966132435989,2.654092455473284,1,1
3.707070707070707,4.27,3.707070707070707,4.448275862068965,Kinesthetic,4.052104454662703,1.0702556223835014,3.131378827296378,1,1
4.03030303030303,3.75,4.03030303030303,3.206896551724138,Visual,3.7906996379666906,2.579175558104878,3.000500300180108,1,2
4.757575757575758,4.03,4.757575757575758,1.6896551724137931,Visual,4.005439096625128,2.185572711213399,3.043125875525315,0,2
4.353535353535353,3.83,4.353535353535353,2.793103448275862,Kinesthetic,3.9045566509668714,3.14191577625367,3.445367220332199,0,1
3.3838383838383836,3.14,3.3838383838383836,4.0344827586206895,Kinesthetic,3.3715420896079364,2.1066799635814357,3.217430458274965,1,1
4.434343434343434,3.87,4.434343434343434,4.310344827586206,Visual,4.176623923359639,2.8973108379210952,2.8257954772863716,1,2
3.5454545454545454,3.19,3.5454545454545454,2.931034482758621,Kinesthetic,3.3073940677776528,2.6533964625835913,2.577246347808685,0,1
4.232323232323232,3.81,4.232323232323232,2.793103448275862,Auditory,3.8457425628182125,2.5132538365480945,3.184610766459876,0,0
4.919191919191919,4.19,4.919191919191919,4.172413793103448,Auditory,4.498214278524271,2.7016645117130538,3.3020812487492495,1,0
3.585858585858586,4.16,3.585858585858586,3.896551724137931,Auditory,3.87580241111067,3.337160269410346,3.3190914548729236,1,0
3.303030303030303,4.33,3.303030303030303,1.2758620689655173,Kinesthetic,3.4515258074437645,3.626376044551601,3.3731238743245946,0,1
3.5454545454545454,3.19,3.5454545454545454,4.172413793103448,Visual,3.482906639599263,3.9212857969734727,2.9934960976585954,1,2
3.909090909090909,4.3,3.909090909090909,4.0344827586206895,Kinesthetic,4.096356422725149,2.620014648178651,2.9566740044026414,1,1
4.595959595959596,3.62,4.595959595959596,3.4827586206896552,Kinesthetic,4.020503678392447,3.851564219684151,2.871422853712227,1,1
3.8282828282828283,3.8,3.8282828282828283,4.310344827586206,Visual,3.884209855608194,4.233274229800335,2.8998399039423655,1,2
3.6262626262626263,4.72,3.6262626262626263,2.5172413793103448,Visual,3.9348495402334938,1.9320552873965096,2.7473484090454274,0,2
4.797979797979798,3.02,4.797979797979798,1.1379310344827587,Visual,3.5122932647427794,3.713965454666146,3.4343606163698217,0,2
3.707070707070707,4.18,3.707070707070707,1.2758620689655173,Auditory,3.5610785700316105,4.672704213292589,3.3292975785471284,0,0
4.878787878787879,4.2,4.878787878787879,3.3448275862068964,Kinesthetic,4.367639300453026,1.8199602274715065,2.73013808284971,1,1
3.9494949494949494,3.79,3.9494949494949494,4.862068965517242,Visual,4.012930353151924,2.67473744043481,3.3641184710826497,1,2
4.03030303030303,3.47,4.03030303030303,1.0,Kinesthetic,3.359010890508444,2.5065969615786634,2.786371823093856,0,1
3.98989898989899,3.47,3.98989898989899,3.6206896551724137,Auditory,3.714061550634099,3.1090526750521597,2.864018411046628,1,0
4.797979797979798,4.77,4.797979797979798,3.7586206896551726,Auditory,4.636402585937012,2.6490159448727546,2.965079047428457,1,0
4.636363636363637,3.88,4.636363636363637,4.862068965517242,Visual,4.346186588186471,3.8962832580621845,2.726135681408845,1,2
4.151515151515151,3.66,4.151515151515151,1.6896551724137931,Visual,3.589933829270611,3.6985124685483846,3.0319191514908947,0,2
3.585858585858586,3.9,3.585858585858586,1.5517241379310345,Kinesthetic,3.4288521912136014,1.4792450771651702,3.200420252151291,0,1
4.797979797979798,4.34,4.797979797979798,1.0,Visual,4.058611686099366,3.51324444605386,2.5748449069441666,0,2
3.0202020202020203,3.29,3.0202020202020203,3.4827586206896552,Kinesthetic,3.202557727252032,2.463104230042974,2.924254552731639,1,1
3.98989898989899,3.9,3.98989898989899,1.0,Visual,3.5237571401399137,2.963076956066922,3.304482689613768,0,2
3.2626262626262625,4.18,3.2626262626262625,4.586206896551724,Kinesthetic,3.8430559872989756,2.547882123753385,2.9044426655993596,1,1
3.3434343434343434,4.9,3.3434343434343434,3.7586206896551726,Kinesthetic,4.068631978438115,1.654719041399136,3.241444866920152,1,1
3.9494949494949494,3.51,3.9494949494949494,3.7586206896551726,Kinesthetic,3.7317531757989335,4.283891485759349,3.1521913147888734,1,1
3.0202020202020203,3.72,3.0202020202020203,3.0689655172413794,Kinesthetic,3.326439437906416,3.4460107709792522,3.187412447468481,2,1
4.757575757575758,3.76,4.757575757575758,2.5172413793103448,Auditory,4.009445741653166,2.3908707779347367,2.878026816089654,0,0
3.303030303030303,4.21,3.303030303030303,4.586206896551724,Kinesthetic,3.875503821644562,3.6291607408110487,2.864818891334801,1,1
3.9494949494949494,3.71,3.9494949494949494,4.862068965517242,Visual,3.9787065903203,4.022046301040257,2.794976986191715,1,2
3.4242424242424243,4.07,3.4242424242424243,3.896551724137931,Auditory,3.7671929355233393,2.552575895758796,2.9486692015209126,1,0
3.6666666666666665,4.56,3.6666666666666665,1.9655172413793105,Auditory,3.8080370314927836,3.5909356431391792,3.1489893936361817,0,0
3.303030303030303,4.41,3.303030303030303,4.448275862068965,Kinesthetic,3.9413829051190135,1.753885669041614,3.12717630578347,1,1
4.3939393939393945,3.89,4.3939393939393945,3.0689655172413794,Auditory,3.9898565111621545,2.0161854125101284,2.9142485491294776,1,0
4.3939393939393945,4.73,4.3939393939393945,4.724137931034482,Kinesthetic,4.584464739842525,2.1013421878573593,2.5718431058635183,1,1
4.313131313131313,4.12,4.313131313131313,1.0,Visual,3.755462205279588,2.9769178658308895,2.9084450670402244,0,2
3.1818181818181817,4.08,3.1818181818181817,1.4137931034482758,Kinesthetic,3.3140975265594426,1.6939842827407887,2.7283370022013207,0,1
4.6767676767676765,3.07,4.6767676767676765,2.2413793103448274,Auditory,3.6395441337546863,3.258516220756988,2.8271963177906745,0,0
4.555555555555555,4.97,4.555555555555555,2.3793103448275863,Visual,4.423733556233889,3.936171275290178,3.3004802881729036,0,2
4.636363636363637,3.25,4.636363636363637,3.206896551724138,Kinesthetic,3.8362589017132587,3.9038128387954023,2.888833299979988,0,1
4.111111111111111,3.46,4.111111111111111,4.310344827586206,Visual,3.8614948050693454,2.883454218420037,3.4553732239343606,1,2
3.2626262626262625,3.1,3.2626262626262625,4.586206896551724,Visual,3.383466672554239,2.8939338778709844,3.172603562137282,1,2
3.3434343434343434,4.28,3.3434343434343434,4.0344827586206895,Auditory,3.843543369992172,4.272134728497446,3.0963578146888135,1,0
3.303030303030303,3.45,3.303030303030303,1.8275862068965516,Visual,3.154983453974792,2.071011731604174,2.5012007204322595,0,2
3.4646464646464645,3.36,3.4646464646464645,2.5172413793103448,Auditory,3.284463342583726,4.122268761863153,3.153792275365219,0,0
4.353535353535353,3.18,4.353535353535353,3.7586206896551726,Visual,3.7643657508000965,3.545690122827343,2.8183910346207726,1,2
4.313131313131313,3.21,4.313131313131313,1.8275862068965516,Kinesthetic,3.483833412719226,2.4162369519459292,3.486191715029017,0,1
4.919191919191919,4.17,4.919191919191919,2.5172413793103448,Visual,4.254691619934519,3.1637636317058484,3.1531919151490895,0,2
3.909090909090909,4.38,3.909090909090909,2.931034482758621,Kinesthetic,3.969650629318703,3.585318064315268,3.021512907744647,1,1
3.9494949494949494,3.79,3.9494949494949494,1.1379310344827587,Kinesthetic,3.481527116250573,3.7160501676923743,3.144186511907144,0,1
4.474747474747475,3.96,4.474747474747475,2.793103448275862,Visual,4.013818337438676,3.352441571256692,3.1549929957974783,0,2
4.3939393939393945,4.37,4.3939393939393945,2.655172413793103,Kinesthetic,4.136113858787027,1.9330275232949237,2.6827096257754652,0,1
4.757575757575758,3.03,4.757575757575758,1.4137931034482758,Visual,3.541542731041204,3.5906004527651105,2.9024414648789274,0,2
4.595959595959596,3.65,4.595959595959596,2.793103448275862,Visual,3.931395168368046,3.0791645323937473,2.7885731438863317,0,2
3.8686868686868685,4.95,3.8686868686868685,2.793103448275862,Kinesthetic,4.176821506108364,2.0400956858206554,3.111166700020012,1,1
4.070707070707071,4.16,4.070707070707071,3.0689655172413794,Kinesthetic,3.9659657296479147,3.0481975593355584,3.209625775465279,1,1
4.3939393939393945,3.51,4.3939393939393945,1.8275862068965516,Auditory,3.647821695442814,3.952501150440179,3.3447068240944566,0,0
3.0202020202020203,4.04,3.0202020202020203,3.4827586206896552,Kinesthetic,3.5248207087304277,1.2696911208375246,3.482989793876326,1,1
4.3939393939393945,3.69,4.3939393939393945,1.1379310344827587,Auditory,3.625095735003776,2.034349774875971,3.085951570942566,0,0
4.474747474747475,4.06,4.474747474747475,2.2413793103448274,Kinesthetic,3.9798702382207205,3.508243174332204,2.86601961176706,0,1
4.878787878787879,3.25,4.878787878787879,3.3448275862068964,Visual,3.962234327630061,3.5955842834202785,2.6150690414248547,1,2
3.5454545454545454,3.27,3.5454545454545454,4.862068965517242,Kinesthetic,3.613531503542363,4.070893204045926,2.685911546928157,1,1
3.101010101010101,3.29,3.101010101010101,3.206896551724138,Visual,3.195883003855829,2.0113429952917374,3.252251350810486,2,2
3.0202020202020203,4.88,3.0202020202020203,1.5517241379310345,Visual,3.607321278585449,2.542954850333467,3.2402441464878926,0,2
3.1818181818181817,4.47,3.1818181818181817,2.5172413793103448,Visual,3.637155633544706,1.6431472267141285,2.7927756653992395,0,2
4.03030303030303,3.32,4.03030303030303,1.6896551724137931,Auditory,3.393550804470973,2.300307836123659,3.155393235941565,0,0
3.5454545454545454,3.38,3.5454545454545454,3.896551724137931,Kinesthetic,3.523287123299311,2.5067090197349953,3.486191715029017,1,1
4.555555555555555,4.46,4.555555555555555,2.103448275862069,Visual,4.1650131131077135,4.147081748641052,2.7109265559335602,0,2
4.070707070707071,3.31,4.070707070707071,3.6206896551724137,Visual,3.681399133720953,2.3055859279866717,2.8802281368821294,1,2
3.3434343434343434,3.47,3.3434343434343434,1.0,Auditory,3.062524398616001,4.52036900737056,2.79157494496698,0,0
3.585858585858586,4.93,3.585858585858586,3.896551724137931,Kinesthetic,4.20488692551944,2.8156008431444497,2.779967980788473,1,1
3.585858585858586,3.51,3.585858585858586,2.931034482758621,Kinesthetic,3.460064198386424,3.1965923485938235,3.1834100460276167,0,1
4.03030303030303,4.32,4.03030303030303,3.7586206896551726,Auditory,4.117046268970164,3.311220455696909,2.588453071843106,1,0
4.6767676767676765,4.96,4.6767676767676765,4.448275862068965,Auditory,4.7643380881107396,3.84766679132549,3.2304382629577746,1,0
3.505050505050505,3.75,3.505050505050505,1.6896551724137931,Kinesthetic,3.350083898629152,2.471673927068998,3.430958575145087,0,1
4.272727272727273,3.04,4.272727272727273,3.4827586206896552,Auditory,3.629433769149121,4.155485938655536,2.73574144486692,1,0
4.555555555555555,3.49,4.555555555555555,3.3448275862068964,Kinesthetic,3.92519685648683,3.4480933610935063,3.3921352811687013,1,1
4.95959595959596,4.66,4.95959595959596,1.6896551724137931,Kinesthetic,4.364815171321701,3.689890266592523,2.751550930558335,0,1
4.272727272727273,4.73,4.272727272727273,2.655172413793103,Visual,4.237286749672164,3.9735754641793077,3.227236341805083,1,2
3.1414141414141414,4.54,3.1414141414141414,1.0,Visual,3.43362265876931,3.561748928619788,2.8684210526315788,0,2
4.191919191919192,3.23,4.191919191919192,4.0344827586206895,Kinesthetic,3.755557035548243,3.701213201815082,2.9620772463478087,1,1
4.474747474747475,4.59,4.474747474747475,4.0344827586206895,Kinesthetic,4.4616839161487905,3.4336135078606747,2.6821092655593355,1,1
3.909090909090909,4.84,3.909090909090909,4.448275862068965,Kinesthetic,4.383945053043244,1.3131649737837443,3.3685211126676005,1,1
4.555555555555555,4.2,4.555555555555555,2.655172413793103,Kinesthetic,4.132213762248169,3.1469922024911297,3.4279567740644388,0,1
4.797979797979798,4.88,4.797979797979798,1.8275862068965516,Kinesthetic,4.40953967698062,1.926569956041341,3.302281368821293,0,1
3.585858585858586,4.65,3.585858585858586,2.931034482758621,Kinesthetic,3.9499490775150923,2.4913724788798595,2.934060436261757,1,1
4.717171717171717,4.33,4.717171717171717,2.5172413793103448,Auditory,4.238655090395849,2.442788547438474,2.934660796477887,0,0
4.151515151515151,4.15,4.151515151515151,4.586206896551724,Kinesthetic,4.214837681623952,2.4958664660082155,2.524614768861317,1,1
4.434343434343434,3.7,4.434343434343434,4.448275862068965,Auditory,4.120392595507299,3.5607019813175285,3.1319791875125076,1,0
3.505050505050505,3.32,3.505050505050505,1.0,Auditory,3.0672680266583354,4.153847770772819,2.6570942565539326,0,0
4.272727272727273,4.21,4.272727272727273,2.931034482758621,Kinesthetic,4.0541342624405265,2.5299313185772556,2.983490094056434,1,1
3.2626262626262625,3.64,3.2626262626262625,1.4137931034482758,Kinesthetic,3.1586201732908257,3.188943293818288,2.6592955773464078,0,1
3.8686868686868685,4.73,3.8686868686868685,2.655172413793103,Auditory,4.065695003574226,4.689763859919675,3.3349009405643386,1,0
4.111111111111111,4.99,4.111111111111111,4.0344827586206895,Auditory,4.475405388015113,3.227566537498904,3.3312987792675606,1,0
3.0606060606060606,4.5,3.0606060606060606,4.586206896551724,Kinesthetic,3.89751309343762,4.35936949452034,2.8874324594756855,1,1
4.6767676767676765,3.18,4.6767676767676765,4.310344827586206,Kinesthetic,3.983362575658792,3.4078247182393135,2.931458875325195,1,1
4.797979797979798,3.58,4.797979797979798,1.5517241379310345,Auditory,3.8111110150077505,2.7154585455387066,3.2618571142685613,0,0
3.2222222222222223,3.22,3.2222222222222223,4.862068965517242,Auditory,3.454770488968344,3.448924967199715,2.7603562137282367,1,0
4.111111111111111,4.3,4.111111111111111,1.1379310344827587,Auditory,3.7677620363666264,2.3542440203810755,3.33309985991595,0,0
4.111111111111111,4.53,4.111111111111111,4.0344827586206895,Visual,4.279851611326961,1.8187299703310948,3.1283770262157296,1,2
4.757575757575758,4.85,4.757575757575758,4.448275862068965,Auditory,4.753578874297216,3.6758904412463793,3.1475885531318792,1,0
4.757575757575758,3.88,4.757575757575758,1.0,Visual,3.8431087644570283,3.8144885649091917,2.9706824094456676,0,2
3.787878787878788,4.8,3.787878787878788,3.0689655172413794,Kinesthetic,4.1201222540583435,1.3299737581349056,2.886631979187513,1,1
4.191919191919192,4.76,4.191919191919192,4.0344827586206895,Kinesthetic,4.411083898375176,1.9769342960785472,3.0445267160296177,1,1
3.4242424242424243,3.63,3.4242424242424243,1.6896551724137931,Auditory,3.266508106533351,4.124489378724303,2.5728437062237344,0,0
4.111111111111111,4.74,4.111111111111111,4.0344827586206895,Kinesthetic,4.368745692171065,1.7105865350832867,3.4837902741644986,1,1
3.98989898989899,3.75,3.98989898989899,3.0689655172413794,Kinesthetic,3.756099428318387,3.4961345733427165,2.97828697218331,1,1
4.555555555555555,3.59,4.555555555555555,2.793103448275862,Kinesthetic,3.8915693946148875,3.184387952422044,2.6893135881528916,0,1
4.313131313131313,4.3,4.313131313131313,4.862068965517242,Kinesthetic,4.3851301225253625,3.564295277415888,2.775565339203522,1,1
3.0202020202020203,3.66,3.0202020202020203,4.448275862068965,Visual,3.497024184283645,2.960008549371092,2.7879727836702024,1,2
4.070707070707071,4.26,4.070707070707071,1.2758620689655173,Visual,3.7527479672945137,2.913471044929305,3.1363818290974583,0,2
3.505050505050505,4.22,3.505050505050505,2.931034482758621,Auditory,3.729310975843186,4.162555325631379,3.4719831899139484,1,0
4.636363636363637,4.13,4.636363636363637,1.2758620689655173,Auditory,3.9379409345924543,2.4631632703222257,2.568040824494697,0,0
3.101010101010101,3.76,3.101010101010101,4.0344827586206895,Auditory,3.5171473267211115,1.5824264324324502,3.0981588953372023,1,0
4.555555555555555,4.1,4.555555555555555,4.862068965517242,Kinesthetic,4.402819137441824,2.321512292239758,2.5764458675205124,1,1
3.2222222222222223,4.19,3.2222222222222223,1.1379310344827587,Kinesthetic,3.340501507294565,1.6089714469742493,2.8113868320992594,0,1
3.303030303030303,4.09,3.303030303030303,1.0,Visual,3.3118874628662502,2.1145065133117575,2.5598359015409247,0,2
4.070707070707071,3.89,4.070707070707071,2.103448275862069,Visual,3.711726600641499,3.3980580374656713,2.5276165699419653,0,2
3.3434343434343434,3.03,3.3434343434343434,2.103448275862069,Auditory,3.0316790926346693,4.0072883486820645,2.571642985791475,0,0
4.474747474747475,4.17,4.474747474747475,4.0344827586206895,Visual,4.2830136327242885,2.365484923892576,3.4867920752451473,1,2
4.313131313131313,3.34,4.313131313131313,1.8275862068965516,Visual,3.5396637795924013,2.088584517927694,2.80458274964979,0,2
4.6767676767676765,4.29,4.6767676767676765,1.2758620689655173,Visual,4.023088701850241,3.4808041329232298,3.191614968981389,0,2
4.757575757575758,4.52,4.757575757575758,4.448275862068965,Visual,4.61100987176192,4.1314559359989484,2.8255953572143286,1,2
3.9494949494949494,4.0,3.9494949494949494,3.3448275862068964,Visual,3.885140612782313,3.0464322036782425,2.7607564538723235,1,2
3.585858585858586,4.08,3.585858585858586,2.3793103448275863,Auditory,3.6272954417545393,4.7671750604799215,2.7269361616970182,0,0
4.272727272727273,4.9,4.272727272727273,1.8275862068965516,Auditory,4.193519911867759,3.6285168009925286,2.937462477486492,0,0
4.272727272727273,4.69,4.272727272727273,2.103448275862069,Visual,4.14351918032562,2.819945848617813,3.134380628377026,0,2
3.9494949494949494,4.83,3.9494949494949494,1.0,Auditory,3.904843420599095,2.4427178287642515,3.2674604762857715,0,0
4.636363636363637,4.63,4.636363636363637,4.862068965517242,Kinesthetic,4.664822514932238,2.2388591654947954,2.930458274964979,1,1
4.95959595959596,3.22,4.95959595959596,2.793103448275862,Visual,3.9036287683063047,3.2547159680861855,2.7475485291174704,0,2
4.95959595959596,3.3,4.95959595959596,3.6206896551724137,Kinesthetic,4.056204095683066,2.8793181339945315,3.2474484690814487,1,1
3.4646464646464645,4.05,3.4646464646464645,1.6896551724137931,Auditory,3.4633339071381353,3.112864006260003,3.0671402841705024,0,0
4.555555555555555,3.49,4.555555555555555,1.8275862068965516,Auditory,3.7100958323358872,3.682973649206937,3.3525115069041425,0,0
3.0606060606060606,3.95,3.0606060606060606,2.2413793103448274,Kinesthetic,3.326195763201423,4.033946479164582,2.6997198318991393,0,1
3.101010101010101,3.79,3.101010101010101,1.8275862068965516,Auditory,3.2138297789767085,3.638961768683206,3.0137082249349607,0,0
4.95959595959596,4.1,4.95959595959596,4.448275862068965,Visual,4.517649881634224,3.3895754740215116,2.761556934160496,1,2
4.474747474747475,4.49,4.474747474747475,1.1379310344827587,Kinesthetic,4.006203965077161,2.059609112859614,2.631278767260356,0,1
4.95959595959596,4.43,4.95959595959596,5.0,Visual,4.738819045911932,4.579262295346144,3.032319391634981,1,2
3.6666666666666665,4.04,3.6666666666666665,1.4137931034482758,Kinesthetic,3.505885414051469,3.4294237657973894,2.9424654792875726,0,1
4.95959595959596,4.64,4.95959595959596,3.7586206896551726,Auditory,4.653109868763629,4.675665958897384,2.882029217530518,1,0
3.0606060606060606,3.86,3.0606060606060606,5.0,Kinesthetic,3.680998675863769,2.2472763831232547,3.2464478687212326,1,1
3.0606060606060606,4.79,3.0606060606060606,4.724137931034482,Kinesthetic,4.040891693127628,1.7009278962023295,2.9094456674004405,1,1
4.111111111111111,3.14,4.111111111111111,3.206896551724138,Visual,3.566844500769779,3.809240447337115,3.1327796678006803,0,2
3.909090909090909,4.91,3.909090909090909,1.0,Auditory,3.9221761296389386,1.5109379664920632,2.7281368821292777,0,0
4.474747474747475,4.31,4.474747474747475,2.2413793103448274,Visual,4.0848257461679065,3.408943174297911,2.5532319391634983,0,2
4.272727272727273,3.76,4.272727272727273,3.4827586206896552,Auditory,3.9401982132135296,3.7269200131285536,2.869221532919752,1,0
4.313131313131313,3.39,4.313131313131313,2.931034482758621,Visual,3.7219075973699747,3.2442469478379925,2.84180508304983,0,2
3.0202020202020203,3.96,3.0202020202020203,2.2413793103448274,Kinesthetic,3.311012106801784,3.2119765064831363,3.22643586151691,0,1
3.7474747474747474,3.39,3.7474747474747474,3.4827586206896552,Visual,3.556076114603672,2.1472345686967245,3.1425855513307983,1,2
3.0606060606060606,3.33,3.0606060606060606,2.5172413793103448,Auditory,3.0995784582267683,3.2228486911686445,2.958875325195117,0,0
4.757575757575758,4.23,4.757575757575758,4.172413793103448,Auditory,4.449893087186938,2.170960614088143,3.2468481088653194,1,0
4.03030303030303,4.05,4.03030303030303,3.0689655172413794,Kinesthetic,3.899768993663025,4.03413024981739,3.266259755853512,1,1
4.272727272727273,4.34,4.272727272727273,2.103448275862069,Auditory,3.991743757387077,4.19360403039868,2.802181308785271,0,0
3.2222222222222223,4.86,3.2222222222222223,2.931034482758621,Visual,3.8821909162796038,2.1844830738231713,2.5950570342205324,1,2
4.272727272727273,4.06,4.272727272727273,5.0,Kinesthetic,4.287391871173723,1.821004281410137,2.6953171903141886,1,1
3.1414141414141414,4.16,3.1414141414141414,4.586206896551724,Auditory,3.785148805767276,3.136341797443702,2.741544926956174,1,0
3.4242424242424243,3.18,3.4242424242424243,4.724137931034482,Auditory,3.5049461769559156,1.4960530271896757,2.8922353412047226,1,0
3.6666666666666665,4.44,3.6666666666666665,3.206896551724138,Visual,3.930387323882274,4.347959236971749,2.6114668801280767,1,2
4.515151515151516,3.8,4.515151515151516,2.793103448275862,Visual,3.962569890650763,3.443537800696023,2.6765059035421253,0,2
3.9494949494949494,4.95,3.9494949494949494,4.586206896551724,Kinesthetic,4.470720453858864,2.6115624946781613,2.9390634380628375,1,1
3.1818181818181817,4.65,3.1818181818181817,3.3448275862068964,Auditory,3.8327608893193426,2.5913480369582738,3.4527716629977987,1,0
4.353535353535353,4.04,4.353535353535353,4.448275862068965,Visual,4.234824023681676,3.829282503269094,3.0337202321392835,1,2
3.2222222222222223,3.25,3.2222222222222223,1.1379310344827587,Kinesthetic,2.9348476608832033,3.7196307213333197,3.4923954372623576,0,1
3.8686868686868685,4.72,3.8686868686868685,1.4137931034482758,Auditory,3.8823354955989164,2.7769944362293417,3.4359615769461676,0,0
3.4242424242424243,4.6,3.4242424242424243,3.3448275862068964,Auditory,3.9166059187826145,1.9934690867761025,3.4585751450870523,1,0
4.919191919191919,3.37,4.919191919191919,1.8275862068965516,Kinesthetic,3.8132389630992143,4.258807118016135,2.822193315989594,0,1
3.6262626262626263,3.59,3.6262626262626263,2.655172413793103,Kinesthetic,3.4722328611289774,2.472102314618811,3.1980188112867722,0,1
4.313131313131313,4.59,4.313131313131313,2.931034482758621,Visual,4.232981710148512,3.0830989595198632,2.9910946567940764,1,2
3.3434343434343434,3.37,3.3434343434343434,4.310344827586206,Auditory,3.4931455053105283,3.94724323507198,3.3993396037622574,1,0
3.2222222222222223,4.84,3.2222222222222223,4.0344827586206895,Auditory,4.029666337187946,1.9765104663413258,2.8894336601961177,1,0
3.6262626262626263,3.85,3.6262626262626263,4.724137931034482,Auditory,3.8785843372857904,2.358611057209113,3.4625775465279167,1,0
4.151515151515151,3.17,4.151515151515151,3.896551724137931,Kinesthetic,3.6961901363156193,1.9951211487949088,3.460376225735441,1,1
3.101010101010101,4.63,3.101010101010101,4.448275862068965,Visual,3.949399718017851,3.142836381460153,3.0619371622973786,1,2
3.787878787878788,3.75,3.787878787878788,1.0,Auditory,3.3720992088380983,3.458250714511417,3.2654592755653393,0,0
4.434343434343434,4.05,4.434343434343434,2.3793103448275863,Kinesthetic,3.977333687540082,3.6568835472401338,3.207624574744847,0,1
3.7474747474747474,3.22,3.7474747474747474,2.2413793103448274,Auditory,3.3082328027480545,3.437610092754768,3.2608565139083447,0,0
4.03030303030303,3.01,4.03030303030303,4.310344827586206,Visual,3.63096542965217,3.502263224925172,3.3359015409245547,1,2
3.101010101010101,4.28,3.101010101010101,1.5517241379310345,Auditory,3.3832379536744464,2.484472158883033,3.4403642185311187,0,0
3.7474747474747474,4.03,3.7474747474747474,3.0689655172413794,Visual,3.7717772545240016,4.010716452383178,2.8942365419251552,1,2
3.787878787878788,4.19,3.787878787878788,2.3793103448275863,Visual,3.757739731886119,1.7713590337838696,3.2648589153492096,0,2
4.272727272727273,4.59,4.272727272727273,3.7586206896551726,Auditory,4.3341808014457275,2.0832196397948506,3.064138483089854,1,0
3.2626262626262625,4.29,3.2626262626262625,1.6896551724137931,Auditory,3.479595634404249,2.1151538529453346,2.6805083049829896,0,0
4.636363636363637,3.35,4.636363636363637,2.103448275862069,Visual,3.723025691702463,3.012758854693357,2.5728437062237344,0,2
4.313131313131313,3.72,4.313131313131313,2.655172413793103,Kinesthetic,3.822743066835806,3.410205262864088,3.352111266760056,0,1
4.595959595959596,4.81,4.595959595959596,4.172413793103448,Visual,4.627948458529828,3.6730659905995267,3.1241745047028218,1,2
4.555555555555555,4.54,4.555555555555555,1.9655172413793105,Auditory,4.178836015650864,2.4412692807765337,3.011907144286572,0,0
3.707070707070707,4.11,3.707070707070707,2.793103448275862,Auditory,3.750591131015469,4.036262672846457,2.87282369421653,0,0
4.595959595959596,3.51,4.595959595959596,4.172413793103448,Kinesthetic,4.070594652548268,4.071127003619179,2.523013808284971,1,1
3.0202020202020203,3.6,3.0202020202020203,1.0,Visual,2.9818527245164046,3.0937318391286626,2.9770862517510506,0,2
3.4242424242424243,4.46,3.4242424242424243,3.206896551724138,Visual,3.8387674614236027,3.29226506063294,3.495797478487092,1,2
4.111111111111111,4.7,4.111111111111111,4.172413793103448,Visual,4.373256098793344,1.621801212262581,3.287472483490094,1,2
3.98989898989899,4.34,3.98989898989899,1.5517241379310345,Auditory,3.792852732115956,1.9559309064243062,3.48759255553332,0,0
5.0,4.62,5.0,4.310344827586206,Visual,4.738217811742408,3.3364284396348305,2.9982989793876325,1,2
3.909090909090909,4.53,3.909090909090909,1.1379310344827587,Kinesthetic,3.7807343675654175,3.370525881800144,2.688513107864719,0,1
4.232323232323232,3.3,4.232323232323232,4.310344827586206,Auditory,3.8436483331853784,4.021764761374561,2.8450070042025217,1,0
4.191919191919192,3.85,4.191919191919192,4.724137931034482,Auditory,4.120509197753124,3.394310218301013,2.967080248148889,1,0
4.6767676767676765,3.31,4.6767676767676765,5.0,Visual,4.135457976467772,4.38836335991237,3.0537322393436064,1,2
4.3939393939393945,3.47,4.3939393939393945,4.172413793103448,Kinesthetic,3.9665207833905063,2.24672644095415,2.727536521913148,1,1
3.2626262626262625,4.74,3.2626262626262625,2.103448275862069,Auditory,3.729554973092454,3.384416161295037,3.005703422053232,0,0
3.6262626262626263,3.95,3.6262626262626263,1.4137931034482758,Auditory,3.447133253719321,3.552990921813874,3.323894336601961,0,0
4.03030303030303,4.07,4.03030303030303,3.206896551724138,Visual,3.929993464812742,4.312157009780753,3.1844106463878328,1,2
4.919191919191919,3.36,4.919191919191919,3.206896551724138,Visual,4.005021157238075,3.3718344419798854,3.4561737042225333,1,2
4.95959595959596,3.62,4.95959595959596,3.7586206896551726,Kinesthetic,4.215862754962261,4.673875962358343,3.2816690014008403,1,1
3.0606060606060606,3.46,3.0606060606060606,3.3448275862068964,Visual,3.2725889683703286,2.3257090077788947,3.2278367020212126,1,2
3.0202020202020203,3.41,3.0202020202020203,3.0689655172413794,Kinesthetic,3.195241223565428,2.847677576623916,3.0909545727436463,2,1
4.919191919191919,4.28,4.919191919191919,5.0,Auditory,4.655048645353083,2.2479316101084392,2.973684210526316,1,0
3.4646464646464645,3.51,3.4646464646464645,1.9655172413793105,Kinesthetic,3.27153710302757,3.499126260383766,3.3447068240944566,0,1
3.1818181818181817,4.26,3.1818181818181817,4.448275862068965,Kinesthetic,3.8265461890922885,4.259812351725745,2.5552331398839305,1,1
4.474747474747475,3.12,4.474747474747475,2.3793103448275863,Kinesthetic,3.5934686362459054,2.393424668798862,2.900040024014409,0,1
4.272727272727273,3.28,4.272727272727273,3.7586206896551726,Auditory,3.775349838428515,2.6984892310469215,2.745547328397038,1,0
3.3434343434343434,3.55,3.3434343434343434,3.7586206896551726,Visual,3.4908807491369935,3.638719420202938,3.2508505103061838,1,2
4.636363636363637,4.19,4.636363636363637,3.3448275862068964,Auditory,4.262314285238851,4.222550609134364,3.2474484690814487,1,0
4.3939393939393945,4.35,4.3939393939393945,4.0344827586206895,Visual,4.324478344423304,4.472862485944061,2.639083450070042,1,2
3.7474747474747474,3.89,3.7474747474747474,4.862068965517242,Kinesthetic,3.9658278583740922,2.4340726289428454,2.761957174304583,1,1
4.919191919191919,3.89,4.919191919191919,4.172413793103448,Kinesthetic,4.372105005448939,2.0056191935124765,3.3308985391234742,1,1
3.6262626262626263,4.45,3.6262626262626263,2.2413793103448274,Kinesthetic,3.781038328217773,3.2712254596307924,3.147188312987793,0,1
3.101010101010101,3.03,3.101010101010101,2.655172413793103,Kinesthetic,3.007589895345272,1.9240990999578895,3.3232939763858313,0,1
3.787878787878788,3.68,3.787878787878788,3.206896551724138,Kinesthetic,3.6595818660294035,3.269541582291326,2.962477486491895,1,1
3.9494949494949494,4.64,3.9494949494949494,3.3448275862068964,Visual,4.157936396772449,3.1658429855013837,3.068541124674805,1,2
4.313131313131313,4.21,4.313131313131313,2.2413793103448274,Visual,3.971441387288429,2.55913185620364,3.3421052631578947,0,2
3.9494949494949494,3.67,3.9494949494949494,3.0689655172413794,Kinesthetic,3.70583045175125,3.5763180507166377,3.212227336401841,1,1
3.4242424242424243,4.81,3.4242424242424243,3.6206896551724137,Auditory,4.046652240268247,2.7308227262545786,3.1800080048028816,1,0
4.95959595959596,4.55,4.95959595959596,1.5517241379310345,Auditory,4.295178340202173,3.5140132197117433,2.6082649589753855,0,0
3.303030303030303,3.53,3.303030303030303,2.655172413793103,Kinesthetic,3.3076622866149163,4.707242036805843,3.039123474084451,0,1
4.434343434343434,4.29,4.434343434343434,3.3448275862068964,Visual,4.2170852734845,4.349357317311389,3.435361216730038,1,2
4.515151515151516,4.19,4.515151515151516,3.206896551724138,Auditory,4.189550780901775,3.795333297018105,2.71773063838303,1,0
4.595959595959596,3.8,4.595959595959596,2.103448275862069,Auditory,3.899779221139251,3.670431872105574,3.173003802281369,0,0
3.787878787878788,3.73,3.787878787878788,2.793103448275862,Auditory,3.6226394695915753,2.991367503094671,2.5048028817290375,0,0
4.3939393939393945,3.69,4.3939393939393945,3.206896551724138,Kinesthetic,3.9214396545995065,4.362716373290358,2.814588753251951,1,1
4.919191919191919,4.23,4.919191919191919,4.862068965517242,Auditory,4.617511346209554,3.027353244894858,3.0919551731038624,1,0
3.98989898989899,3.88,3.98989898989899,1.4137931034482758,Auditory,3.576849956004181,2.808781302246498,3.347708625175105,0,0
4.3939393939393945,4.66,4.3939393939393945,3.3448275862068964,Auditory,4.359689206790516,1.0073372260322706,2.8536121673003803,1,0
3.98989898989899,4.34,3.98989898989899,4.586206896551724,Auditory,4.224788509007495,2.319310403435857,3.4491695017010207,1,0
4.151515151515151,3.14,4.151515151515151,3.6206896551724137,Visual,3.642117820567781,4.286299196707087,2.9472683610166097,1,2
3.707070707070707,4.28,3.707070707070707,4.172413793103448,Kinesthetic,4.01923360818351,4.110086052617768,2.5400240144086452,1,1
4.838383838383838,3.54,4.838383838383838,4.172413793103448,Kinesthetic,4.187778561036582,1.4636541267693224,3.139983990394237,1,1
3.707070707070707,4.19,3.707070707070707,2.931034482758621,Visual,3.801302650555897,3.731991135055735,2.5512307384430657,1,2
3.0606060606060606,4.36,3.0606060606060606,2.3793103448275863,Visual,3.5202743018952107,4.8085994554023825,3.2498499099459677,0,2
4.3939393939393945,3.46,4.3939393939393945,2.5172413793103448,Kinesthetic,3.7262906708646573,4.809539155278353,3.428957374424655,0,1
3.6262626262626263,3.91,3.6262626262626263,2.103448275862069,Auditory,3.531912574847451,3.1307293759751027,2.948469081448869,0,0
4.636363636363637,3.38,4.636363636363637,2.655172413793103,Auditory,3.815173214256917,3.0714534766431205,3.1353812287372422,0,0
4.434343434343434,3.1,4.434343434343434,2.931034482758621,Kinesthetic,3.649728291501139,1.269459768608403,3.2216329797878727,0,1
4.313131313131313,3.76,4.313131313131313,4.586206896551724,Auditory,4.113779910980125,1.400563562105275,3.1676005603362016,1,0
3.1414141414141414,3.73,3.1414141414141414,2.931034482758621,Visual,3.361848934011,1.4087703736887733,3.479987992795677,2,2
4.313131313131313,4.99,4.313131313131313,4.724137931034482,Auditory,4.662344973521995,2.576289742623713,2.5826495897538524,1,0
3.5454545454545454,3.89,3.5454545454545454,1.5517241379310345,Auditory,3.409457411640074,4.285435656105898,2.903041825095057,0,0
3.8282828282828283,3.67,3.8282828282828283,4.0344827586206895,Auditory,3.7886783629003395,2.017057101141631,2.776365819491695,1,0
4.919191919191919,4.16,4.919191919191919,3.4827586206896552,Kinesthetic,4.389026345509351,3.117222321328098,2.719731839103462,1,1
3.787878787878788,3.18,3.787878787878788,4.448275862068965,Visual,3.6206452271931338,1.6697814670661828,3.1856113668200923,1,2
3.303030303030303,4.92,3.303030303030303,3.6206896551724137,Auditory,4.042824997141743,2.1560460640224854,3.2314388633179907,1,0
3.2626262626262625,4.27,3.2626262626262625,4.448275862068965,Kinesthetic,3.8637021319277074,2.006043065356738,2.6819091454872925,1,1
3.101010101010101,4.51,3.101010101010101,4.310344827586206,Auditory,3.877486007180228,4.701990973391035,2.5374224534720833,1,0
3.6666666666666665,3.34,3.6666666666666665,4.448275862068965,Visual,3.638734784444639,3.3640652893891287,3.3092855713428055,1,2
4.313131313131313,3.82,4.313131313131313,4.448275862068965,Auditory,4.120648131356304,3.2925424102185117,3.2516509905943565,1,0
4.919191919191919,3.85,4.919191919191919,2.793103448275862,Visual,4.155259126604108,2.7223756328465525,2.9032419451671005,0,2
3.4646464646464645,4.64,3.4646464646464645,4.724137931034482,Auditory,4.1498451411972,2.587727227142628,2.918651190714429,1,0
3.8686868686868685,3.0,3.8686868686868685,3.206896551724138,Visual,3.402911033763029,3.5398157005522037,3.2292375425255155,0,2
3.8686868686868685,3.6,3.8686868686868685,3.3448275862068964,Auditory,3.679429548912433,4.660480322018805,2.9262557534520712,1,0
4.838383838383838,4.96,4.838383838383838,3.7586206896551726,Visual,4.737312921553216,2.2005639415586864,2.5714428657194315,1,2
4.191919191919192,3.95,4.191919191919192,1.2758620689655173,Auditory,3.671562700822915,2.731905379262638,2.984690814488693,0,0
4.515151515151516,3.77,4.515151515151516,1.1379310344827587,Auditory,3.7112204659144794,2.1312523281658238,3.3519111466880127,0,0
4.515151515151516,3.24,4.515151515151516,1.0,Kinesthetic,3.4663469367943462,1.730677089058016,3.409545727436462,0,1
4.797979797979798,4.95,4.797979797979798,2.2413793103448274,Kinesthetic,4.497186639436045,2.2252349026316685,2.799579747848709,0,1
3.303030303030303,3.04,3.303030303030303,3.4827586206896552,Visual,3.21600109504793,2.7631744503635396,2.9318591154692815,1,2
4.070707070707071,4.47,4.070707070707071,3.206896551724138,Auditory,4.120299873412686,2.697859543924879,3.011306784070442,1,0
4.070707070707071,4.54,4.070707070707071,2.5172413793103448,Visual,4.048708774308944,2.1821725947642543,2.9686812087252354,0,2
4.353535353535353,3.49,4.353535353535353,1.0,Kinesthetic,3.503220908141323,4.365733279884854,3.0905543325995595,0,1
3.8282828282828283,4.34,3.8282828282828283,2.5172413793103448,Visual,3.8616343608338646,3.6004837756922954,2.747748649189514,0,2
4.191919191919192,3.19,4.191919191919192,3.206896551724138,Visual,3.6200327133940076,1.6794877398378756,2.694716830098059,0,2
4.313131313131313,3.51,4.313131313131313,4.172413793103448,Kinesthetic,3.9505844758699813,3.410342718202135,3.445967580548329,1,1
4.111111111111111,4.58,4.111111111111111,1.2758620689655173,Auditory,3.905229618864634,3.6035397144521255,3.293476085651391,0,0
4.878787878787879,4.73,4.878787878787879,2.3793103448275863,Visual,4.457684447627495,4.145169597933593,2.710126075645387,0,2
4.313131313131313,4.22,4.313131313131313,3.206896551724138,Kinesthetic,4.113886995296689,2.5945509499763695,3.2406443866319794,1,1
3.1818181818181817,4.01,3.1818181818181817,4.0344827586206895,Auditory,3.6601382707140186,3.4784987827286367,3.056333800280168,1,0
4.919191919191919,3.32,4.919191919191919,4.448275862068965,Kinesthetic,4.165953677622658,4.105218924231538,2.817790674404643,1,1
3.7474747474747474,3.13,3.7474747474747474,1.2758620689655173,Visual,3.128134358552095,3.789381329871921,3.27606563938363,0,2
3.1414141414141414,3.24,3.1414141414141414,1.9655172413793105,Auditory,3.013664833780441,2.7417522161324324,2.973884330598359,0,0
4.3939393939393945,3.45,4.3939393939393945,3.6206896551724137,Auditory,3.8809502339381696,2.8297278114748217,2.5872523514108465,1,0
4.95959595959596,3.68,4.95959595959596,1.4137931034482758,Kinesthetic,3.9060897133739547,2.8620330275073345,3.065939563738243,0,1
3.6666666666666665,3.76,3.6666666666666665,3.7586206896551726,Kinesthetic,3.7205825489601563,4.6848409971497595,2.8113868320992594,1,1
4.757575757575758,3.69,4.757575757575758,3.896551724137931,Kinesthetic,4.1781728011998895,4.141858807458568,3.2720632379427657,1,1
4.111111111111111,3.48,4.111111111111111,1.8275862068965516,Auditory,3.513607361916211,1.9024391131829272,2.760956573944367,0,0
4.191919191919192,4.02,4.191919191919192,2.793103448275862,Auditory,3.9181723577919465,1.993144226007275,2.9770862517510506,0,0
4.151515151515151,4.65,4.151515151515151,2.793103448275862,Visual,4.171337936031242,4.2483758366112925,2.536421853111867,1,2
4.838383838383838,3.56,4.838383838383838,1.4137931034482758,Auditory,3.801023692775524,2.199761814188426,2.817990794476686,0,0
3.2222222222222223,4.88,3.2222222222222223,3.0689655172413794,Visual,3.9128506140744923,2.4333247401730826,2.8175905543325994,1,2
4.3939393939393945,4.75,4.3939393939393945,4.172413793103448,Kinesthetic,4.513464563609246,3.624763691324447,2.631879127476486,1,1
4.636363636363637,3.32,4.636363636363637,4.862068965517242,Kinesthetic,4.105963591817258,4.648581902291957,2.531819091454873,1,1
4.474747474747475,4.57,4.474747474747475,3.896551724137931,Auditory,4.434064269846132,2.4746348144933332,3.291074644786872,1,0
3.9494949494949494,4.15,3.9494949494949494,5.0,Kinesthetic,4.185144163198778,1.5950171359890812,2.7023213928357013,1,1
4.151515151515151,4.13,4.151515151515151,1.0,Kinesthetic,3.6934282325105663,1.553919099122637,2.5104062437462478,0,1
4.95959595959596,3.78,4.95959595959596,3.206896551724138,Auditory,4.204563001265867,2.0768788923833865,2.9616770062037223,1,0
4.838383838383838,4.0,4.838383838383838,4.310344827586206,Visual,4.404630619689969,3.3574340965300378,2.7457474484690816,1,2
4.232323232323232,3.79,4.232323232323232,2.2413793103448274,Auditory,3.7602030959842554,3.438511022045701,2.707124274564739,0,0
4.3939393939393945,4.08,4.3939393939393945,3.896551724137931,Visual,4.188109374073682,2.1879632107792966,3.2408445067040224,1,2
4.313131313131313,4.26,4.313131313131313,3.0689655172413794,Auditory,4.110865681895876,2.878580194923285,3.309485691414849,1,0
3.8282828282828283,4.35,3.8282828282828283,3.0689655172413794,Auditory,3.9428052629348795,3.6410125040766084,3.4895937562537522,1,0
4.272727272727273,4.06,4.272727272727273,4.448275862068965,Kinesthetic,4.208763547943906,2.219142300412467,3.390334200520312,1,1
3.909090909090909,4.44,3.909090909090909,1.9655172413793105,Auditory,3.860188910374918,3.524821695944452,2.7529517710626377,0,0
4.313131313131313,3.28,4.313131313131313,4.862068965517242,Auditory,3.949875885794888,3.137909819309403,2.8770262157294377,1,0
3.101010101010101,3.42,3.101010101010101,1.8275862068965516,Visual,3.057501636477184,2.8234615770558635,2.862017210326196,0,2
3.707070707070707,4.64,3.707070707070707,4.724137931034482,Kinesthetic,4.251108582384603,2.223359073057435,3.1337802681608964,1,1
3.98989898989899,3.65,3.98989898989899,1.6896551724137931,Visual,3.5135028584556074,1.8199102357794552,3.2598559135481286,0,2
4.6767676767676765,3.05,4.6767676767676765,3.0689655172413794,Visual,3.748090213914447,4.776902631288477,2.968481088653192,0,2
4.232323232323232,3.31,4.232323232323232,3.6206896551724137,Kinesthetic,3.748629464307185,2.353197796574002,3.1832099259555733,1,1
3.101010101010101,3.45,3.101010101010101,3.0689655172413794,Kinesthetic,3.2448117753213643,2.8046363624181994,2.6634980988593155,2,1
4.595959595959596,4.91,4.595959595959596,1.8275862068965516,Kinesthetic,4.3370574745918375,2.6248988351274014,2.9876926155693417,0,1
4.838383838383838,4.15,4.838383838383838,2.103448275862069,Auditory,4.1509783377998115,4.100377594691073,2.6777066239743847,0,0
3.9494949494949494,4.87,3.9494949494949494,2.793103448275862,Kinesthetic,4.176853248516891,1.1563038320335728,2.6334800880528317,1,1
5.0,4.15,5.0,2.3793103448275863,Kinesthetic,4.261470063972476,2.061202004483353,3.4461677006203724,0,1
4.272727272727273,3.96,4.272727272727273,4.448275862068965,Kinesthetic,4.163226331582556,2.342996768970574,3.025115069041425,1,1
4.878787878787879,3.63,4.878787878787879,4.448275862068965,Visual,4.281000806513882,2.372850179083487,3.3469081448869322,1,2
3.8686868686868685,4.21,3.8686868686868685,2.793103448275862,Visual,3.8624842458481026,2.9562164203782366,3.405143085851511,1,2
3.909090909090909,3.28,3.909090909090909,1.8275862068965516,Auditory,3.3414352974106367,1.3073990665695638,2.663698218931359,0,0
3.0606060606060606,4.8,3.0606060606060606,1.0,Visual,3.5101982779392022,3.2944884364295697,2.937862717630578,0,2
4.070707070707071,4.66,4.070707070707071,4.448275862068965,Auditory,4.376627357862555,4.228730843419898,2.721332799679808,1,0
4.6767676767676765,3.64,4.6767676767676765,4.310344827586206,Visual,4.177976649307094,3.4005582510471433,2.9450670402241346,1,2
3.0606060606060606,4.91,3.0606060606060606,2.655172413793103,Kinesthetic,3.7933965373170073,1.7600789184469534,2.5394236541925155,1,1
4.03030303030303,4.65,4.03030303030303,3.6206896551724137,Visual,4.237543335796416,3.7180134413116384,3.0345207124274562,1,2
3.6666666666666665,4.33,3.6666666666666665,1.2758620689655173,Auditory,3.6105290548536795,4.152632783819969,3.198819291574945,0,0
4.595959595959596,3.24,4.595959595959596,3.6206896551724137,Visual,3.877019987114693,3.530893659615459,2.989893936361817,1,2
4.313131313131313,3.96,4.313131313131313,1.4137931034482758,Kinesthetic,3.7460844544472356,3.4182110210685295,2.5940564338603163,0,1
3.3434343434343434,4.01,3.3434343434343434,4.862068965517242,Auditory,3.847002474985825,4.263844170584626,2.889833900340204,1,0
4.717171717171717,3.47,4.717171717171717,4.448275862068965,Kinesthetic,4.142157023396628,2.7584444239039896,3.280268160896538,1,1
4.919191919191919,3.16,4.919191919191919,2.3793103448275863,Kinesthetic,3.802382638365593,2.9146975127356938,2.902241344806884,0,1
4.555555555555555,4.55,4.555555555555555,1.1379310344827587,Auditory,4.066419926282797,2.6345564643320034,3.2604562737642584,0,0
4.151515151515151,3.24,4.151515151515151,2.793103448275862,Kinesthetic,3.5685513165096694,2.770460162013886,3.3240944566740045,0,1
4.6767676767676765,4.19,4.6767676767676765,2.5172413793103448,Kinesthetic,4.159041273283431,3.755278689518991,3.2596557934760857,0,1
4.03030303030303,4.87,4.03030303030303,5.0,Visual,4.529943447744436,2.4986545620740928,3.298078847308385,1,2
4.3939393939393945,4.75,4.3939393939393945,3.206896551724138,Kinesthetic,4.377906555590082,3.607675664830542,2.546828096858115,1,1
5.0,3.56,5.0,2.5172413793103448,Kinesthetic,4.026251017400845,2.661893189333159,2.6857114268561135,0,1
3.98989898989899,4.7,3.98989898989899,4.448275862068965,Kinesthetic,4.360952093867647,4.5141971506086325,3.221833099859916,1,1
3.9494949494949494,3.0,3.9494949494949494,2.5172413793103448,Kinesthetic,3.3382458949311613,3.095222483222775,2.604462677606564,0,1
3.505050505050505,3.04,3.505050505050505,1.0,Auditory,2.945896910404437,2.717165974714816,3.205023013808285,0,0
3.2626262626262625,4.21,3.2626262626262625,2.655172413793103,Visual,3.579767169247011,1.6082311085095966,3.405743446067641,0,2
4.434343434343434,3.73,4.434343434343434,2.793103448275862,Kinesthetic,3.8978461523104775,3.610766934494813,3.4781869121472884,0,1
4.797979797979798,3.77,4.797979797979798,4.172413793103448,Kinesthetic,4.269302604856818,1.6141420383526714,2.825995597358415,1,1
3.787878787878788,4.13,3.787878787878788,5.0,Auditory,4.1071832725299515,3.950487511081267,3.4261556934160495,1,0
3.0202020202020203,3.38,3.0202020202020203,1.1379310344827587,Kinesthetic,2.90703311837714,3.1910013343785244,2.7633580148088854,0,1
3.303030303030303,3.42,3.303030303030303,2.5172413793103448,Auditory,3.2424091989134465,4.253731235127931,3.0717430458274966,0,0
4.838383838383838,3.97,4.838383838383838,4.448275862068965,Visual,4.410148128476238,1.8367609745561424,2.724934960976586,1,2
3.6262626262626263,4.51,3.6262626262626263,3.7586206896551726,Visual,4.0232756906437475,2.8738002665712026,3.0177106263758255,1,2
3.5454545454545454,4.24,3.5454545454545454,4.724137931034482,Kinesthetic,4.011069725120521,4.344280360212904,2.7047228337002203,1,1
3.4646464646464645,3.59,3.4646464646464645,3.0689655172413794,Kinesthetic,3.463862171514544,4.031987779891571,2.7757654592755654,1,1
3.909090909090909,3.86,3.909090909090909,1.4137931034482758,Kinesthetic,3.531869842253504,1.3822345832762202,3.1752051230738445,0,1
3.585858585858586,3.34,3.585858585858586,1.9655172413793105,Auditory,3.2495830786078654,2.9971409560709352,2.80398238943366,0,0
4.111111111111111,3.15,4.111111111111111,1.1379310344827587,Kinesthetic,3.274149036262654,2.625138971623551,2.545227136281769,0,1
4.353535353535353,4.57,4.353535353535353,2.2413793103448274,Kinesthetic,4.142594516487969,4.651574106060684,3.4941965179107464,0,1
3.0606060606060606,3.53,3.0606060606060606,2.103448275862069,Visual,3.1253701304013455,2.9278360848625455,2.678306984190514,0,2
4.272727272727273,3.36,4.272727272727273,4.0344827586206895,Kinesthetic,3.845608986272857,2.783786394959832,3.3148889333600158,1,1
3.909090909090909,4.38,3.909090909090909,2.931034482758621,Visual,3.9725736490638943,3.678231519114265,2.951671002601561,1,2
3.8686868686868685,4.24,3.8686868686868685,2.655172413793103,Kinesthetic,3.8527918665109753,2.819296160274758,3.057934760856514,0,1
3.98989898989899,4.27,3.98989898989899,4.0344827586206895,Visual,4.114759640628349,1.4905653275420803,2.5792475485291173,1,2
3.8686868686868685,3.46,3.8686868686868685,3.206896551724138,Kinesthetic,3.5980463981234894,2.0904948336918183,2.9158495097058235,1,1
3.8686868686868685,3.47,3.8686868686868685,5.0,Visual,3.8574191196338132,2.1213745039520893,3.449369621773064,1,2
4.95959595959596,3.44,4.95959595959596,3.0689655172413794,Auditory,4.038938453534728,3.47552430533392,3.3853311987192316,0,0
4.6767676767676765,3.35,4.6767676767676765,4.724137931034482,Visual,4.113850933615897,3.208798746526431,3.147788673203922,1,2
3.2222222222222223,4.31,3.2222222222222223,1.1379310344827587,Visual,3.391277105217052,4.0294750643260056,3.279067440464279,0,2
3.585858585858586,4.7,3.585858585858586,3.6206896551724137,Visual,4.066622960606368,3.335772356781105,2.901240744446668,1,2
4.717171717171717,4.45,4.717171717171717,3.6206896551724137,Kinesthetic,4.44544423210679,2.8581659668121437,2.9034420652391435,1,1
4.474747474747475,4.58,4.474747474747475,4.586206896551724,Kinesthetic,4.537573017622487,2.9487559649151613,3.1345807484490695,1,1
4.313131313131313,3.81,4.313131313131313,2.793103448275862,Kinesthetic,3.8801839945972856,3.4674449250048056,3.033920352211327,0,1
3.303030303030303,4.31,3.303030303030303,1.2758620689655173,Auditory,3.44420110718406,2.7860554451173143,2.8758254952971782,0,0
4.757575757575758,3.71,4.757575757575758,4.0344827586206895,Auditory,4.204661067716659,3.441973280888729,2.739343606163698,1,0
4.757575757575758,4.05,4.757575757575758,2.5172413793103448,Visual,4.134713769121351,2.862064965205536,2.8546127676605964,0,2
3.1818181818181817,3.96,3.1818181818181817,1.9655172413793105,Auditory,3.342968695149004,2.4394910824390963,2.5322193315989594,0,0
4.555555555555555,3.35,4.555555555555555,1.1379310344827587,Visual,3.552274367430364,4.428402749435807,3.2956774064438665,0,2
3.1414141414141414,3.77,3.1414141414141414,1.4137931034482758,Visual,3.165786869957784,3.162391830535435,2.8504102461476886,0,2
3.2222222222222223,4.93,3.2222222222222223,2.793103448275862,Visual,3.8918148239766626,2.2083316914423383,2.6550930558335,1,2
4.797979797979798,3.5,4.797979797979798,3.0689655172413794,Auditory,3.9934837796386318,3.7092881172995043,2.687912747648589,0,0
4.272727272727273,3.27,4.272727272727273,3.4827586206896552,Kinesthetic,3.7291089795069152,3.0134822322798027,3.1443866319791876,1,1
4.191919191919192,3.84,4.191919191919192,1.1379310344827587,Auditory,3.6035960485691354,1.4040378486704888,2.6078647188312987,0,0
4.878787878787879,4.58,4.878787878787879,2.5172413793103448,Visual,4.413661632976409,3.5073169657320213,3.483990394236542,0,2
4.3939393939393945,4.16,4.3939393939393945,4.862068965517242,Visual,4.362396646573608,4.071598029523008,2.792375425255153,1,2
4.595959595959596,4.36,4.595959595959596,2.793103448275862,Auditory,4.238118742797731,3.623759347030261,2.571042625575345,1,0
3.6262626262626263,3.38,3.6262626262626263,1.6896551724137931,Visual,3.2438017343213907,1.8107434979942567,3.2212327396437863,0,2
3.505050505050505,4.24,3.505050505050505,2.655172413793103,Visual,3.697716155284421,4.056383439737234,3.1649989993996397,0,2
5.0,3.65,5.0,1.4137931034482758,Auditory,3.907827924702446,2.334553664449107,2.546828096858115,0,0
4.6767676767676765,4.67,4.6767676767676765,3.896551724137931,Auditory,4.561810707167081,1.8891565421080685,2.809785871522914,1,0
4.191919191919192,4.26,4.191919191919192,3.3448275862068964,Auditory,4.099482571146985,3.842362625912491,2.9194516710026015,1,0
3.7474747474747474,3.4,3.7474747474747474,2.5172413793103448,Visual,3.421829041198052,1.892193204930522,3.343105863518111,0,2
3.6666666666666665,3.13,3.6666666666666665,3.6206896551724137,Visual,3.429769962033847,2.6113181051432908,2.9204522713628176,1,2
3.7474747474747474,3.09,3.7474747474747474,4.586206896551724,Kinesthetic,3.5834900563854517,3.233393302211244,2.834800880528317,1,1
4.111111111111111,3.74,4.111111111111111,3.896551724137931,Kinesthetic,3.9226194947674444,3.065558363086515,2.920252151290774,1,1
4.03030303030303,3.53,4.03030303030303,5.0,Auditory,3.9551451301192815,4.760781295317804,3.231839103462077,1,0
4.474747474747475,4.29,4.474747474747475,3.7586206896551726,Kinesthetic,4.2942005506675205,1.5632233217821647,3.43115869521713,1,1
4.03030303030303,4.0,4.03030303030303,3.4827586206896552,Visual,3.938524388781494,4.249048579411942,3.2196317790674405,1,2
3.909090909090909,3.53,3.909090909090909,1.9655172413793105,Kinesthetic,3.4698436623834743,1.361716238712032,3.250050030018011,0,1
3.3434343434343434,3.3,3.3434343434343434,1.8275862068965516,Visual,3.1076165578429484,3.409643116748037,3.134980988593156,0,2
3.4646464646464645,3.25,3.4646464646464645,3.0689655172413794,Auditory,3.318014783900782,2.632466087667033,2.863217930758455,0,0
3.0202020202020203,4.73,3.0202020202020203,3.4827586206896552,Auditory,3.818761004876889,2.9995840993774743,3.268661196718031,1,0
3.0202020202020203,3.49,3.0202020202020203,1.6896551724137931,Visual,3.0301612919212935,2.8123372030037648,2.901240744446668,0,2
4.878787878787879,4.3,4.878787878787879,3.6206896551724137,Kinesthetic,4.452473882714552,2.8275962734448106,3.399139483690214,1,1
4.353535353535353,4.62,4.353535353535353,4.586206896551724,Auditory,4.501561217867912,4.017101992380555,2.634880928557134,1,0
4.272727272727273,4.23,4.272727272727273,3.7586206896551726,Auditory,4.180184339277916,1.8107445701913985,2.577246347808685,1,0
4.919191919191919,4.72,4.919191919191919,2.3793103448275863,Kinesthetic,4.470611070326431,3.0005449221997487,2.9318591154692815,0,1
3.98989898989899,3.78,3.98989898989899,1.5517241379310345,Kinesthetic,3.5536833481141215,3.8266114840705847,3.032519511707024,0,1
4.595959595959596,4.91,4.595959595959596,3.0689655172413794,Visual,4.513453921287694,3.831174227472913,2.913047828697218,1,2
4.797979797979798,3.27,4.797979797979798,1.8275862068965516,Kinesthetic,3.7171993751292183,4.146636948148649,3.270662397438463,0,1
3.0202020202020203,3.2,3.0202020202020203,4.586206896551724,Kinesthetic,3.3228157335861446,4.093951838439316,3.150990594356614,1,1
3.6262626262626263,4.32,3.6262626262626263,1.5517241379310345,Kinesthetic,3.6260949848519393,2.85213865612569,3.496397838703222,0,1
4.555555555555555,4.89,4.555555555555555,2.3793103448275863,Visual,4.386137694281975,4.2241968072513085,3.4277566539923954,0,2
3.1818181818181817,4.62,3.1818181818181817,2.931034482758621,Visual,3.7613985425758765,2.880881073172985,3.353712227336402,1,2
3.8686868686868685,3.15,3.8686868686868685,1.2758620689655173,Auditory,3.1914891188077763,3.007465706590759,2.647888733239944,0,0
4.151515151515151,3.56,4.151515151515151,4.448275862068965,Visual,3.9398610857461023,1.9400084868126726,2.7803682209325595,1,2
3.101010101010101,4.86,3.101010101010101,1.5517241379310345,Auditory,3.6338096785697545,3.6578321388750608,3.1521913147888734,0,0
3.4646464646464645,3.51,3.4646464646464645,4.0344827586206895,Kinesthetic,3.5638246784806844,3.7872100282271868,2.9556734040424253,1,1
4.03030303030303,4.56,4.03030303030303,3.7586206896551726,Auditory,4.219507474755111,3.703601285780617,3.281268761256754,1,0
3.6262626262626263,4.65,3.6262626262626263,1.5517241379310345,Auditory,3.7687578846130196,3.0807719770093547,3.2850710426255754,0,0
4.474747474747475,3.99,4.474747474747475,2.103448275862069,Kinesthetic,3.928629045838626,2.1572972344251413,3.343305983590154,0,1
3.8686868686868685,3.77,3.8686868686868685,2.931034482758621,Auditory,3.693598363987017,3.7835966839947424,3.14578747248349,0,0
4.151515151515151,3.9,4.151515151515151,1.2758620689655173,Visual,3.6330220168613616,3.865363901193665,3.0665399239543727,0,2
3.5454545454545454,3.45,3.5454545454545454,4.862068965517242,Visual,3.694317252581866,2.5474594698313107,3.2520512307384433,1,2
4.111111111111111,4.78,4.111111111111111,1.6896551724137931,Visual,4.051333428931455,4.601425531262545,3.0027016209725836,0,2
3.1818181818181817,3.9,3.1818181818181817,3.206896551724138,Visual,3.4937241482224612,4.473193920496578,2.930458274964979,1,2
4.878787878787879,4.76,4.878787878787879,4.448275862068965,Auditory,4.768485163024172,3.881187298743671,3.2354412647588555,1,0
4.95959595959596,3.21,4.95959595959596,3.7586206896551726,Auditory,4.038795635411528,2.0986275315835394,3.049329597758655,1,0
4.191919191919192,4.98,4.191919191919192,1.9655172413793105,Kinesthetic,4.210132349019668,3.3323876184106553,3.2736641985191115,0,1
4.838383838383838,3.89,4.838383838383838,3.7586206896551726,Auditory,4.2762015327812,1.7135827906554852,3.2532519511707023,1,0
3.1818181818181817,3.1,3.1818181818181817,4.310344827586206,Auditory,3.3061120422007693,2.5598297498179594,2.944666800080048,1,0
3.4646464646464645,3.08,3.4646464646464645,2.3793103448275863,Auditory,3.143054404027388,1.9608631807882948,3.058735241144687,0,0
3.6262626262626263,4.49,3.6262626262626263,1.6896551724137931,Kinesthetic,3.7208123708703864,4.409758454704797,2.8396037622573544,0,1
4.03030303030303,4.32,4.03030303030303,1.9655172413793105,Visual,3.8586627910729265,3.084380015680596,3.1928156894136484,0,2
4.03030303030303,4.6,4.03030303030303,2.2413793103448274,Auditory,4.020724535717063,1.951513269069028,3.313087852711627,0,0
4.919191919191919,3.21,4.919191919191919,4.172413793103448,Kinesthetic,4.080313536342291,2.690749458769291,2.804982989793876,1,1
3.8282828282828283,3.07,3.8282828282828283,4.862068965517242,Kinesthetic,3.6514775217970024,3.5003467135326902,3.4525715429257553,1,1
4.555555555555555,4.02,4.555555555555555,1.2758620689655173,Kinesthetic,3.8562863531882363,4.261525253305075,2.5064038423053834,0,1
4.434343434343434,3.78,4.434343434343434,4.0344827586206895,Visual,4.09472635007823,3.488009471857852,3.3054832899739846,1,2
4.313131313131313,3.92,4.313131313131313,2.793103448275862,Auditory,3.929168429670791,3.4283042357447187,3.0135081048629178,0,0
4.191919191919192,4.98,4.191919191919192,4.0344827586206895,Kinesthetic,4.508538683942844,3.7390638156137457,3.0609365619371625,1,1
4.474747474747475,4.94,4.474747474747475,2.793103448275862,Visual,4.434549374077473,3.4089796356899384,3.279667800680408,1,2
3.909090909090909,4.88,3.909090909090909,2.2413793103448274,Kinesthetic,4.088934910808102,2.2698593712686566,3.242245347208325,0,1
3.3838383838383836,4.57,3.3838383838383836,2.5172413793103448,Kinesthetic,3.7674017987759343,4.49477102609506,2.6438863317990795,0,1
3.1818181818181817,3.71,3.1818181818181817,1.6896551724137931,Kinesthetic,3.194879697058526,3.738191970698293,3.4163498098859315,0,1
4.434343434343434,3.82,4.434343434343434,2.5172413793103448,Kinesthetic,3.899008180559611,4.103863441994031,2.6945167100260154,0,1
4.353535353535353,4.1,4.353535353535353,4.0344827586206895,Kinesthetic,4.1989692973629,3.863167837143762,3.244046427856714,1,1
4.232323232323232,4.66,4.232323232323232,2.793103448275862,Visual,4.2104685548106575,3.617815332205377,3.3809285571342804,1,2
3.3838383838383836,3.14,3.3838383838383836,1.1379310344827587,Auditory,2.9573890258725024,3.378230604221362,3.4109465679407647,0,0
3.7474747474747474,3.85,3.7474747474747474,2.103448275862069,Auditory,3.55595054765652,4.036485948853496,2.9416649989994,0,0
4.272727272727273,3.17,4.272727272727273,2.2413793103448274,Auditory,3.5078953013260374,2.757639996205521,3.385731438863318,0,0
3.0202020202020203,4.03,3.0202020202020203,4.448275862068965,Auditory,3.6566896345880138,2.4321878181510526,3.364518711226736,1,0
3.1818181818181817,4.8,3.1818181818181817,3.206896551724138,Visual,3.877965148745156,3.9343058645414217,3.1063638182909745,1,2
4.797979797979798,4.56,4.797979797979798,3.206896551724138,Visual,4.470820784721022,4.122412816931631,3.2154292575545327,1,2
3.1414141414141414,3.46,3.1414141414141414,1.2758620689655173,Visual,3.009594142638086,4.097710745679393,3.123574144486692,0,2
3.6262626262626263,4.95,3.6262626262626263,5.0,Kinesthetic,4.390676139482948,3.1564860033311897,3.1573944366619973,1,1
3.9494949494949494,4.33,3.9494949494949494,3.4827586206896552,Kinesthetic,4.047906551064725,1.5319726142843462,2.628677206323794,1,1
3.6262626262626263,3.02,3.6262626262626263,1.0,Kinesthetic,2.9916220107389,3.9886472951077336,3.4427656593956373,0,1
3.0606060606060606,3.51,3.0606060606060606,2.5172413793103448,Auditory,3.1759343527485493,4.220750431626939,2.5388232939763857,0,0
4.95959595959596,3.52,4.95959595959596,1.8275862068965516,Kinesthetic,3.8958076978862755,2.2803040658457077,3.299679807884731,0,1
4.111111111111111,3.14,4.111111111111111,1.4137931034482758,Auditory,3.3089503249281096,2.588283665413262,2.5976585951570943,0,0
4.272727272727273,4.92,4.272727272727273,2.2413793103448274,Kinesthetic,4.259788605283175,3.241172834955774,2.9410646387832697,0,1
4.070707070707071,3.96,4.070707070707071,2.655172413793103,Auditory,3.8195464847671228,2.7991369276097613,3.0317190314188514,0,0
3.787878787878788,4.79,3.787878787878788,1.1379310344827587,Kinesthetic,3.8394935689072014,2.1587625793130387,3.155593356013608,0,1
3.9494949494949494,3.64,3.9494949494949494,2.2413793103448274,Kinesthetic,3.5747367399282064,2.733967856123147,2.720532319391635,0,1
3.4646464646464645,3.25,3.4646464646464645,3.7586206896551726,Visual,3.4148516437416467,2.5933112816891244,2.7483490094056435,1,2
5.0,3.95,5.0,3.896551724137931,Kinesthetic,4.391795483367888,2.18590239094797,2.6030618371022616,1,1
4.3939393939393945,3.23,4.3939393939393945,4.310344827586206,Kinesthetic,3.8822718310986133,2.561707621571082,2.5784470682409446,1,1
4.313131313131313,3.97,4.313131313131313,1.4137931034482758,Visual,3.7527542943867793,3.7096100644563643,2.6260756453872323,0,2
4.313131313131313,4.84,4.313131313131313,3.3448275862068964,Auditory,4.4008578018453255,2.088628363126264,3.2436461877126277,1,0
4.717171717171717,4.04,4.717171717171717,1.5517241379310345,Visual,3.975406877207352,1.6547024256381633,2.8696217730638383,0,2
4.474747474747475,4.23,4.474747474747475,3.4827586206896552,Visual,4.229428486614654,1.6927629728439855,3.031318791274765,1,2
3.4646464646464645,3.31,3.4646464646464645,1.1379310344827587,Auditory,3.067385864323572,3.549221635299059,2.6959175505303183,0,0
3.101010101010101,3.09,3.101010101010101,2.5172413793103448,Kinesthetic,3.011812205374352,3.1557268729478327,3.40634380628377,0,1
3.0202020202020203,3.22,3.0202020202020203,3.206896551724138,Auditory,3.133192912201291,3.114830437894051,3.1808084850910547,2,0
4.313131313131313,4.2,4.313131313131313,2.2413793103448274,Kinesthetic,3.9674232434064227,2.7968208335369193,3.2746647988793276,0,1
4.595959595959596,3.19,4.595959595959596,1.1379310344827587,Kinesthetic,3.4994114309021964,2.7853798017724793,2.5554332599559735,0,1
3.3838383838383836,3.75,3.3838383838383836,1.6896551724137931,Auditory,3.299589666225259,3.144687755488106,2.5464278567140286,0,0
4.717171717171717,4.1,4.717171717171717,1.9655172413793105,Visual,4.059654862234771,3.2286648616208127,2.8105863518110867,0,2
4.757575757575758,3.78,4.757575757575758,4.862068965517242,Auditory,4.352387575717657,4.433626029802172,3.154392635581349,1,0
4.151515151515151,3.33,4.151515151515151,3.4827586206896552,Kinesthetic,3.702772412003845,3.289082795410947,2.9820892535521315,1,1
3.505050505050505,3.55,3.505050505050505,2.3793103448275863,Auditory,3.36245852929482,4.34287061097917,3.2028216930158093,0,0
3.4646464646464645,4.86,3.4646464646464645,4.310344827586206,Auditory,4.182027059802437,3.6964787685314597,2.5050030018010805,1,0
4.232323232323232,4.35,4.232323232323232,2.5172413793103448,Kinesthetic,4.038586389971168,2.1576966397403554,2.592055233139884,0,1
4.838383838383838,3.99,4.838383838383838,2.103448275862069,Visual,4.084983831870415,2.736027129248987,3.2532519511707023,0,2
3.0606060606060606,3.03,3.0606060606060606,1.1379310344827587,Auditory,2.7708626508889003,2.532933805901412,3.1866119671803084,0,0
5.0,4.98,5.0,1.9655172413793105,Kinesthetic,4.5600013777594475,2.3703399051682945,3.197018210926556,0,1
4.3939393939393945,4.34,4.3939393939393945,4.448275862068965,Kinesthetic,4.379831950465001,3.129780236974287,2.8990394236541928,1,1
3.909090909090909,3.63,3.909090909090909,2.3793103448275863,Auditory,3.5725882765957118,2.998086375016244,2.5980588353011806,0,0
3.6666666666666665,4.76,3.6666666666666665,4.724137931034482,Visual,4.285678555860216,2.975492580520237,2.7145287172303383,1,2
4.03030303030303,3.52,4.03030303030303,3.7586206896551726,Auditory,3.7714456431878816,3.144544608887789,3.134980988593156,1,0
3.303030303030303,4.09,3.303030303030303,1.4137931034482758,Visual,3.369569069662242,1.3913790569011704,2.5430258154892935,0,2
4.151515151515151,4.27,4.151515151515151,2.2413793103448274,Visual,3.930335621038462,2.5512533772408212,2.8448068841304783,0,2
4.03030303030303,3.44,4.03030303030303,3.7586206896551726,Visual,3.739415715612376,2.0680631424125098,2.8185911546928155,1,2
3.3838383838383836,4.96,3.3838383838383836,3.6206896551724137,Visual,4.0917983542130205,2.192746497585496,3.021512907744647,1,2
4.03030303030303,4.5,4.03030303030303,3.0689655172413794,Auditory,4.092718006289208,2.044972695512313,2.5316189713828297,1,0
4.353535353535353,4.12,4.353535353535353,1.9655172413793105,Kinesthetic,3.9104289507216836,4.6014864666820205,3.456774064438663,0,1
4.636363636363637,3.36,4.636363636363637,1.4137931034482758,Kinesthetic,3.629493085941571,1.5469008492102856,3.1629977986792075,0,1
3.2626262626262625,3.11,3.2626262626262625,4.862068965517242,Kinesthetic,3.424728142197741,4.523602917093166,3.068541124674805,1,1
3.1414141414141414,3.64,3.1414141414141414,2.2413793103448274,Kinesthetic,3.226568675673307,2.578516369128496,2.8554132479487695,0,1
5.0,4.51,5.0,2.5172413793103448,Kinesthetic,4.433766484970109,3.648704295808538,2.9106463878326996,0,1
4.797979797979798,3.54,4.797979797979798,4.862068965517242,Kinesthetic,4.267428021324113,3.134835961573637,2.9592755653392038,1,1
3.4242424242424243,4.08,3.4242424242424243,2.793103448275862,Auditory,3.614738291996595,3.943734991017719,2.839403642185311,0,0
4.151515151515151,4.46,4.151515151515151,3.0689655172413794,Visual,4.127313433167328,3.6311132463005067,3.098959375625375,1,2
4.434343434343434,3.22,4.434343434343434,3.896551724137931,Kinesthetic,3.835320616435289,4.076466282807109,2.9940964578747247,1,1
3.98989898989899,4.37,3.98989898989899,3.3448275862068964,Auditory,4.060901807514158,3.1638451956297002,2.8894336601961177,1,0
3.8282828282828283,3.18,3.8282828282828283,3.7586206896551726,Kinesthetic,3.542099214394846,2.374787339193516,3.2622573544126476,1,1
4.434343434343434,4.93,4.434343434343434,3.896551724137931,Kinesthetic,4.570051497132887,3.873412370251291,3.0569341604962976,1,1
3.3838383838383836,3.98,3.3838383838383836,3.7586206896551726,Visual,3.6915000887942804,4.101674337848072,3.2292375425255155,1,2
4.474747474747475,3.3,4.474747474747475,2.5172413793103448,Visual,3.692220064258862,3.062110253263748,3.0003001801080647,0,2
3.3434343434343434,3.68,3.3434343434343434,3.3448275862068964,Visual,3.489918918958744,1.9643075825331322,3.2294376625975585,1,2
3.9494949494949494,3.83,3.9494949494949494,5.0,Kinesthetic,4.046997649179488,3.84874975870556,3.0293175905543324,1,1
4.3939393939393945,4.52,4.3939393939393945,1.8275862068965516,Kinesthetic,4.079787779310565,3.1692559305146455,2.9700820492295374,0,1
4.95959595959596,4.49,4.95959595959596,3.6206896551724137,Kinesthetic,4.565717178631422,3.6709963479906604,2.886631979187513,1,1
4.3939393939393945,4.22,4.3939393939393945,4.172413793103448,Visual,4.2894107152779455,3.643345126222603,3.159195517310386,1,2
4.919191919191919,3.21,4.919191919191919,4.0344827586206895,Auditory,4.0610918273639145,3.513690375047607,2.851610966579948,1,0
4.434343434343434,3.3,4.434343434343434,1.8275862068965516,Kinesthetic,3.577147534207557,3.561205644326551,2.72333400040024,0,1
3.707070707070707,3.19,3.707070707070707,2.103448275862069,Kinesthetic,3.2553145601353615,1.946947630416449,3.0137082249349607,0,1
4.95959595959596,4.15,4.95959595959596,1.0,Kinesthetic,4.048832082644741,3.2688104935431497,3.200220132079248,0,1
4.555555555555555,4.75,4.555555555555555,4.448275862068965,Auditory,4.625396168257723,4.045389727458646,2.598459075445267,1,0
4.272727272727273,3.87,4.272727272727273,1.6896551724137931,Kinesthetic,3.730091437732035,4.263821852145537,3.161596958174905,0,1
3.9494949494949494,3.32,3.9494949494949494,1.6896551724137931,Auditory,3.35760415209216,3.4591864950899653,2.6238743245947567,0,0
3.909090909090909,4.12,3.909090909090909,3.896551724137931,Kinesthetic,3.996011200329208,3.4110675894873075,3.146788072843706,1,1
4.272727272727273,4.62,4.272727272727273,4.862068965517242,Auditory,4.507252012127617,3.8563885773660744,3.2650590354212525,1,0
4.474747474747475,4.48,4.474747474747475,2.5172413793103448,Kinesthetic,4.198822310375765,3.5174612712496014,2.9762857714628774,0,1
3.4646464646464645,4.76,3.4646464646464645,3.896551724137931,Visual,4.082742256589636,2.7386939225952425,2.8093856313788272,1,2
4.95959595959596,3.56,4.95959595959596,2.5172413793103448,Visual,4.0090631202273475,4.217628583660651,3.492195317190314,0,2
3.505050505050505,3.39,3.505050505050505,2.2413793103448274,Visual,3.2743220041575705,1.2788599289526519,3.213027816690014,0,2
3.909090909090909,4.76,3.909090909090909,4.0344827586206895,Visual,4.291522057363578,2.9171337157391384,2.821192715629378,1,2
3.98989898989899,4.32,3.98989898989899,5.0,Kinesthetic,4.273579835195015,2.702776303071881,3.2508505103061838,1,1
4.3939393939393945,3.62,4.3939393939393945,4.448275862068965,Visual,4.070809660561782,2.707558108782316,3.435561336802081,1,2
4.636363636363637,4.48,4.636363636363637,1.6896551724137931,Auditory,4.150404912134251,2.092358819407595,2.8782269361616972,0,0
4.191919191919192,4.63,4.191919191919192,3.206896551724138,Visual,4.2390520620519885,2.320602656968495,2.755153091855113,1,2
3.6666666666666665,4.23,3.6666666666666665,3.4827586206896552,Visual,3.8818040089623502,2.8295720386434917,3.048929357614569,1,2
4.95959595959596,4.38,4.95959595959596,3.3448275862068964,Visual,4.478702874896324,2.650077441327332,2.998899339603762,1,2
3.787878787878788,3.75,3.787878787878788,1.6896551724137931,Kinesthetic,3.472121566100879,4.208805042223882,2.5712427456473885,0,1
4.919191919191919,4.08,4.919191919191919,4.172413793103448,Visual,4.451737650676777,4.114242089899037,2.6739043426055633,1,2
3.98989898989899,4.05,3.98989898989899,3.4827586206896552,Auditory,3.942487230677657,3.6336819949240593,2.677106263758255,1,0
3.8686868686868685,4.7,3.8686868686868685,2.2413793103448274,Visual,3.990818094741438,1.43484977493261,2.900440264158495,0,2
3.505050505050505,4.68,3.505050505050505,4.172413793103448,Visual,4.1039070271354365,3.682345177388028,2.756754052431459,1,2
3.7474747474747474,4.67,3.7474747474747474,1.9655172413793105,Visual,3.8862891856979727,4.045270541845705,2.6238743245947567,0,2
4.95959595959596,3.02,4.95959595959596,3.7586206896551726,Auditory,3.957656893431121,3.481483857351774,2.6765059035421253,1,0
4.434343434343434,4.5,4.434343434343434,4.172413793103448,Visual,4.424673857563868,3.059393652108878,2.6592955773464078,1,2
3.4646464646464645,4.52,3.4646464646464645,1.6896551724137931,Auditory,3.662236129574174,2.8374586093477703,3.2288373023814287,0,0
4.636363636363637,4.36,4.636363636363637,3.7586206896551726,Auditory,4.391140647982419,2.102064671272628,3.185411246748049,1,0
3.7474747474747474,4.51,3.7474747474747474,4.310344827586206,Visual,4.155765288194166,2.5282556453684153,2.7593556133680206,1,2
3.4646464646464645,4.68,3.4646464646464645,5.0,Auditory,4.2065373747028065,3.5908703031052065,3.443366019611767,1,0
3.3434343434343434,3.94,3.3434343434343434,1.8275862068965516,Kinesthetic,3.3828290802586136,3.417539994039406,2.548829297578547,0,1
3.2626262626262625,4.0,3.2626262626262625,4.172413793103448,Visual,3.7103705517018457,3.3324190039317427,3.079347608565139,1,2
4.111111111111111,3.25,4.111111111111111,1.0,Visual,3.297373953543097,3.6683418200520705,2.685911546928157,0,2
3.5454545454545454,3.77,3.5454545454545454,4.586206896551724,Auditory,3.7906894044570763,4.517317827211232,2.6038623173904343,1,0
4.232323232323232,4.29,4.232323232323232,3.3448275862068964,Auditory,4.128855480378186,2.911139337801913,3.1427856714028417,1,0
3.7474747474747474,4.56,3.7474747474747474,4.172413793103448,Visual,4.156748098915905,3.847010386719809,2.9820892535521315,1,2
4.878787878787879,3.43,4.878787878787879,4.724137931034482,Kinesthetic,4.237679450506483,2.956089772293829,2.5014008405043024,1,1
3.6262626262626263,3.28,3.6262626262626263,4.310344827586206,Auditory,3.573724300189928,4.476933682974846,3.0053031819091456,1,0
3.1818181818181817,4.33,3.1818181818181817,3.6206896551724137,Auditory,3.7349137468042732,1.9468313182525965,3.1850110066039625,1,0
4.3939393939393945,3.0,4.3939393939393945,2.5172413793103448,Kinesthetic,3.5300484088968562,4.6593344601358675,2.9040424254552732,0,1
3.4646464646464645,3.36,3.4646464646464645,3.0689655172413794,Kinesthetic,3.3618772024321077,4.247603177782726,3.418551130678407,0,1
3.98989898989899,3.06,3.98989898989899,2.2413793103448274,Visual,3.3407863660150743,2.7631982059564963,3.3569141484890936,0,2
3.8282828282828283,3.33,3.8282828282828283,4.586206896551724,Kinesthetic,3.724623726932776,3.814575313407276,3.2338403041825092,1,1
4.434343434343434,3.36,4.434343434343434,2.2413793103448274,Visual,3.6617607561325944,2.913227551184736,3.2346407844706824,0,2
3.909090909090909,3.78,3.909090909090909,2.793103448275862,Kinesthetic,3.692345392007279,3.3640617359172325,3.0605363217930757,0,1
3.6262626262626263,3.8,3.6262626262626263,4.310344827586206,Auditory,3.800442207784774,2.266249296388657,2.517010206123674,1,0
4.555555555555555,4.75,4.555555555555555,3.6206896551724137,Visual,4.504704449357215,1.529959178759642,3.123374024414649,1,2
4.797979797979798,4.02,4.797979797979798,2.2413793103448274,Visual,4.099425282753882,1.911135711461863,3.3469081448869322,0,2
4.6767676767676765,4.45,4.6767676767676765,2.2413793103448274,Visual,4.230301562045939,2.960004419479872,2.9938963378026817,0,2
4.555555555555555,3.21,4.555555555555555,4.448275862068965,Kinesthetic,3.9628238108939082,4.10255550105856,3.2242345407244346,1,1
3.5454545454545454,3.45,3.5454545454545454,4.310344827586206,Auditory,3.614191570961715,1.686826069682462,2.827396437862718,1,0
4.232323232323232,4.41,4.232323232323232,2.3793103448275863,Visual,4.041991526809906,4.614172204910064,3.2170302181308785,0,2
3.1818181818181817,3.11,3.1818181818181817,4.0344827586206895,Visual,3.2709658666980572,1.964633885075458,3.302281368821293,1,2
4.3939393939393945,3.97,4.3939393939393945,1.1379310344827587,Visual,3.748476455680494,2.6162452368843674,3.1655993596157694,0,2
3.909090909090909,4.2,3.909090909090909,4.310344827586206,Visual,4.090547335548076,3.797106701619416,2.943866319791875,1,2
4.151515151515151,4.2,4.151515151515151,3.6206896551724137,Auditory,4.0983012820046785,2.3273911013193227,2.943666199719832,1,0
4.717171717171717,3.05,4.717171717171717,1.9655172413793105,Kinesthetic,3.6078041800718164,2.774469494211107,3.4939963978387034,0,1
3.4242424242424243,3.64,3.4242424242424243,5.0,Auditory,3.743625042586055,3.3486921239430516,2.9740844506704023,1,0
3.707070707070707,4.27,3.707070707070707,4.0344827586206895,Visual,3.996376969446819,2.5595917431150306,3.228036822093256,1,2
4.878787878787879,3.3,4.878787878787879,4.862068965517242,Auditory,4.198918716968048,3.986538539461325,3.0009005403241944,1,0
3.4646464646464645,4.39,3.4646464646464645,1.8275862068965516,Visual,3.627717070114895,1.1472902018721178,2.688713227936762,0,2
3.3434343434343434,4.49,3.3434343434343434,1.9655172413793105,Kinesthetic,3.638767360652056,4.705993019992826,3.0677406443866317,0,1
3.3838383838383836,4.96,3.3838383838383836,1.0,Kinesthetic,3.7204757563131463,2.783318618962592,3.032319391634981,0,1
4.757575757575758,3.42,4.757575757575758,3.7586206896551726,Kinesthetic,4.041485704502986,2.037352649761883,3.087552531518911,1,1
3.6666666666666665,4.65,3.6666666666666665,1.1379310344827587,Visual,3.726959291497064,2.8869331605050967,3.389333600160096,0,2
4.515151515151516,4.04,4.515151515151516,3.3448275862068964,Auditory,4.144580227596196,3.984557154416384,3.289873924354613,1,0
3.2626262626262625,3.75,3.2626262626262625,2.931034482758621,Kinesthetic,3.42281269250035,3.1968362665068786,2.8354012407444467,0,1
4.838383838383838,3.24,4.838383838383838,1.0,Visual,3.607058865586083,2.2649914476381108,2.739343606163698,0,2
3.505050505050505,4.47,3.505050505050505,1.5517241379310345,Visual,3.6399870417153966,2.0683643539036582,3.3214928957374426,0,2
4.595959595959596,3.47,4.595959595959596,1.1379310344827587,Auditory,3.62013648817481,3.9702321324584937,3.0577346407844708,0,0
4.6767676767676765,3.74,4.6767676767676765,3.6206896551724137,Kinesthetic,4.125646385244816,3.376959935875302,2.792375425255153,1,1
3.3434343434343434,3.13,3.3434343434343434,1.2758620689655173,Visual,2.9544883515218223,3.7148772301794493,3.1639983990394236,0,2
5.0,4.6,5.0,3.4827586206896552,Auditory,4.612994302229538,1.4149107374203587,2.6332799679807883,1,0
4.070707070707071,4.53,4.070707070707071,3.3448275862068964,Kinesthetic,4.165211420308282,3.674004248398436,2.9354612767660595,1,1
3.0606060606060606,4.47,3.0606060606060606,4.862068965517242,Auditory,3.920797446798471,4.434216073034546,3.2490494296577945,1,0
3.1818181818181817,3.6,3.1818181818181817,3.896551724137931,Auditory,3.462666761791971,3.483085034194832,2.6200720432259357,1,0
4.151515151515151,3.35,4.151515151515151,3.3448275862068964,Visual,3.691464783764013,2.329803794255658,3.0307184310586353,1,2
4.474747474747475,4.28,4.474747474747475,2.793103448275862,Visual,4.148952208477096,2.773568533471182,3.3849309585751453,1,2
4.515151515151516,3.99,4.515151515151516,5.0,Visual,4.36035040716198,3.8871385257210713,3.265259155493296,1,2
3.7474747474747474,3.36,3.7474747474747474,4.172413793103448,Auditory,3.6406218338507914,2.554652708666274,3.2816690014008403,1,0
3.303030303030303,4.37,3.303030303030303,1.9655172413793105,Visual,3.570010825252772,1.9563892951175474,2.6959175505303183,0,2
4.919191919191919,4.98,4.919191919191919,4.862068965517242,Auditory,4.938057616288688,1.316549358943927,2.9904942965779466,1,0
4.797979797979798,4.49,4.797979797979798,5.0,Auditory,4.6967509886273735,2.2638080684353783,2.625675405243146,1,0
3.0202020202020203,4.48,3.0202020202020203,2.5172413793103448,Visual,3.5739665371471534,3.2734626829909947,2.825995597358415,2,2
3.8686868686868685,4.9,3.8686868686868685,3.7586206896551726,Kinesthetic,4.295222544757047,2.7301783486831575,3.2396437862717633,1,1
3.6666666666666665,3.41,3.6666666666666665,2.2413793103448274,Kinesthetic,3.3512853593991774,4.384057758456106,3.186411847108265,0,1
3.2626262626262625,4.13,3.2626262626262625,4.0344827586206895,Kinesthetic,3.7450944765754457,4.3091523671699665,3.235241144686812,1,1
3.98989898989899,4.96,3.98989898989899,3.6206896551724137,Auditory,4.352609559296098,2.248386301645333,3.286271763057835,1,0
4.797979797979798,3.33,4.797979797979798,3.206896551724138,Auditory,3.9418000873549395,3.831972353370285,3.0533319991995196,1,0
3.1414141414141414,4.4,3.1414141414141414,2.3793103448275863,Auditory,3.5721520751053046,3.287488408839656,3.374324594756854,0,0
4.434343434343434,4.17,4.434343434343434,1.1379310344827587,Visual,3.8508317447634965,2.445812075731001,3.45657394436662,0,2
3.2222222222222223,4.17,3.2222222222222223,4.448275862068965,Auditory,3.8048310116954105,3.4999959396687346,2.523013808284971,1,0
4.232323232323232,4.4,4.232323232323232,4.448275862068965,Visual,4.3330384748798725,3.6839624953132124,3.491795077046228,1,2
3.7474747474747474,4.86,3.7474747474747474,1.4137931034482758,Visual,3.89055984044666,1.8570076475745303,2.9008405043025816,0,2
4.757575757575758,4.57,4.757575757575758,1.0,Kinesthetic,4.138316987405043,1.4133660187238104,2.6384830898539122,0,1
4.555555555555555,3.11,4.555555555555555,2.931034482758621,Kinesthetic,3.704931109988935,2.342168383011701,3.1327796678006803,0,1
4.070707070707071,4.71,4.070707070707071,2.655172413793103,Kinesthetic,4.140523106452655,1.8932594889118264,2.7211326796077646,1,1
3.3838383838383836,3.45,3.3838383838383836,1.9655172413793105,Visual,3.21004005320698,4.451206552161581,3.1019611767060233,0,2
4.03030303030303,3.75,4.03030303030303,4.310344827586206,Visual,3.9518198438447896,2.7483746970947225,2.932459475685411,1,2
3.7474747474747474,3.92,3.7474747474747474,1.4137931034482758,Visual,3.4895163182209727,4.383741741159584,2.5306183710226136,0,2
4.555555555555555,3.96,4.555555555555555,2.2413793103448274,Auditory,3.9704974259328445,2.6535605254817995,3.2402441464878926,0,0
3.101010101010101,3.87,3.101010101010101,3.4827586206896552,Visual,3.4852673313217286,2.993498851458612,3.3825295177106263,1,2
4.797979797979798,4.87,4.797979797979798,3.3448275862068964,Kinesthetic,4.623269535063067,2.3805087454675307,3.2576545927556535,1,1
3.505050505050505,4.41,3.505050505050505,1.5517241379310345,Kinesthetic,3.614712814152385,4.665253848401039,2.7129277566539924,0,1
5.0,4.26,5.0,5.0,Visual,4.683860553677177,3.4026031443898255,3.340504302581549,1,2
4.111111111111111,3.1,4.111111111111111,3.4827586206896552,Visual,3.5878777315315196,2.984423921014854,2.882829697818691,1,2
3.787878787878788,4.81,3.787878787878788,4.448275862068965,Kinesthetic,4.319341743895368,4.183875705410193,2.7433460076045626,1,1
4.111111111111111,4.82,4.111111111111111,4.0344827586206895,Visual,4.403451034857771,2.061929572008256,2.980488292975785,1,2
3.303030303030303,4.56,3.303030303030303,4.586206896551724,Kinesthetic,4.025225169460464,2.638848182812178,2.8546127676605964,1,1
4.636363636363637,3.01,4.636363636363637,3.896551724137931,Auditory,3.8354025508729364,2.5670571630364067,2.8922353412047226,1,0
4.555555555555555,3.11,4.555555555555555,3.0689655172413794,Kinesthetic,3.7256162414819696,2.2602457138833647,3.056333800280168,0,1
3.0202020202020203,3.45,3.0202020202020203,1.0,Auditory,2.915992610602428,3.7260861350326655,3.461376826095657,0,0
3.101010101010101,3.26,3.101010101010101,2.5172413793103448,Visual,3.086909733030013,3.7851037300507273,3.4497698619171504,0,2
3.505050505050505,3.8,3.505050505050505,4.172413793103448,Visual,3.725797355211049,3.845447608800394,3.074544726836102,1,2
4.111111111111111,4.85,4.111111111111111,1.1379310344827587,Auditory,4.001000388048975,2.773992187106504,2.6320792475485293,0,0
4.95959595959596,3.94,4.95959595959596,3.7586206896551726,Visual,4.352824453375006,3.8396691742940496,3.0273163898339,1,2
3.98989898989899,3.03,3.98989898989899,4.310344827586206,Auditory,3.6229225079823095,3.4524872318465682,2.966079647788673,1,0
4.313131313131313,3.57,4.313131313131313,1.9655172413793105,Visual,3.657340759749403,2.457039756147297,3.2912747648589153,0,2
4.515151515151516,3.09,4.515151515151516,3.3448275862068964,Kinesthetic,3.736835940271316,2.1264583889722486,2.9902941765059037,1,1
3.2222222222222223,3.07,3.2222222222222223,4.310344827586206,Visual,3.3135338899905555,2.4417517721433617,2.726535921552932,1,2
4.757575757575758,3.55,4.757575757575758,3.0689655172413794,Kinesthetic,3.999430272648852,3.3143109270295534,2.6398839303582147,0,1
4.797979797979798,3.55,4.797979797979798,1.5517241379310345,Kinesthetic,3.7999053662777285,3.375269904402395,2.9078447068240942,0,1
4.272727272727273,4.57,4.272727272727273,4.448275862068965,Auditory,4.427031042265773,2.5732928992785724,3.429957974784871,1,0
4.797979797979798,4.95,4.797979797979798,5.0,Visual,4.891849615803723,3.261181548827576,3.400540324194517,1,2
4.878787878787879,3.74,4.878787878787879,3.896551724137931,Auditory,4.251451131977366,2.1144306773856028,3.4119471683009808,1,0
3.8282828282828283,3.86,3.8282828282828283,2.655172413793103,Visual,3.673334595972545,2.806798282909509,2.9360616369821892,0,2
3.6262626262626263,4.69,3.6262626262626263,3.4827586206896552,Kinesthetic,4.061469016741952,2.739441639755417,3.067940764458675,1,1
3.8282828282828283,3.54,3.8282828282828283,4.862068965517242,Kinesthetic,3.8508216529912582,1.5925322133410282,2.6747048228937365,1,1
3.4242424242424243,3.31,3.4242424242424243,1.2758620689655173,Visual,3.069554309730497,1.1459835370322782,2.5166099659795877,0,2
4.474747474747475,4.71,4.474747474747475,4.448275862068965,Visual,4.570150860961898,3.0040325577192193,2.7845707424454673,1,2
4.434343434343434,3.09,4.434343434343434,1.9655172413793105,Auditory,3.506793009007144,3.1118750726475937,3.0353211927156294,0,0
4.3939393939393945,4.24,4.3939393939393945,4.586206896551724,Visual,4.35517453136663,2.8801027095806098,3.1363818290974583,1,2
3.7474747474747474,4.12,3.7474747474747474,4.448275862068965,Visual,4.0089510270420075,4.0129494687977685,3.363718230938563,1,2
3.787878787878788,3.69,3.787878787878788,4.448275862068965,Visual,3.8410621301022134,1.6209953327400264,3.295477286371823,1,2
3.707070707070707,3.63,3.707070707070707,2.5172413793103448,Auditory,3.504227232443803,2.660859661304334,2.7783670202121273,0,0
4.878787878787879,4.54,4.878787878787879,1.1379310344827587,Visual,4.20077728970516,4.316747876308855,3.143986391835101,0,2
4.636363636363637,3.17,4.636363636363637,2.3793103448275863,Kinesthetic,3.6867069883562533,3.2883474778105053,3.3419051430858513,0,1
4.95959595959596,3.47,4.95959595959596,2.5172413793103448,Auditory,3.9738193019952197,1.3201169829379618,2.6228737242345406,0,0
3.5454545454545454,4.46,3.5454545454545454,4.724137931034482,Auditory,4.107884851203808,2.7045662735397893,3.0945567340404243,1,0
3.585858585858586,4.1,3.585858585858586,3.3448275862068964,Kinesthetic,3.7703324065915997,3.8504878633913733,3.2134280568341005,1,1
4.232323232323232,3.26,4.232323232323232,2.655172413793103,Kinesthetic,3.5885816231377596,2.4798465189237184,3.215629377626576,0,1
3.0202020202020203,4.76,3.0202020202020203,1.5517241379310345,Kinesthetic,3.5578776977470645,1.8435867436493976,3.4145487292375423,0,1
3.101010101010101,3.79,3.101010101010101,3.896551724137931,Visual,3.5086098723642545,3.7689349058556205,2.554032419451671,1,2
3.6262626262626263,4.66,3.6262626262626263,2.5172413793103448,Kinesthetic,3.909034215718752,1.588773182240655,3.3136882129277567,0,1
3.909090909090909,4.58,3.909090909090909,1.1379310344827587,Visual,3.7987831221316766,2.29286276976893,2.9938963378026817,0,2
3.4242424242424243,4.25,3.4242424242424243,1.5517241379310345,Auditory,3.510143441355525,4.0687408866962915,2.778166900140084,0,0
3.4646464646464645,3.99,3.4646464646464645,1.8275862068965516,Auditory,3.4554874840866434,3.559041787950626,3.1712027216329797,0,0
3.3838383838383836,4.96,3.3838383838383836,4.448275862068965,Kinesthetic,4.211013722267809,2.669479700149816,3.327496497898739,1,1
4.272727272727273,3.29,4.272727272727273,4.448275862068965,Visual,3.8766068735042407,1.511928829948547,3.221833099859916,1,2
3.6262626262626263,4.45,3.6262626262626263,4.172413793103448,Kinesthetic,4.0574480053140025,3.177479679009621,3.0169101460876524,1,1
3.303030303030303,3.38,3.303030303030303,2.5172413793103448,Kinesthetic,3.2247823567414273,4.348622574751564,3.315089053432059,0,1
4.515151515151516,3.68,4.515151515151516,3.0689655172413794,Visual,3.949142670670003,2.6436572461318066,3.11536922153292,1,2
3.4646464646464645,3.62,3.4646464646464645,4.0344827586206895,Kinesthetic,3.6115163732570363,3.5014863612374456,3.2816690014008403,1,1
3.9494949494949494,4.89,3.9494949494949494,1.9655172413793105,Auditory,4.070888288042356,1.5758513645738894,2.5578347008204925,0,0
4.111111111111111,4.93,4.111111111111111,5.0,Kinesthetic,4.591067200008998,1.9281812607633673,2.9962977786672003,1,1
3.303030303030303,3.37,3.303030303030303,4.724137931034482,Visual,3.533045929361965,1.909662442421825,3.1507904742845705,1,2
4.111111111111111,3.04,4.111111111111111,2.103448275862069,Visual,3.3669989387114896,4.591446496758699,2.555633380028017,0,2
4.434343434343434,4.44,4.434343434343434,2.931034482758621,Auditory,4.222016146252515,3.263138866076473,3.0851510906543926,1,0
4.03030303030303,3.84,4.03030303030303,1.5517241379310345,Visual,3.5929389760090045,3.982306655506826,2.616069641785071,0,2
3.303030303030303,3.18,3.303030303030303,2.655172413793103,Visual,3.156757827629914,3.492804649938627,3.492195317190314,0,2
5.0,4.37,5.0,1.5517241379310345,Auditory,4.236321253056184,3.7566433816756963,2.550630378226936,0,0
4.111111111111111,4.09,4.111111111111111,2.3793103448275863,Kinesthetic,3.8547538353893023,1.511078151833062,3.355713428056834,0,1
4.111111111111111,4.96,4.111111111111111,2.2413793103448274,Auditory,4.208259082240685,3.485368141702196,3.455773464078447,0,0
4.474747474747475,3.45,4.474747474747475,3.6206896551724137,Kinesthetic,3.9156270077975877,3.671156945509196,2.664898939363618,1,1
4.636363636363637,3.81,4.636363636363637,2.655172413793103,Auditory,3.9983043686919006,3.9594126227915347,3.2668601160696418,0,0
4.434343434343434,4.09,4.434343434343434,2.103448275862069,Kinesthetic,3.951679057037844,2.869378776216341,2.6398839303582147,0,1
4.070707070707071,4.58,4.070707070707071,3.7586206896551726,Auditory,4.245848833213785,2.8569235442989376,2.7761656994196517,1,0
3.6666666666666665,4.1,3.6666666666666665,2.793103448275862,Kinesthetic,3.7265907697994587,4.526449620982765,3.279667800680408,0,1
3.3434343434343434,4.23,3.3434343434343434,3.3448275862068964,Auditory,3.7217902259545177,3.063707344595929,2.834800880528317,1,0
4.313131313131313,3.45,4.313131313131313,2.931034482758621,Kinesthetic,3.7467586759560296,1.5843828724155107,3.045727436461877,0,1
3.787878787878788,4.69,3.787878787878788,2.2413793103448274,Auditory,3.955218291787507,2.934041673418789,3.1315789473684212,0,0
3.505050505050505,3.86,3.505050505050505,4.172413793103448,Visual,3.7513355128682595,2.9917153879912655,3.1780068040824494,1,2
4.111111111111111,3.28,4.111111111111111,1.8275862068965516,Kinesthetic,3.429525329337214,1.8891590716724238,3.361917150290174,0,1
4.919191919191919,4.33,4.919191919191919,1.9655172413793105,Auditory,4.2440314979982245,4.054481654530206,2.5766459875925554,0,0
4.151515151515151,3.43,4.151515151515151,4.724137931034482,Kinesthetic,3.9250323006702543,3.3304946029735953,2.56824094456674,1,1
3.505050505050505,3.2,3.505050505050505,1.2758620689655173,Kinesthetic,3.053769806507547,3.0733270764698086,2.89763858314989,0,1
4.838383838383838,4.72,4.838383838383838,2.931034482758621,Auditory,4.516872492619394,4.483189601367935,3.3122873724234543,1,0
4.3939393939393945,3.92,4.3939393939393945,3.0689655172413794,Kinesthetic,4.001679612284314,4.426710242528904,3.4883930358214927,1,1
3.2222222222222223,4.5,3.2222222222222223,1.4137931034482758,Auditory,3.5108802923270863,1.7261510291485145,3.1221733039823896,0,0
3.707070707070707,3.58,3.707070707070707,3.7586206896551726,Visual,3.6604797385293466,3.741558153118053,3.3168901340804484,1,2
3.1818181818181817,4.57,3.1818181818181817,1.6896551724137931,Kinesthetic,3.5652757896249057,4.0046516325616235,3.403542125275165,0,1
4.878787878787879,3.22,4.878787878787879,1.0,Visual,3.6154255997846882,3.486040935650025,3.0599359615769464,0,2
3.98989898989899,3.71,3.98989898989899,1.4137931034482758,Kinesthetic,3.502761473702052,4.510547952985421,3.148389033420052,0,1
3.0606060606060606,4.96,3.0606060606060606,2.3793103448275863,Kinesthetic,3.775642776355277,3.51267922675095,2.8978387032219333,2,1
3.3838383838383836,4.59,3.3838383838383836,2.5172413793103448,Kinesthetic,3.776099261290504,3.405589288823088,3.1832099259555733,0,1
4.191919191919192,3.99,4.191919191919192,4.448275862068965,Auditory,4.14393843138781,3.7360252477649154,2.870022013207925,1,0
5.0,3.68,5.0,4.862068965517242,Visual,4.414390542126936,2.023063639345844,2.5610366219731837,1,2
4.797979797979798,4.74,4.797979797979798,1.5517241379310345,Kinesthetic,4.311211104572183,1.5788564097003939,3.2230338202921756,0,1
3.1818181818181817,4.09,3.1818181818181817,4.0344827586206895,Auditory,3.6927176940831896,3.60979429092871,3.050130078046828,1,0
4.313131313131313,4.52,4.313131313131313,4.862068965517242,Kinesthetic,4.478859001732264,3.811974249624081,3.4933960376225737,1,1
3.0202020202020203,4.51,3.0202020202020203,3.7586206896551726,Auditory,3.763410404594031,3.3791027933010254,2.727136281769061,1,0
3.707070707070707,3.04,3.707070707070707,3.0689655172413794,Kinesthetic,3.328264529980636,2.258632052329477,2.5410246147688613,0,1
4.272727272727273,3.25,4.272727272727273,2.655172413793103,Visual,3.604410989818658,4.439964159879516,3.41875125075045,0,2
4.878787878787879,4.32,4.878787878787879,2.655172413793103,Visual,4.321330321217885,1.7001116562114238,3.1904142485491294,0,2
4.95959595959596,3.32,4.95959595959596,3.206896551724138,Kinesthetic,4.0079147568896065,3.0032011117539676,3.262657594556734,1,1
3.4242424242424243,3.51,3.4242424242424243,4.586206896551724,Auditory,3.6274134624589465,3.996402839314579,3.2248349009405644,1,0
3.8282828282828283,4.89,3.8282828282828283,1.8275862068965516,Kinesthetic,3.998894630991811,3.5209086963012473,3.22023213928357,0,1
4.03030303030303,4.12,4.03030303030303,1.9655172413793105,Auditory,3.7739314117911245,3.2322129224296106,3.0105063037822695,0,0
3.98989898989899,4.5,3.98989898989899,2.655172413793103,Kinesthetic,4.018463775069451,3.0729243162094853,3.3621172703622175,1,1
3.8686868686868685,4.12,3.8686868686868685,4.0344827586206895,Auditory,3.9983468281967336,3.186531458880242,2.561837102261357,1,0
4.070707070707071,4.11,4.070707070707071,4.586206896551724,Visual,4.159058542481327,3.2794562963546503,3.0419251550930557,1,2
4.95959595959596,3.19,4.95959595959596,3.0689655172413794,Kinesthetic,3.930380693826207,1.4571692046010263,2.8984390634380626,0,1
3.505050505050505,3.69,3.505050505050505,5.0,Visual,3.796732952972305,2.7949020732362158,2.5542325395237144,1,2
4.313131313131313,3.56,4.313131313131313,4.862068965517242,Visual,4.070864042432893,1.7305500774682137,3.2288373023814287,1,2
4.353535353535353,3.78,4.353535353535353,1.4137931034482758,Kinesthetic,3.6883956225337164,3.1504076581816873,3.317690614368621,0,1
4.636363636363637,4.6,4.636363636363637,1.9655172413793105,Kinesthetic,4.237810468545169,2.0976795489533755,2.8646187712627578,0,1
4.3939393939393945,3.74,4.3939393939393945,3.0689655172413794,Auditory,3.9260542437943933,3.5155844094333526,3.1549929957974783,1,0
3.0202020202020203,3.9,3.0202020202020203,3.7586206896551726,Auditory,3.504201095093047,1.422077079077551,3.4081448869321593,1,0
3.8282828282828283,3.79,3.8282828282828283,2.2413793103448274,Visual,3.5872165911578873,2.8380538752440403,3.3703221933159897,0,2
4.919191919191919,3.19,4.919191919191919,4.310344827586206,Auditory,4.089766916716249,2.0700597412928246,2.6040624374624777,1,0
3.2222222222222223,3.88,3.2222222222222223,2.5172413793103448,Auditory,3.4043344279259595,3.553197570613828,2.6953171903141886,0,0
4.111111111111111,3.39,4.111111111111111,2.5172413793103448,Kinesthetic,3.57489005013011,3.4452810210486104,3.244846908144887,0,1
3.6666666666666665,3.37,3.6666666666666665,4.448275862068965,Auditory,3.6526593766724593,4.175435982089127,3.210626375825495,1,0
3.1818181818181817,3.19,3.1818181818181817,1.5517241379310345,Visual,2.9516279014273112,3.7899589921920223,3.3214928957374426,0,2
4.232323232323232,3.71,4.232323232323232,3.0689655172413794,Auditory,3.8437087227230946,3.034689833408178,3.0549329597758654,1,0
3.1818181818181817,4.51,3.1818181818181817,1.0,Visual,3.4414779791701497,4.009215431233359,3.0107064238543124,0,2
4.515151515151516,3.55,4.515151515151516,4.724137931034482,Kinesthetic,4.132606088569915,2.675646355298338,3.0667400440264156,1,1
3.101010101010101,3.62,3.101010101010101,2.103448275862069,Visual,3.182939027172208,4.041977227135652,3.2818691214728837,0,2
3.909090909090909,4.29,3.909090909090909,2.5172413793103448,Auditory,3.871508864659659,2.5810029099619074,2.53041825095057,0,0
4.474747474747475,3.39,4.474747474747475,1.5517241379310345,Kinesthetic,3.593001633956425,3.5805233634373876,3.093155893536122,0,1
4.474747474747475,4.79,4.474747474747475,3.896551724137931,Auditory,4.528934532988795,3.8728938272365054,3.083550130078047,1,0
3.3838383838383836,4.04,3.3838383838383836,3.6206896551724137,Kinesthetic,3.699049706599556,4.251117030978014,3.0603362017210327,1,1
3.3838383838383836,3.9,3.3838383838383836,3.896551724137931,Kinesthetic,3.676240645367769,1.8341003616211633,2.850610366219732,1,1
3.7474747474747474,4.12,3.7474747474747474,4.724137931034482,Auditory,4.044783332147705,2.3193086093376194,3.0223133880328197,1,0
3.6666666666666665,3.33,3.6666666666666665,4.172413793103448,Auditory,3.5955170962286602,3.3122292342394912,3.2754652791675003,1,0
3.8282828282828283,4.23,3.8282828282828283,1.2758620689655173,Kinesthetic,3.634507055092723,1.6851104026217811,2.720932559535721,0,1
3.5454545454545454,3.73,3.5454545454545454,1.5517241379310345,Kinesthetic,3.3380988848712474,2.656367945929046,3.0075045027016207,0,1
3.3434343434343434,4.79,3.3434343434343434,1.1379310344827587,Auditory,3.650193158653358,3.496526279164899,3.4985991594956976,0,0
4.838383838383838,3.34,4.838383838383838,2.793103448275862,Visual,3.903054314784785,3.855488235928976,3.340304182509506,0,2
3.0202020202020203,4.01,3.0202020202020203,1.1379310344827587,Auditory,3.177263388325924,3.5495818874311573,3.2712627576545925,0,0
4.797979797979798,4.2,4.797979797979798,2.655172413793103,Kinesthetic,4.233969654849514,3.561767241881495,3.1992195317190313,0,1
3.505050505050505,3.07,3.505050505050505,1.8275862068965516,Auditory,3.0775770475380506,2.6917599392208986,2.8830298178907343,0,0
3.1414141414141414,3.73,3.1414141414141414,2.2413793103448274,Visual,3.2639686404462984,3.5036906075711656,3.11476886131679,0,2
3.0202020202020203,4.47,3.0202020202020203,2.655172413793103,Auditory,3.5873699832291654,3.4145192478272826,2.701320792475485,2,0
4.95959595959596,4.64,4.95959595959596,3.0689655172413794,Kinesthetic,4.552859777246157,2.8543871810993706,2.58124874924955,1,1
4.595959595959596,3.63,4.595959595959596,4.448275862068965,Auditory,4.159303802693064,2.436291868153944,2.5332199319591755,1,0
4.272727272727273,4.6,4.272727272727273,2.793103448275862,Kinesthetic,4.200406414393456,2.266350400409082,2.6016609965979587,1,1
4.353535353535353,4.94,4.353535353535353,2.3793103448275863,Kinesthetic,4.320921666864854,3.1073425404611448,2.8323994396637984,0,1
4.111111111111111,4.71,4.111111111111111,2.2413793103448274,Auditory,4.102279465732675,3.286094208388903,3.23323994396638,0,0
4.232323232323232,3.24,4.232323232323232,1.6896551724137931,Kinesthetic,3.4417841140484913,3.112738887235236,3.198218931358815,0,1
3.303030303030303,4.48,3.303030303030303,1.4137931034482758,Kinesthetic,3.5373237150074894,4.210448766425529,3.472183309985992,0,1
4.555555555555555,3.64,4.555555555555555,3.7586206896551726,Visual,4.049041192995015,1.9611792546107434,2.6360816489893937,1,2
4.03030303030303,4.98,4.03030303030303,1.0,Visual,4.003057861054507,3.026287290745588,3.005103061837102,0,2
4.353535353535353,3.97,4.353535353535353,1.8275862068965516,Visual,3.828620880923133,2.889185135880963,2.924254552731639,0,2
3.101010101010101,3.24,3.101010101010101,4.172413793103448,Visual,3.3157210694696286,2.8906122448979596,3.4359615769461676,1,2
5.0,4.45,5.0,2.103448275862069,Kinesthetic,4.350651652003774,2.410946319061795,3.3719231538923355,0,1
3.4646464646464645,3.65,3.4646464646464645,1.9655172413793105,Auditory,3.3282176893765696,2.477918266937387,2.7727636581949167,0,0
3.0202020202020203,4.99,3.0202020202020203,1.5517241379310345,Kinesthetic,3.6563998772895805,2.052565748471892,2.7663598158895337,0,1
4.757575757575758,4.96,4.757575757575758,3.4827586206896552,Kinesthetic,4.662025805792008,1.3906791557144689,2.9586752051230736,1,1
3.1818181818181817,4.31,3.1818181818181817,2.2413793103448274,Kinesthetic,3.531948280560408,2.419880745970021,2.8077846708024814,0,1
4.191919191919192,3.26,4.191919191919192,2.3793103448275863,Auditory,3.533432373470781,2.4720413745992196,3.182009205523314,0,0
4.191919191919192,4.37,4.191919191919192,4.310344827586206,Visual,4.28675262705628,3.0818919430627716,2.6120672403442065,1,2
3.6666666666666665,3.19,3.6666666666666665,2.931034482758621,Kinesthetic,3.355602485931255,4.258686887520972,2.719931959175505,0,1
4.919191919191919,3.06,4.919191919191919,1.6896551724137931,Kinesthetic,3.660487983514843,2.359174466955087,2.8808284970982587,0,1
4.878787878787879,4.65,4.878787878787879,2.931034482758621,Visual,4.500735542350168,4.729951917543722,2.5348208925355213,1,2
3.909090909090909,3.42,3.909090909090909,1.5517241379310345,Kinesthetic,3.362502078757978,3.5503052409621283,2.931458875325195,0,1
3.585858585858586,3.76,3.585858585858586,4.862068965517242,Auditory,3.8419724972010836,1.7780518967826513,2.9462677606563936,1,0
4.474747474747475,4.95,4.474747474747475,3.4827586206896552,Kinesthetic,4.535392197827017,3.668319253782608,3.3579147488493097,1,1
3.8282828282828283,3.67,3.8282828282828283,3.896551724137931,Kinesthetic,3.771777602879005,3.454778738969824,3.3324994996998196,1,1
3.5454545454545454,3.59,3.5454545454545454,3.4827586206896552,Visual,3.5568658492504546,2.6334739418647155,3.2844706824094456,1,2
3.0606060606060606,4.84,3.0606060606060606,2.2413793103448274,Kinesthetic,3.7046350699856663,2.262287822224647,2.799579747848709,0,1
3.4242424242424243,3.22,3.4242424242424243,2.5172413793103448,Kinesthetic,3.207779903421624,3.440110802019612,3.2712627576545925,0,1
4.555555555555555,4.52,4.555555555555555,3.896551724137931,Auditory,4.44581612164177,1.9920381049197489,3.1345807484490695,1,0
4.515151515151516,4.98,4.515151515151516,1.4137931034482758,Visual,4.26966300697421,3.8091352754901893,2.813588152891735,0,2
4.353535353535353,4.8,4.353535353535353,3.3448275862068964,Visual,4.401887101637264,1.3447716742120555,2.730338202921753,1,2
4.515151515151516,4.3,4.515151515151516,3.0689655172413794,Auditory,4.217775367847783,3.758276123603501,2.573644186511907,1,0
5.0,3.63,5.0,1.9655172413793105,Kinesthetic,3.9785545730479575,2.2077643102910844,3.4897938763257956,0,1
4.353535353535353,3.51,4.353535353535353,1.4137931034482758,Visual,3.5714758644463194,2.8193641167132895,2.5084050430258156,0,2
3.707070707070707,4.64,3.707070707070707,4.310344827586206,Visual,4.192441082575299,1.8566114575371586,2.881628977386432,1,2
4.191919191919192,4.76,4.191919191919192,4.0344827586206895,Kinesthetic,4.412738831155491,3.2863497400777106,3.1984190514308586,1,1
3.585858585858586,4.05,3.585858585858586,2.5172413793103448,Kinesthetic,3.6324895160228943,3.6044092736365947,3.0073043826295778,0,1
4.070707070707071,3.49,4.070707070707071,1.1379310344827587,Visual,3.402298841617539,3.2226567988450534,3.335101060636382,0,2
4.353535353535353,3.23,4.353535353535353,1.4137931034482758,Kinesthetic,3.4502940592173394,3.837346196033132,3.0749449669801883,0,1
4.515151515151516,3.17,4.515151515151516,1.5517241379310345,Visual,3.5171793557680813,3.190953012794771,2.865019011406844,0,2
4.313131313131313,4.44,4.313131313131313,1.2758620689655173,Kinesthetic,3.9328172417832272,2.9106131998647324,2.7587552531518913,0,1
3.9494949494949494,3.84,3.9494949494949494,2.103448275862069,Kinesthetic,3.6389493559190385,1.2126308338639824,3.4543726235741445,0,1
3.585858585858586,4.81,3.585858585858586,4.862068965517242,Auditory,4.293114852680032,3.077443318689715,3.459775865519312,1,0
4.191919191919192,4.48,4.191919191919192,3.7586206896551726,Kinesthetic,4.253200867110476,3.1615323474379977,3.4713828296978186,1,1
4.6767676767676765,3.38,4.6767676767676765,3.3448275862068964,Auditory,3.9318133034282066,2.2050086921901846,3.177606563938363,1,0
3.6666666666666665,4.23,3.6666666666666665,2.3793103448275863,Kinesthetic,3.7231392653888262,3.2328369185342134,3.0947568541124673,0,1
3.1818181818181817,3.87,3.1818181818181817,1.2758620689655173,Visual,3.204907048687003,4.210187067103494,3.284870922553532,0,2
4.151515151515151,4.15,4.151515151515151,5.0,Visual,4.274006262736733,2.7152543157302254,3.5,1,2
3.1414141414141414,4.48,3.1414141414141414,4.310344827586206,Kinesthetic,3.8804288559799613,3.76902108119272,2.6985191114668803,1,1
3.3838383838383836,4.61,3.3838383838383836,4.0344827586206895,Kinesthetic,4.003310456594083,3.5571374845705845,2.977486491895137,1,1
3.6666666666666665,4.69,3.6666666666666665,1.1379310344827587,Visual,3.742907856131872,1.957603193025794,2.948268961376826,0,2
3.3838383838383836,3.51,3.3838383838383836,2.103448275862069,Kinesthetic,3.254116096401338,3.038850248866476,2.7953772263358014,0,1
3.6666666666666665,3.06,3.6666666666666665,2.793103448275862,Auditory,3.282828149682858,1.950715139001589,3.181809085451271,0,0
3.787878787878788,4.48,3.787878787878788,1.4137931034482758,Auditory,3.7447425540104686,4.020644297568862,2.577846708024815,0,0
3.9494949494949494,3.21,3.9494949494949494,4.862068965517242,Auditory,3.764088024505248,2.4481148505391834,2.6999199519711827,1,0
3.1818181818181817,3.63,3.1818181818181817,2.103448275862069,Auditory,3.21977433614206,2.0627225259893214,3.4245547328397037,0,0
4.353535353535353,3.01,4.353535353535353,2.655172413793103,Auditory,3.534097325592178,2.2451167376071197,2.871222733640184,0,0
3.2222222222222223,4.36,3.2222222222222223,3.3448275862068964,Kinesthetic,3.728787306754755,2.242005898093798,2.6316790074044425,1,1
3.0606060606060606,3.33,3.0606060606060606,2.931034482758621,Kinesthetic,3.1593778190577333,3.169563553608883,3.0529317590554332,0,1
3.505050505050505,4.31,3.505050505050505,4.724137931034482,Auditory,4.024426272047992,2.0751721371075598,3.2330398238943365,1,0
4.717171717171717,4.98,4.717171717171717,2.2413793103448274,Kinesthetic,4.477621452123859,2.0574813736644204,3.4977986792075244,0,1
4.717171717171717,3.15,4.717171717171717,3.0689655172413794,Kinesthetic,3.808072271202376,4.045378350625652,2.7963778266960175,0,1
4.919191919191919,3.15,4.919191919191919,2.5172413793103448,Auditory,3.819612172656409,2.748261567781305,3.246647988793276,0,0
3.4242424242424243,3.68,3.4242424242424243,3.6206896551724137,Kinesthetic,3.5622424976999625,2.6738609990321462,2.590254152491495,1,1
4.878787878787879,4.73,4.878787878787879,1.5517241379310345,Kinesthetic,4.340915265686104,2.6368907258011727,2.995297178306984,0,1
3.909090909090909,3.43,3.909090909090909,1.1379310344827587,Kinesthetic,3.3083404249290678,3.7630384802926735,3.144786872123274,0,1
3.6262626262626263,3.72,3.6262626262626263,2.2413793103448274,Auditory,3.4689191583878274,2.1172104367720133,2.8075845507304384,0,0
4.232323232323232,3.14,4.232323232323232,1.0,Kinesthetic,3.301143162390225,3.4058057627076344,3.118971382829698,0,1
3.4242424242424243,4.53,3.4242424242424243,1.8275862068965516,Visual,3.6684636038824516,2.3875021749815177,2.6765059035421253,0,2
3.6262626262626263,3.82,3.6262626262626263,4.448275862068965,Visual,3.825271685344793,1.3899350378733932,3.38212927756654,1,2
3.303030303030303,4.52,3.303030303030303,3.206896551724138,Auditory,3.8102114084543004,2.1145507148535083,3.314088453071843,1,0
3.1414141414141414,4.81,3.1414141414141414,3.0689655172413794,Visual,3.8449792867949393,1.469989485886342,3.48759255553332,1,2
4.595959595959596,3.47,4.595959595959596,4.586206896551724,Auditory,4.110094938148321,1.175890376196036,3.0135081048629178,1,0
3.1414141414141414,4.61,3.1414141414141414,4.586206896551724,Visual,3.9792607861191223,1.8037757029022832,3.1557934760856514,1,2
3.98989898989899,3.12,3.98989898989899,4.172413793103448,Visual,3.6423820147528483,3.4225321055557694,2.5748449069441666,1,2
3.101010101010101,4.8,3.101010101010101,1.2758620689655173,Visual,3.5674252430110434,2.1360709317195044,3.409745847508505,0,2
4.272727272727273,4.3,4.272727272727273,2.793103448275862,Auditory,4.073699507401452,3.257807158731808,3.2398439063438063,1,0
3.101010101010101,4.75,3.101010101010101,2.2413793103448274,Auditory,3.6842528511721775,3.737747723587012,3.112767660596358,0,0
4.070707070707071,3.0,4.070707070707071,3.896551724137931,Kinesthetic,3.587114761942662,4.781556630640452,3.4385631378827295,1,1
4.151515151515151,3.34,4.151515151515151,1.8275862068965516,Auditory,3.4709454405111373,3.306191415620526,3.150390234140484,0,0
4.272727272727273,3.78,4.272727272727273,4.448275862068965,Visual,4.086430572115677,3.210191100364475,3.419551731038623,1,2
5.0,3.76,5.0,3.206896551724138,Visual,4.211987710281778,2.23211037399033,3.412347408445067,1,2
3.7474747474747474,3.45,3.7474747474747474,5.0,Auditory,3.8004009342807583,2.8338607156198856,2.5224134480688414,1,0
3.8282828282828283,3.76,3.8282828282828283,1.6896551724137931,Auditory,3.4948821852093537,2.4863646344537,3.1397838703221934,0,0
3.1818181818181817,3.26,3.1818181818181817,4.0344827586206895,Auditory,3.3361470822966806,3.6643990239176008,2.9758855313187915,1,0
3.707070707070707,3.83,3.707070707070707,3.896551724137931,Kinesthetic,3.784904374420887,2.100282374381148,2.8850310186111665,1,1
4.111111111111111,4.6,4.111111111111111,1.4137931034482758,Visual,3.9373217731053134,2.8235510818068836,2.527816690014008,0,2
4.6767676767676765,3.96,4.6767676767676765,3.206896551724138,Kinesthetic,4.158802851521039,2.5571768301703814,2.7849709825895537,1,1
3.8686868686868685,3.04,3.8686868686868685,4.586206896551724,Kinesthetic,3.6143240051833745,4.200319815424821,3.090154092455473,1,1
3.8282828282828283,3.84,3.8282828282828283,2.103448275862069,Visual,3.588137287169434,3.2738822198103463,3.13398038823294,0,2
3.2222222222222223,3.05,3.2222222222222223,1.4137931034482758,Visual,2.89192998095143,2.3328154952582176,2.6032619571743045,0,2
3.0202020202020203,4.93,3.0202020202020203,1.8275862068965516,Auditory,3.669378961677629,3.0774054493312137,3.023514108465079,0,0
3.1818181818181817,3.25,3.1818181818181817,4.0344827586206895,Auditory,3.334951580087492,1.549678349013533,2.6775065039023414,1,0
4.636363636363637,4.42,4.636363636363637,1.1379310344827587,Kinesthetic,4.041878843079625,1.9969228592852786,3.1211727036221735,0,1
3.4646464646464645,4.95,3.4646464646464645,3.206896551724138,Auditory,4.062499126145149,3.5048051652322583,2.509805883530118,1,0
4.03030303030303,4.65,4.03030303030303,4.172413793103448,Auditory,4.317079599144567,4.2483364122861635,3.2906744046427856,1,0
4.838383838383838,4.4,4.838383838383838,1.9655172413793105,Visual,4.239508715326864,4.153071043178701,3.2124274564738844,0,2
4.353535353535353,4.68,4.353535353535353,4.0344827586206895,Visual,4.447407753747336,2.3631594987004343,2.503602161296778,1,2
4.95959595959596,4.96,4.95959595959596,5.0,Auditory,4.967082862621664,1.427317782460007,3.4647788673203923,1,0
3.5454545454545454,4.24,3.5454545454545454,2.931034482758621,Visual,3.7564950146633476,3.806584505314626,2.7947768661196717,1,2
4.03030303030303,4.12,4.03030303030303,2.931034482758621,Auditory,3.9110074878062386,3.829357020232235,3.3126876125675406,1,0
4.797979797979798,4.26,4.797979797979798,1.9655172413793105,Visual,4.16126932829977,2.7095215264193344,3.021512907744647,0,2
4.070707070707071,4.07,4.070707070707071,3.0689655172413794,Visual,3.9253060071331314,1.5112189904150042,2.590254152491495,1,2
3.3434343434343434,4.27,3.3434343434343434,3.4827586206896552,Visual,3.7605137552072856,2.211369062698,3.2534520712427457,1,2
4.03030303030303,3.9,4.03030303030303,2.3793103448275863,Visual,3.738467526224576,3.6405537047810967,2.9878927356413847,0,2
4.878787878787879,3.44,4.878787878787879,1.1379310344827587,Auditory,3.7264219668780334,2.6086940463303057,3.362517510506304,0,0
3.8686868686868685,3.24,3.8686868686868685,4.0344827586206895,Kinesthetic,3.6231466748216214,3.4550651382844793,2.809985991594957,1,1
4.878787878787879,3.14,4.878787878787879,4.172413793103448,Visual,4.031260434665806,3.624073289111746,3.195217130278167,1,2
4.191919191919192,3.53,4.191919191919192,3.206896551724138,Auditory,3.766078404285845,1.9026807569325057,2.5254152491494897,1,0
4.717171717171717,3.09,4.717171717171717,4.724137931034482,Auditory,4.021770638366291,2.033070386587606,3.471582949769862,1,0
4.919191919191919,4.13,4.919191919191919,4.448275862068965,Visual,4.515553757023005,2.0236425023840026,3.052531518911347,1,2
3.6666666666666665,3.57,3.6666666666666665,3.0689655172413794,Kinesthetic,3.5388480284832147,3.4450540697191903,3.3917350410246145,1,1
4.03030303030303,4.65,4.03030303030303,4.310344827586206,Visual,4.335494681002499,2.8968697793777642,3.4333600160096056,1,2
4.434343434343434,3.15,4.434343434343434,2.931034482758621,Auditory,3.668501431959892,3.629484364921877,2.7831699019411644,0,0
3.0202020202020203,3.45,3.0202020202020203,2.655172413793103,Kinesthetic,3.1534124914925825,1.549322125080596,2.540224134480688,0,1
3.303030303030303,4.46,3.303030303030303,2.931034482758621,Auditory,3.7459431820557723,3.0987063524493275,2.9740844506704023,1,0
4.95959595959596,4.2,4.95959595959596,4.586206896551724,Visual,4.579692079091507,4.878886595673013,2.603462077246348,1,2
4.3939393939393945,3.13,4.3939393939393945,1.4137931034482758,Kinesthetic,3.426079844680209,2.204233157068984,2.768361016609966,0,1
3.585858585858586,4.75,3.585858585858586,3.0689655172413794,Auditory,4.012854002541476,1.6258621960500221,3.455773464078447,1,0
4.878787878787879,4.75,4.878787878787879,5.0,Auditory,4.8428477447601015,2.9241861525763286,2.8978387032219333,1,0
3.8686868686868685,3.66,3.8686868686868685,2.5172413793103448,Auditory,3.586535715517942,1.5390477266635165,3.209425655393236,0,0
3.5454545454545454,3.68,3.5454545454545454,5.0,Visual,3.811256956637289,1.7720167620678695,3.4045427256353813,1,2
4.03030303030303,4.98,4.03030303030303,1.4137931034482758,Kinesthetic,4.062696049208344,2.117505875823229,3.2608565139083447,0,1
4.111111111111111,4.25,4.111111111111111,1.2758620689655173,Visual,3.7666074902653826,2.8654315272262743,3.155393235941565,0,2
3.909090909090909,4.06,3.909090909090909,3.896551724137931,Visual,3.9731033678312877,2.039183552031438,3.2312387432459477,1,2
3.5454545454545454,4.68,3.5454545454545454,3.206896551724138,Visual,3.98173904134276,2.9286641060185445,2.987092255353212,1,2
3.9494949494949494,3.57,3.9494949494949494,3.896551724137931,Kinesthetic,3.779539800395239,3.2077017197341626,3.47518511106664,1,1
3.0606060606060606,3.86,3.0606060606060606,3.3448275862068964,Visual,3.443105904057603,3.5951853213307006,2.5414248549129477,1,2
4.797979797979798,3.54,4.797979797979798,4.310344827586206,Visual,4.187277753493658,2.500981006083883,3.026916149689814,1,2
4.03030303030303,4.58,4.03030303030303,3.3448275862068964,Visual,4.1672431080926255,4.070766508399634,3.323894336601961,1,2
3.5454545454545454,4.15,3.5454545454545454,4.0344827586206895,Visual,3.8729917812565193,4.347384924716332,2.5306183710226136,1,2
3.2626262626262625,4.32,3.2626262626262625,4.724137931034482,Auditory,3.9235667342505276,3.519002978395195,3.1736041624974987,1,0
3.101010101010101,3.5,3.101010101010101,3.206896551724138,Visual,3.289110050541555,3.696314723442512,3.3633179907944766,1,2
4.878787878787879,3.44,4.878787878787879,2.5172413793103448,Auditory,3.9249938319911246,3.548205542968547,3.4533720232139284,0,0
3.909090909090909,3.98,3.909090909090909,4.0344827586206895,Visual,3.956000465684436,1.5852954086685869,2.803782269361617,1,2
4.838383838383838,4.48,4.838383838383838,3.7586206896551726,Kinesthetic,4.528452385623379,3.993676611440651,3.0203121873123875,1,1
4.717171717171717,4.05,4.717171717171717,4.172413793103448,Auditory,4.353623927105652,2.690136407065099,2.939263558134881,1,0
4.878787878787879,3.07,4.878787878787879,1.4137931034482758,Auditory,3.606575829297989,2.942063807490136,3.40014008405043,0,0
4.797979797979798,4.74,4.797979797979798,2.5172413793103448,Auditory,4.446069973024495,3.1816007080625437,3.438763257954773,0,0
3.707070707070707,3.13,3.707070707070707,4.448275862068965,Auditory,3.5653727634816965,3.994333894278926,3.211226736041625,1,0
4.515151515151516,4.91,4.515151515151516,4.0344827586206895,Kinesthetic,4.616412029485679,2.060377130492771,2.9830898539123476,1,1
4.3939393939393945,3.05,4.3939393939393945,3.896551724137931,Visual,3.747031665088536,1.8804631517648907,3.0701420852511507,1,2
3.585858585858586,4.39,3.585858585858586,3.7586206896551726,Auditory,3.9546998834307407,2.76996677651879,2.8486091654992993,1,0
3.98989898989899,3.16,3.98989898989899,3.6206896551724137,Kinesthetic,3.583375572448582,2.9082933845775103,2.761356814088453,1,1
4.474747474747475,4.82,4.474747474747475,2.931034482758621,Auditory,4.4027623405159835,3.4706144430275487,3.2702621572943764,1,0
4.111111111111111,3.93,4.111111111111111,4.0344827586206895,Visual,4.022059358472468,2.724831293133363,3.334100460276166,1,2
3.3838383838383836,3.28,3.3838383838383836,4.724137931034482,Auditory,3.5286851044931034,2.6125708547846105,3.4157494496698018,1,0
4.555555555555555,3.68,4.555555555555555,3.0689655172413794,Kinesthetic,3.9686466260924464,4.51344650988793,3.431558935361217,1,1
3.6666666666666665,3.33,3.6666666666666665,1.5517241379310345,Visual,3.220096027144515,3.4938152657089523,3.4685811486892133,0,2
4.555555555555555,3.34,4.555555555555555,3.7586206896551726,Kinesthetic,3.921254117952054,2.4336007598864997,3.3395037022213327,1,1
3.8686868686868685,4.9,3.8686868686868685,2.931034482758621,Visual,4.175106429978269,1.9109282783758759,3.011306784070442,1,2
4.03030303030303,3.89,4.03030303030303,3.206896551724138,Visual,3.8527546166202797,2.5350162446436277,2.961276766059636,1,2
4.757575757575758,4.58,4.757575757575758,3.3448275862068964,Visual,4.4786240631951895,2.618447443537192,3.4021412847708623,1,2
3.98989898989899,4.28,3.98989898989899,1.5517241379310345,Auditory,3.7655792106705848,3.291327220742096,2.71773063838303,0,0
3.6666666666666665,4.35,3.6666666666666665,2.655172413793103,Kinesthetic,3.8162472268319223,2.949641117360346,3.028717230338203,0,1
3.505050505050505,3.26,3.505050505050505,3.4827586206896552,Kinesthetic,3.3982958238104857,1.6943272821117212,2.7355413247948768,1,1
3.787878787878788,3.47,3.787878787878788,5.0,Kinesthetic,3.8241061492184683,4.306269273137142,3.4837902741644986,1,1
3.98989898989899,4.57,3.98989898989899,2.655172413793103,Visual,4.049338770630956,3.9319235465150113,3.4519711827096256,1,2
3.1414141414141414,4.94,3.1414141414141414,3.3448275862068964,Auditory,3.9419524641854307,4.702596977892386,3.0991594956974184,1,0
3.3838383838383836,3.53,3.3838383838383836,2.793103448275862,Visual,3.360096065054704,2.7832613181358545,2.611867120272163,0,2
3.101010101010101,3.54,3.101010101010101,5.0,Kinesthetic,3.561777555933792,1.057237537083611,3.093155893536122,1,1
4.636363636363637,3.95,4.636363636363637,1.4137931034482758,Auditory,3.8800381156292305,3.261448737656125,2.75435261156694,0,0
4.797979797979798,4.97,4.797979797979798,1.4137931034482758,Auditory,4.387253482074327,2.960309965553844,2.8628176906143685,0,0
3.707070707070707,3.54,3.707070707070707,3.6206896551724137,Auditory,3.6222364930490514,3.243998503651599,3.0833500100060034,1,0
4.878787878787879,3.81,4.878787878787879,3.6206896551724137,Kinesthetic,4.242697821334519,2.261543232454898,2.6218731238743245,1,1
4.434343434343434,4.78,4.434343434343434,3.4827586206896552,Auditory,4.447809859637286,3.819791521672369,2.9924954972983793,1,0
4.878787878787879,3.01,4.878787878787879,2.655172413793103,Auditory,3.7584374636978444,3.1918032484961776,3.324494696818091,0,0
3.8686868686868685,3.08,3.8686868686868685,2.5172413793103448,Visual,3.3374139679003383,2.514399021561336,2.556633980388233,0,2
4.353535353535353,4.21,4.353535353535353,1.8275862068965516,Visual,3.930374618561418,3.2246056966627905,3.085951570942566,0,2
4.878787878787879,4.81,4.878787878787879,4.310344827586206,Auditory,4.7701413503181325,2.4878626222630977,3.3797278367020214,1,0
3.303030303030303,3.48,3.303030303030303,2.5172413793103448,Auditory,3.2656388929732603,3.943915895322111,2.7183309985991597,0,0
4.595959595959596,3.94,4.595959595959596,3.7586206896551726,Visual,4.194907160802602,1.3279453178592668,2.6632979787872726,1,2
4.95959595959596,3.9,4.95959595959596,1.4137931034482758,Visual,3.9993389703118667,3.2104191676466014,2.5164098459075444,0,2
4.757575757575758,3.95,4.757575757575758,4.586206896551724,Visual,4.385251749407437,4.009297606292454,2.884230538322994,1,2
3.7474747474747474,4.25,3.7474747474747474,1.1379310344827587,Kinesthetic,3.5879247787550677,2.5333053467368263,3.1986191715029015,0,1
4.6767676767676765,3.94,4.6767676767676765,1.1379310344827587,Kinesthetic,3.8552423775328415,4.777043594467783,3.1291775065039023,0,1
4.636363636363637,3.89,4.636363636363637,1.5517241379310345,Visual,3.8779462707080987,3.9553786102671205,2.9188513107864718,0,2
4.474747474747475,3.95,4.474747474747475,4.0344827586206895,Auditory,4.186350815064382,2.539456596730333,3.443165899539724,1,0
3.2222222222222223,4.18,3.2222222222222223,2.2413793103448274,Visual,3.493321517805392,3.3596508941773195,2.5350210126075643,0,2
4.03030303030303,4.07,4.03030303030303,2.2413793103448274,Kinesthetic,3.793476190194581,3.4380784714173016,3.041124674804883,0,1
4.353535353535353,4.71,4.353535353535353,2.103448275862069,Auditory,4.184124331767308,3.422663902185492,3.4879927956774064,0,0
4.797979797979798,3.1,4.797979797979798,2.655172413793103,Kinesthetic,3.763727561242071,4.463486474378446,2.5738443065839505,0,1
3.2222222222222223,4.67,3.2222222222222223,1.8275862068965516,Auditory,3.642022186057328,4.20000828206066,2.8638182909745846,0,0
4.474747474747475,4.69,4.474747474747475,1.5517241379310345,Kinesthetic,4.148502033977686,2.6354502673097344,2.9204522713628176,0,1
1.0,3.0,5.0,3.0,Visual,2.142857142857143,4.12,1.5,2,2
5.0,3.0,1.0,3.0,Kinesthetic,3.857142857142857,2.16,1.5,0,1
1.0,3.0,5.0,3.0,Visual,2.142857142857143,4.12,2.175,2,2
5.0,3.0,1.0,3.0,Kinesthetic,3.857142857142857,2.16,2.175,0,1
1.0,1.0,5.0,3.0,Visual,1.2857142857142858,4.12,2.175,2,2
5.0,1.0,1.0,3.0,Kinesthetic,3.0,2.16,2.175,0,1
1.0,5.0,5.0,3.0,Visual,3.0,4.12,1.5,2,2
5.0,5.0,1.0,3.0,Kinesthetic,4.714285714285714,2.16,1.5,1,1
5.0,3.0,5.0,3.0,Auditory,3.857142857142857,1.52,2.175,0,0
5.0,3.0,2.333333333333333,3.0,Auditory,3.857142857142857,3.8,2.175,0,0
5.0,3.0,1.0,3.0,Kinesthetic,3.857142857142857,4.0,2.175,0,1
5.0,1.0,5.0,3.0,Auditory,3.0,1.52,1.5,0,0
5.0,1.0,2.333333333333333,3.0,Auditory,3.0,3.8,1.5,0,0
5.0,1.0,1.0,3.0,Kinesthetic,3.0,4.0,1.5,0,1
5.0,3.0,5.0,3.0,Auditory,3.857142857142857,4.4799999999999995,2.175,0,0
5.0,3.0,5.0,3.0,Visual,3.857142857142857,3.96,2.175,0,2
5.0,3.0,3.6666666666666665,3.0,Auditory,3.857142857142857,1.44,2.175,0,0
5.0,1.0,5.0,3.0,Auditory,3.0,4.4799999999999995,2.175,0,0
5.0,1.0,5.0,3.0,Visual,3.0,3.96,2.175,0,2
5.0,1.0,3.6666666666666665,3.0,Auditory,3.0,1.44,2.175,0,0
5.0,3.0,1.0,3.0,Visual,3.857142857142857,1.52,2.175,0,2
5.0,5.0,1.0,3.0,Visual,4.714285714285714,1.52,1.5,1,2
5.0,5.0,1.0,3.0,Visual,4.714285714285714,1.52,2.175,1,2
5.0,3.0,1.0,3.0,Visual,3.857142857142857,1.52,1.5,0,2
5.0,1.0,5.0,3.0,Visual,3.0,4.2,2.175,0,2
5.0,1.0,3.6666666666666665,3.0,Visual,3.0,1.9600000000000002,2.175,0,2
5.0,3.0,5.0,3.0,Visual,3.857142857142857,4.2,2.175,0,2
5.0,3.0,3.6666666666666665,3.0,Visual,3.857142857142857,1.9600000000000002,2.175,0,2
5.0,5.0,3.6666666666666665,3.0,Visual,4.714285714285714,2.08,2.175,1,2
5.0,1.0,3.6666666666666665,3.0,Visual,3.0,2.08,2.175,0,2
1.0,3.0,3.6666666666666665,3.0,Visual,2.142857142857143,1.6,2.175,2,2
1.0,3.0,1.0,3.0,Kinesthetic,2.142857142857143,3.96,2.175,2,1
1.0,1.0,3.6666666666666665,3.0,Visual,1.2857142857142858,1.6,1.5,2,2
1.0,1.0,1.0,3.0,Kinesthetic,1.2857142857142858,3.96,1.5,2,1
1.0,5.0,3.6666666666666665,3.0,Visual,3.0,1.6,1.5,2,2
1.0,5.0,1.0,3.0,Kinesthetic,3.0,3.96,1.5,2,1
1.0,5.0,3.6666666666666665,3.0,Visual,3.0,1.6,2.175,2,2
1.0,5.0,1.0,3.0,Kinesthetic,3.0,3.96,2.175,2,1
1.0,5.0,2.333333333333333,3.0,Kinesthetic,3.0,4.32,1.5,2,1
5.0,5.0,1.0,3.0,Auditory,4.714285714285714,4.08,1.5,1,0
5.0,5.0,1.0,3.0,Auditory,4.714285714285714,1.8800000000000001,1.5,1,0
5.0,5.0,2.333333333333333,3.0,Kinesthetic,4.714285714285714,3.8,1.5,1,1
1.0,3.0,2.333333333333333,3.0,Kinesthetic,2.142857142857143,4.32,1.5,2,1
5.0,3.0,1.0,3.0,Auditory,3.857142857142857,4.08,1.5,0,0
5.0,3.0,1.0,3.0,Auditory,3.857142857142857,1.8800000000000001,1.5,0,0
5.0,3.0,2.333333333333333,3.0,Kinesthetic,3.857142857142857,3.8,1.5,0,1
5.0,5.0,1.0,3.0,Kinesthetic,4.714285714285714,1.7600000000000002,2.175,1,1
5.0,5.0,2.333333333333333,3.0,Visual,4.714285714285714,4.6,2.175,1,2
5.0,3.0,1.0,3.0,Kinesthetic,3.857142857142857,1.7600000000000002,1.5,0,1
5.0,3.0,2.333333333333333,3.0,Visual,3.857142857142857,4.6,1.5,0,2
5.0,5.0,1.0,3.0,Kinesthetic,4.714285714285714,1.7600000000000002,1.5,1,1
5.0,5.0,2.333333333333333,3.0,Visual,4.714285714285714,4.6,1.5,1,2
5.0,1.0,1.0,3.0,Kinesthetic,3.0,1.7600000000000002,2.175,0,1
5.0,1.0,2.333333333333333,3.0,Visual,3.0,4.6,2.175,0,2
5.0,3.0,1.0,3.0,Kinesthetic,3.857142857142857,1.7600000000000002,2.175,0,1
5.0,3.0,2.333333333333333,3.0,Visual,3.857142857142857,4.6,2.175,0,2
5.0,1.0,1.0,3.0,Kinesthetic,3.0,1.7600000000000002,1.5,0,1
5.0,1.0,2.333333333333333,3.0,Visual,3.0,4.6,1.5,0,2
1.0,3.0,1.0,3.0,Visual,2.142857142857143,1.44,2.175,2,2
5.0,3.0,1.0,3.0,Auditory,3.857142857142857,4.08,2.175,0,0
1.0,1.0,1.0,3.0,Visual,1.2857142857142858,1.44,1.5,2,2
5.0,1.0,1.0,3.0,Auditory,3.0,4.08,1.5,0,0
1.0,1.0,1.0,3.0,Visual,1.2857142857142858,1.44,2.175,2,2
5.0,1.0,1.0,3.0,Auditory,3.0,4.08,2.175,0,0
1.0,5.0,1.0,3.0,Visual,3.0,1.44,2.175,2,2
5.0,5.0,1.0,3.0,Auditory,4.714285714285714,4.08,2.175,1,0
1.0,5.0,1.0,3.0,Visual,3.0,1.44,1.5,2,2
5.0,5.0,3.6666666666666665,3.0,Visual,4.714285714285714,1.6,2.175,1,2
5.0,3.0,3.6666666666666665,3.0,Visual,3.857142857142857,3.96,1.5,0,2
5.0,3.0,3.6666666666666665,3.0,Visual,3.857142857142857,3.96,2.175,0,2
5.0,5.0,3.6666666666666665,3.0,Visual,4.714285714285714,3.96,2.175,1,2
5.0,1.0,3.6666666666666665,3.0,Visual,3.0,3.96,2.175,0,2
1.0,3.0,3.6666666666666665,3.0,Visual,2.142857142857143,1.48,2.175,2,2
5.0,3.0,1.0,3.0,Visual,3.857142857142857,4.08,2.175,0,2
5.0,3.0,2.333333333333333,3.0,Kinesthetic,3.857142857142857,4.32,2.175,0,1
1.0,5.0,3.6666666666666665,3.0,Visual,3.0,1.48,1.5,2,2
5.0,5.0,1.0,3.0,Visual,4.714285714285714,4.08,1.5,1,2
5.0,5.0,2.333333333333333,3.0,Kinesthetic,4.714285714285714,4.32,1.5,1,1
1.0,1.0,3.6666666666666665,3.0,Visual,1.2857142857142858,1.48,1.5,2,2
5.0,1.0,1.0,3.0,Visual,3.0,4.08,1.5,0,2
5.0,1.0,2.333333333333333,3.0,Kinesthetic,3.0,4.32,1.5,0,1
1.0,3.0,3.6666666666666665,3.0,Visual,2.142857142857143,1.48,1.5,2,2
5.0,3.0,1.0,3.0,Visual,3.857142857142857,4.08,1.5,0,2
5.0,3.0,2.333333333333333,3.0,Kinesthetic,3.857142857142857,4.32,1.5,0,1
5.0,5.0,2.333333333333333,3.0,Auditory,4.714285714285714,4.4399999999999995,2.175,1,0
5.0,5.0,5.0,3.0,Visual,4.714285714285714,4.6,2.175,1,2
5.0,3.0,1.0,3.0,Auditory,3.857142857142857,3.88,1.5,0,0
5.0,5.0,1.0,3.0,Auditory,4.714285714285714,3.88,2.175,1,0
1.0,5.0,3.6666666666666665,3.0,Kinesthetic,3.0,4.6,1.5,2,1
1.0,5.0,3.6666666666666665,3.0,Auditory,3.0,1.92,1.5,2,0
1.0,3.0,3.6666666666666665,3.0,Kinesthetic,2.142857142857143,4.6,2.175,2,1
1.0,3.0,3.6666666666666665,3.0,Auditory,2.142857142857143,1.92,2.175,2,0
1.0,5.0,3.6666666666666665,3.0,Kinesthetic,3.0,4.6,2.175,2,1
1.0,5.0,3.6666666666666665,3.0,Auditory,3.0,1.92,2.175,2,0
1.0,1.0,3.6666666666666665,3.0,Kinesthetic,1.2857142857142858,4.6,2.175,2,1
1.0,1.0,3.6666666666666665,3.0,Auditory,1.2857142857142858,1.92,2.175,2,0
1.0,3.0,2.333333333333333,3.0,Visual,2.142857142857143,3.96,2.175,2,2
5.0,3.0,2.333333333333333,3.0,Auditory,3.857142857142857,2.0,2.175,0,0
5.0,3.0,1.0,3.0,Auditory,3.857142857142857,1.92,2.175,0,0
5.0,3.0,1.0,3.0,Visual,3.857142857142857,3.9200000000000004,2.175,0,2
1.0,5.0,2.333333333333333,3.0,Visual,3.0,3.96,2.175,2,2
5.0,5.0,2.333333333333333,3.0,Auditory,4.714285714285714,2.0,2.175,1,0
5.0,5.0,1.0,3.0,Auditory,4.714285714285714,1.92,2.175,1,0
5.0,5.0,1.0,3.0,Visual,4.714285714285714,3.9200000000000004,2.175,1,2
1.0,5.0,2.333333333333333,3.0,Visual,3.0,1.8800000000000001,2.175,2,2
5.0,5.0,3.6666666666666665,3.0,Kinesthetic,4.714285714285714,2.04,2.175,1,1
1.0,1.0,2.333333333333333,3.0,Visual,1.2857142857142858,1.8800000000000001,2.175,2,2
5.0,1.0,3.6666666666666665,3.0,Kinesthetic,3.0,2.04,2.175,0,1
1.0,3.0,2.333333333333333,3.0,Visual,2.142857142857143,1.8800000000000001,1.5,2,2
5.0,3.0,3.6666666666666665,3.0,Kinesthetic,3.857142857142857,2.04,1.5,0,1
1.0,1.0,5.0,3.0,Visual,1.2857142857142858,4.16,2.175,2,2
1.0,1.0,5.0,3.0,Visual,1.2857142857142858,4.16,1.5,2,2
1.0,3.0,5.0,3.0,Visual,2.142857142857143,4.16,1.5,2,2
1.0,3.0,3.6666666666666665,3.0,Auditory,2.142857142857143,4.08,1.5,2,0
1.0,3.0,1.0,3.0,Auditory,2.142857142857143,4.32,1.5,2,0
5.0,3.0,1.0,3.0,Kinesthetic,3.857142857142857,3.9200000000000004,1.5,0,1
5.0,3.0,5.0,3.0,Kinesthetic,3.857142857142857,4.24,1.5,0,1
1.0,3.0,3.6666666666666665,3.0,Visual,2.142857142857143,2.12,1.5,2,2
1.0,3.0,3.6666666666666665,3.0,Auditory,2.142857142857143,4.08,2.175,2,0
1.0,3.0,1.0,3.0,Auditory,2.142857142857143,4.32,2.175,2,0
5.0,3.0,1.0,3.0,Kinesthetic,3.857142857142857,3.9200000000000004,2.175,0,1
5.0,3.0,5.0,3.0,Kinesthetic,3.857142857142857,4.24,2.175,0,1
1.0,3.0,3.6666666666666665,3.0,Visual,2.142857142857143,2.12,2.175,2,2
5.0,5.0,2.333333333333333,3.0,Visual,4.714285714285714,1.8399999999999999,2.175,1,2
5.0,3.0,2.333333333333333,3.0,Visual,3.857142857142857,1.8399999999999999,2.175,0,2
5.0,1.0,2.333333333333333,3.0,Visual,3.0,1.8399999999999999,2.175,0,2
1.0,3.0,5.0,3.0,Kinesthetic,2.142857142857143,3.8,1.5,2,1
1.0,5.0,5.0,3.0,Kinesthetic,3.0,3.8,2.175,2,1
5.0,5.0,2.333333333333333,3.0,Kinesthetic,4.714285714285714,1.52,1.5,1,1
5.0,5.0,3.6666666666666665,3.0,Visual,4.714285714285714,1.8399999999999999,1.5,1,2
5.0,3.0,2.333333333333333,3.0,Kinesthetic,3.857142857142857,1.52,1.5,0,1
5.0,3.0,3.6666666666666665,3.0,Visual,3.857142857142857,1.8399999999999999,1.5,0,2
5.0,5.0,2.333333333333333,3.0,Kinesthetic,4.714285714285714,1.52,2.175,1,1
5.0,5.0,3.6666666666666665,3.0,Visual,4.714285714285714,1.8399999999999999,2.175,1,2
5.0,3.0,2.333333333333333,3.0,Kinesthetic,3.857142857142857,1.52,2.175,0,1
5.0,3.0,3.6666666666666665,3.0,Visual,3.857142857142857,1.8399999999999999,2.175,0,2
1.0,3.0,3.6666666666666665,3.0,Kinesthetic,2.142857142857143,4.279999999999999,1.5,2,1
5.0,3.0,3.6666666666666665,3.0,Kinesthetic,3.857142857142857,1.4,1.5,0,1
1.0,5.0,3.6666666666666665,3.0,Kinesthetic,3.0,4.279999999999999,2.175,2,1
5.0,5.0,3.6666666666666665,3.0,Kinesthetic,4.714285714285714,1.4,2.175,1,1
1.0,3.0,3.6666666666666665,3.0,Kinesthetic,2.142857142857143,4.279999999999999,2.175,2,1
5.0,3.0,3.6666666666666665,3.0,Kinesthetic,3.857142857142857,1.4,2.175,0,1
5.0,5.0,2.333333333333333,3.0,Visual,4.714285714285714,1.44,2.175,1,2
5.0,3.0,5.0,3.0,Auditory,3.857142857142857,1.64,1.5,0,0
5.0,1.0,5.0,3.0,Auditory,3.0,1.64,2.175,0,0
1.0,1.0,2.333333333333333,3.0,Kinesthetic,1.2857142857142858,3.88,2.175,2,1
1.0,5.0,2.333333333333333,3.0,Kinesthetic,3.0,3.88,2.175,2,1
1.0,3.0,1.0,3.0,Visual,2.142857142857143,4.16,1.5,2,2
5.0,3.0,5.0,3.0,Kinesthetic,3.857142857142857,3.96,1.5,0,1
1.0,5.0,1.0,3.0,Visual,3.0,4.16,2.175,2,2
5.0,5.0,5.0,3.0,Kinesthetic,4.714285714285714,3.96,2.175,1,1
1.0,3.0,1.0,3.0,Kinesthetic,2.142857142857143,4.4,2.175,2,1
5.0,3.0,5.0,3.0,Visual,3.857142857142857,4.6,2.175,0,2
5.0,3.0,2.333333333333333,3.0,Kinesthetic,3.857142857142857,1.6,2.175,0,1
1.0,1.0,1.0,3.0,Kinesthetic,1.2857142857142858,4.4,2.175,2,1
5.0,1.0,5.0,3.0,Visual,3.0,4.6,2.175,0,2
5.0,1.0,2.333333333333333,3.0,Kinesthetic,3.0,1.6,2.175,0,1
1.0,3.0,1.0,3.0,Kinesthetic,2.142857142857143,4.4,1.5,2,1
5.0,3.0,5.0,3.0,Visual,3.857142857142857,4.6,1.5,0,2
5.0,3.0,2.333333333333333,3.0,Kinesthetic,3.857142857142857,1.6,1.5,0,1
5.0,3.0,1.0,3.0,Auditory,3.857142857142857,1.4,2.175,0,0
5.0,1.0,1.0,3.0,Auditory,3.0,1.4,2.175,0,0
5.0,3.0,1.0,3.0,Auditory,3.857142857142857,1.4,1.5,0,0
5.0,5.0,1.0,3.0,Auditory,4.714285714285714,1.4,1.5,1,0
5.0,5.0,1.0,3.0,Auditory,4.714285714285714,1.4,2.175,1,0
5.0,3.0,3.6666666666666665,3.0,Visual,3.857142857142857,4.32,1.5,0,2
5.0,3.0,3.6666666666666665,3.0,Visual,3.857142857142857,4.32,2.175,0,2
5.0,5.0,3.6666666666666665,3.0,Visual,4.714285714285714,4.32,2.175,1,2
5.0,1.0,3.6666666666666665,3.0,Visual,3.0,4.32,2.175,0,2
5.0,3.0,3.6666666666666665,3.0,Auditory,3.857142857142857,1.8399999999999999,2.175,0,0
5.0,1.0,3.6666666666666665,3.0,Auditory,3.0,1.8399999999999999,1.5,0,0
5.0,3.0,3.6666666666666665,3.0,Auditory,3.857142857142857,1.8399999999999999,1.5,0,0
5.0,5.0,3.6666666666666665,3.0,Auditory,4.714285714285714,1.8399999999999999,2.175,1,0
5.0,1.0,3.6666666666666665,3.0,Auditory,3.0,1.8399999999999999,2.175,0,0
5.0,5.0,1.0,3.0,Auditory,4.714285714285714,3.8,2.175,1,0
5.0,5.0,5.0,3.0,Kinesthetic,4.714285714285714,4.4799999999999995,2.175,1,1
5.0,3.0,1.0,3.0,Auditory,3.857142857142857,3.8,2.175,0,0
5.0,3.0,5.0,3.0,Kinesthetic,3.857142857142857,4.4799999999999995,2.175,0,1
5.0,3.0,1.0,3.0,Auditory,3.857142857142857,3.8,1.5,0,0
5.0,3.0,5.0,3.0,Kinesthetic,3.857142857142857,4.4799999999999995,1.5,0,1
5.0,3.0,2.333333333333333,3.0,Auditory,3.857142857142857,1.8399999999999999,2.175,0,0
5.0,3.0,5.0,3.0,Visual,3.857142857142857,4.08,2.175,0,2
1.0,3.0,1.0,3.0,Auditory,2.142857142857143,1.8800000000000001,2.175,2,0
5.0,5.0,2.333333333333333,3.0,Auditory,4.714285714285714,1.8399999999999999,2.175,1,0
5.0,5.0,5.0,3.0,Visual,4.714285714285714,4.08,2.175,1,2
1.0,5.0,1.0,3.0,Auditory,3.0,1.8800000000000001,2.175,2,0
5.0,3.0,2.333333333333333,3.0,Visual,3.857142857142857,4.08,2.175,0,2
5.0,3.0,2.333333333333333,3.0,Auditory,3.857142857142857,2.2,2.175,0,0
5.0,3.0,1.0,3.0,Visual,3.857142857142857,4.6,2.175,0,2
5.0,5.0,2.333333333333333,3.0,Visual,4.714285714285714,4.08,2.175,1,2
5.0,5.0,2.333333333333333,3.0,Auditory,4.714285714285714,2.2,2.175,1,0
5.0,5.0,1.0,3.0,Visual,4.714285714285714,4.6,2.175,1,2
1.0,3.0,3.6666666666666665,3.0,Kinesthetic,2.142857142857143,4.36,2.175,2,1
1.0,3.0,1.0,3.0,Kinesthetic,2.142857142857143,4.6,2.175,2,1
1.0,5.0,3.6666666666666665,3.0,Kinesthetic,3.0,4.36,1.5,2,1
1.0,5.0,1.0,3.0,Kinesthetic,3.0,4.6,1.5,2,1
1.0,3.0,3.6666666666666665,3.0,Kinesthetic,2.142857142857143,4.36,1.5,2,1
1.0,3.0,1.0,3.0,Kinesthetic,2.142857142857143,4.6,1.5,2,1
5.0,1.0,1.0,3.0,Visual,3.0,2.2,2.175,0,2
5.0,3.0,1.0,3.0,Visual,3.857142857142857,2.2,2.175,0,2
5.0,5.0,1.0,3.0,Visual,4.714285714285714,2.2,2.175,1,2
5.0,3.0,5.0,3.0,Auditory,3.857142857142857,1.7600000000000002,2.175,0,0
5.0,3.0,1.0,3.0,Kinesthetic,3.857142857142857,1.72,2.175,0,1
5.0,1.0,5.0,3.0,Auditory,3.0,1.7600000000000002,1.5,0,0
5.0,1.0,1.0,3.0,Kinesthetic,3.0,1.72,1.5,0,1
5.0,3.0,5.0,3.0,Auditory,3.857142857142857,1.7600000000000002,1.5,0,0
5.0,3.0,1.0,3.0,Kinesthetic,3.857142857142857,1.72,1.5,0,1
5.0,3.0,3.6666666666666665,3.0,Visual,3.857142857142857,3.9200000000000004,1.5,0,2
5.0,5.0,3.6666666666666665,3.0,Visual,4.714285714285714,3.9200000000000004,2.175,1,2
5.0,1.0,3.6666666666666665,3.0,Visual,3.0,3.9200000000000004,1.5,0,2
5.0,1.0,3.6666666666666665,3.0,Kinesthetic,3.0,2.04,1.5,0,1
5.0,3.0,5.0,3.0,Auditory,3.857142857142857,2.12,2.175,0,0
5.0,3.0,5.0,3.0,Auditory,3.857142857142857,2.12,1.5,0,0
5.0,5.0,5.0,3.0,Auditory,4.714285714285714,2.12,2.175,1,0
5.0,1.0,5.0,3.0,Auditory,3.0,2.12,2.175,0,0
1.0,3.0,1.0,3.0,Auditory,2.142857142857143,2.2,1.5,2,0
1.0,5.0,1.0,3.0,Auditory,3.0,2.2,1.5,2,0
1.0,5.0,1.0,3.0,Auditory,3.0,2.2,2.175,2,0
1.0,3.0,1.0,3.0,Auditory,2.142857142857143,2.2,2.175,2,0
1.0,1.0,1.0,3.0,Auditory,1.2857142857142858,2.2,2.175,2,0
5.0,3.0,1.0,3.0,Kinesthetic,3.857142857142857,4.2,2.175,0,1
5.0,3.0,1.0,3.0,Visual,3.857142857142857,4.4,2.175,0,2
5.0,3.0,1.0,3.0,Kinesthetic,3.857142857142857,2.0,2.175,0,1
5.0,5.0,1.0,3.0,Kinesthetic,4.714285714285714,4.2,1.5,1,1
5.0,5.0,1.0,3.0,Visual,4.714285714285714,4.4,1.5,1,2
5.0,5.0,1.0,3.0,Kinesthetic,4.714285714285714,2.0,1.5,1,1
5.0,3.0,1.0,3.0,Kinesthetic,3.857142857142857,4.2,1.5,0,1
5.0,3.0,1.0,3.0,Visual,3.857142857142857,4.4,1.5,0,2
5.0,3.0,1.0,3.0,Kinesthetic,3.857142857142857,2.0,1.5,0,1
5.0,1.0,1.0,3.0,Kinesthetic,3.0,4.2,1.5,0,1
5.0,1.0,1.0,3.0,Visual,3.0,4.4,1.5,0,2
5.0,1.0,1.0,3.0,Kinesthetic,3.0,2.0,1.5,0,1
1.0,1.0,3.6666666666666665,3.0,Auditory,1.2857142857142858,4.32,1.5,2,0
5.0,1.0,5.0,3.0,Kinesthetic,3.0,1.92,1.5,0,1
1.0,1.0,3.6666666666666665,3.0,Visual,1.2857142857142858,4.2,1.5,2,2
1.0,5.0,3.6666666666666665,3.0,Auditory,3.0,4.32,1.5,2,0
5.0,5.0,5.0,3.0,Kinesthetic,4.714285714285714,1.92,1.5,1,1
1.0,5.0,3.6666666666666665,3.0,Visual,3.0,4.2,1.5,2,2
1.0,3.0,3.6666666666666665,3.0,Auditory,2.142857142857143,4.32,1.5,2,0
5.0,3.0,5.0,3.0,Kinesthetic,3.857142857142857,1.92,1.5,0,1
1.0,3.0,3.6666666666666665,3.0,Visual,2.142857142857143,4.2,1.5,2,2
1.0,5.0,2.333333333333333,3.0,Kinesthetic,3.0,3.8,2.175,2,1
5.0,5.0,5.0,3.0,Auditory,4.714285714285714,2.0,2.175,1,0
5.0,5.0,3.6666666666666665,3.0,Auditory,4.714285714285714,3.8,2.175,1,0
1.0,5.0,2.333333333333333,3.0,Kinesthetic,3.0,3.8,1.5,2,1
5.0,5.0,5.0,3.0,Auditory,4.714285714285714,2.0,1.5,1,0
5.0,5.0,3.6666666666666665,3.0,Auditory,4.714285714285714,3.8,1.5,1,0
1.0,3.0,2.333333333333333,3.0,Kinesthetic,2.142857142857143,3.8,2.175,2,1
5.0,3.0,5.0,3.0,Auditory,3.857142857142857,2.0,2.175,0,0
5.0,3.0,3.6666666666666665,3.0,Auditory,3.857142857142857,3.8,2.175,0,0
1.0,3.0,2.333333333333333,3.0,Kinesthetic,2.142857142857143,3.8,1.5,2,1
5.0,3.0,5.0,3.0,Auditory,3.857142857142857,2.0,1.5,0,0
5.0,3.0,3.6666666666666665,3.0,Auditory,3.857142857142857,3.8,1.5,0,0
1.0,1.0,2.333333333333333,3.0,Kinesthetic,1.2857142857142858,3.8,2.175,2,1
5.0,1.0,5.0,3.0,Auditory,3.0,2.0,2.175,0,0
5.0,1.0,3.6666666666666665,3.0,Auditory,3.0,3.8,2.175,0,0
5.0,5.0,5.0,3.0,Kinesthetic,4.714285714285714,1.7600000000000002,2.175,1,1
5.0,5.0,5.0,3.0,Visual,4.714285714285714,3.96,2.175,1,2
5.0,1.0,5.0,3.0,Kinesthetic,3.0,1.7600000000000002,1.5,0,1
5.0,1.0,5.0,3.0,Visual,3.0,3.96,1.5,0,2
5.0,5.0,5.0,3.0,Kinesthetic,4.714285714285714,1.7600000000000002,1.5,1,1
5.0,5.0,5.0,3.0,Visual,4.714285714285714,3.96,1.5,1,2
5.0,3.0,5.0,3.0,Kinesthetic,3.857142857142857,1.7600000000000002,2.175,0,1
5.0,5.0,1.0,3.0,Kinesthetic,4.714285714285714,1.6,1.5,1,1
5.0,5.0,3.6666666666666665,3.0,Visual,4.714285714285714,4.16,1.5,1,2
5.0,1.0,1.0,3.0,Kinesthetic,3.0,1.6,2.175,0,1
5.0,1.0,3.6666666666666665,3.0,Visual,3.0,4.16,2.175,0,2
5.0,3.0,1.0,3.0,Kinesthetic,3.857142857142857,1.6,1.5,0,1
5.0,3.0,3.6666666666666665,3.0,Visual,3.857142857142857,4.16,1.5,0,2
5.0,5.0,1.0,3.0,Kinesthetic,4.714285714285714,1.6,2.175,1,1
5.0,5.0,3.6666666666666665,3.0,Visual,4.714285714285714,4.16,2.175,1,2
5.0,1.0,5.0,3.0,Auditory,3.0,4.24,1.5,0,0
5.0,5.0,5.0,3.0,Auditory,4.714285714285714,4.24,2.175,1,0
5.0,3.0,5.0,3.0,Auditory,3.857142857142857,4.24,2.175,0,0
5.0,3.0,5.0,3.0,Auditory,3.857142857142857,4.24,1.5,0,0
1.0,1.0,3.6666666666666665,3.0,Auditory,1.2857142857142858,4.0,2.175,2,0
1.0,3.0,3.6666666666666665,3.0,Auditory,2.142857142857143,4.0,2.175,2,0
1.0,3.0,3.6666666666666665,3.0,Auditory,2.142857142857143,4.0,1.5,2,0
5.0,3.0,5.0,3.0,Auditory,3.857142857142857,1.52,1.5,0,0
5.0,3.0,1.0,3.0,Visual,3.857142857142857,2.12,1.5,0,2
5.0,3.0,1.0,3.0,Visual,3.857142857142857,2.12,2.175,0,2
5.0,5.0,5.0,3.0,Auditory,4.714285714285714,1.52,2.175,1,0
5.0,5.0,1.0,3.0,Visual,4.714285714285714,2.12,2.175,1,2
5.0,1.0,5.0,3.0,Auditory,3.0,1.52,2.175,0,0
5.0,1.0,1.0,3.0,Visual,3.0,2.12,2.175,0,2
5.0,3.0,5.0,3.0,Auditory,3.857142857142857,4.4399999999999995,2.175,0,0
5.0,5.0,5.0,3.0,Auditory,4.714285714285714,4.4399999999999995,2.175,1,0
5.0,1.0,5.0,3.0,Auditory,3.0,4.4399999999999995,2.175,0,0
5.0,3.0,5.0,3.0,Auditory,3.857142857142857,4.4399999999999995,1.5,0,0
5.0,1.0,5.0,3.0,Auditory,3.0,4.4399999999999995,1.5,0,0
5.0,5.0,1.0,3.0,Kinesthetic,4.714285714285714,4.36,2.175,1,1
1.0,5.0,5.0,3.0,Kinesthetic,3.0,4.04,2.175,2,1
5.0,3.0,1.0,3.0,Kinesthetic,3.857142857142857,4.36,2.175,0,1
1.0,3.0,5.0,3.0,Kinesthetic,2.142857142857143,4.04,2.175,2,1
5.0,5.0,2.333333333333333,3.0,Kinesthetic,4.714285714285714,4.4799999999999995,2.175,1,1
5.0,3.0,2.333333333333333,3.0,Kinesthetic,3.857142857142857,4.4799999999999995,2.175,0,1
5.0,1.0,2.333333333333333,3.0,Kinesthetic,3.0,4.4799999999999995,2.175,0,1
5.0,5.0,5.0,3.0,Visual,4.714285714285714,1.6,2.175,1,2
5.0,3.0,5.0,3.0,Visual,3.857142857142857,1.6,2.175,0,2
5.0,3.0,5.0,3.0,Visual,3.857142857142857,1.6,1.5,0,2
5.0,5.0,1.0,3.0,Visual,4.714285714285714,4.5200000000000005,2.175,1,2
5.0,3.0,1.0,3.0,Visual,3.857142857142857,4.5200000000000005,1.5,0,2
5.0,3.0,1.0,3.0,Visual,3.857142857142857,4.5200000000000005,2.175,0,2
5.0,1.0,1.0,3.0,Visual,3.0,4.5200000000000005,2.175,0,2
5.0,5.0,1.0,3.0,Visual,4.714285714285714,4.5200000000000005,1.5,1,2
1.0,5.0,2.333333333333333,3.0,Kinesthetic,3.0,2.2,1.5,2,1
5.0,5.0,3.6666666666666665,3.0,Auditory,4.714285714285714,4.4399999999999995,1.5,1,0
1.0,1.0,2.333333333333333,3.0,Kinesthetic,1.2857142857142858,2.2,2.175,2,1
5.0,1.0,3.6666666666666665,3.0,Auditory,3.0,4.4399999999999995,2.175,0,0
1.0,3.0,2.333333333333333,3.0,Kinesthetic,2.142857142857143,2.2,1.5,2,1
5.0,3.0,3.6666666666666665,3.0,Auditory,3.857142857142857,4.4399999999999995,1.5,0,0
1.0,3.0,2.333333333333333,3.0,Kinesthetic,2.142857142857143,2.2,2.175,2,1
5.0,3.0,3.6666666666666665,3.0,Auditory,3.857142857142857,4.4399999999999995,2.175,0,0
1.0,1.0,2.333333333333333,3.0,Kinesthetic,1.2857142857142858,2.2,1.5,2,1
5.0,1.0,3.6666666666666665,3.0,Auditory,3.0,4.4399999999999995,1.5,0,0
1.0,3.0,3.6666666666666665,3.0,Kinesthetic,2.142857142857143,4.6,1.5,2,1
1.0,1.0,3.6666666666666665,3.0,Kinesthetic,1.2857142857142858,4.0,2.175,2,1
1.0,1.0,2.333333333333333,3.0,Visual,1.2857142857142858,4.6,2.175,2,2
1.0,5.0,3.6666666666666665,3.0,Kinesthetic,3.0,4.0,2.175,2,1
1.0,5.0,2.333333333333333,3.0,Visual,3.0,4.6,2.175,2,2
1.0,5.0,3.6666666666666665,3.0,Kinesthetic,3.0,4.0,1.5,2,1
1.0,5.0,2.333333333333333,3.0,Visual,3.0,4.6,1.5,2,2
1.0,3.0,3.6666666666666665,3.0,Kinesthetic,2.142857142857143,4.0,1.5,2,1
1.0,3.0,2.333333333333333,3.0,Visual,2.142857142857143,4.6,1.5,2,2
5.0,3.0,2.333333333333333,3.0,Visual,3.857142857142857,1.9600000000000002,2.175,0,2
5.0,3.0,2.333333333333333,3.0,Visual,3.857142857142857,1.9600000000000002,1.5,0,2
5.0,3.0,3.6666666666666665,3.0,Visual,3.857142857142857,4.5600000000000005,1.5,0,2
5.0,3.0,1.0,3.0,Visual,3.857142857142857,4.12,1.5,0,2
5.0,3.0,3.6666666666666665,3.0,Visual,3.857142857142857,4.5600000000000005,2.175,0,2
5.0,3.0,1.0,3.0,Visual,3.857142857142857,4.12,2.175,0,2
5.0,3.0,2.333333333333333,3.0,Auditory,3.857142857142857,4.5600000000000005,1.5,0,0
1.0,3.0,2.333333333333333,3.0,Auditory,2.142857142857143,4.08,1.5,2,0
5.0,3.0,2.333333333333333,3.0,Auditory,3.857142857142857,4.5600000000000005,2.175,0,0
1.0,3.0,2.333333333333333,3.0,Auditory,2.142857142857143,4.08,2.175,2,0
5.0,1.0,2.333333333333333,3.0,Auditory,3.0,4.5600000000000005,1.5,0,0
1.0,1.0,2.333333333333333,3.0,Auditory,1.2857142857142858,4.08,1.5,2,0
5.0,3.0,5.0,3.0,Auditory,3.857142857142857,3.84,2.175,0,0
5.0,1.0,5.0,3.0,Auditory,3.0,3.84,2.175,0,0
5.0,5.0,5.0,3.0,Auditory,4.714285714285714,3.84,2.175,1,0
5.0,3.0,5.0,3.0,Auditory,3.857142857142857,3.84,1.5,0,0
5.0,1.0,1.0,3.0,Visual,3.0,3.88,2.175,0,2
5.0,1.0,2.333333333333333,3.0,Auditory,3.0,1.52,2.175,0,0
5.0,3.0,1.0,3.0,Visual,3.857142857142857,3.88,2.175,0,2
5.0,3.0,2.333333333333333,3.0,Auditory,3.857142857142857,1.52,2.175,0,0
1.0,5.0,1.0,3.0,Auditory,3.0,1.44,2.175,2,0
1.0,5.0,2.333333333333333,3.0,Kinesthetic,3.0,1.48,2.175,2,1
1.0,3.0,1.0,3.0,Auditory,2.142857142857143,1.44,2.175,2,0
1.0,3.0,2.333333333333333,3.0,Kinesthetic,2.142857142857143,1.48,2.175,2,1
1.0,1.0,1.0,3.0,Auditory,1.2857142857142858,1.44,1.5,2,0
1.0,1.0,2.333333333333333,3.0,Kinesthetic,1.2857142857142858,1.48,1.5,2,1
5.0,5.0,2.333333333333333,3.0,Kinesthetic,4.714285714285714,1.8800000000000001,2.175,1,1
5.0,3.0,2.333333333333333,3.0,Kinesthetic,3.857142857142857,1.8800000000000001,1.5,0,1
5.0,3.0,2.333333333333333,3.0,Kinesthetic,3.857142857142857,1.8800000000000001,2.175,0,1
1.0,3.0,3.6666666666666665,3.0,Kinesthetic,2.142857142857143,1.7600000000000002,2.175,2,1
5.0,3.0,2.333333333333333,3.0,Visual,3.857142857142857,4.5200000000000005,2.175,0,2
1.0,5.0,3.6666666666666665,3.0,Kinesthetic,3.0,1.7600000000000002,2.175,2,1
5.0,5.0,2.333333333333333,3.0,Visual,4.714285714285714,4.5200000000000005,2.175,1,2
1.0,3.0,3.6666666666666665,3.0,Kinesthetic,2.142857142857143,1.7600000000000002,1.5,2,1
5.0,3.0,2.333333333333333,3.0,Visual,3.857142857142857,4.5200000000000005,1.5,0,2
1.0,1.0,3.6666666666666665,3.0,Kinesthetic,1.2857142857142858,1.7600000000000002,2.175,2,1
5.0,1.0,2.333333333333333,3.0,Visual,3.0,4.5200000000000005,2.175,0,2
1.0,3.0,3.6666666666666665,3.0,Auditory,2.142857142857143,1.8800000000000001,1.5,2,0
1.0,3.0,5.0,3.0,Kinesthetic,2.142857142857143,4.04,1.5,2,1
5.0,3.0,5.0,3.0,Visual,3.857142857142857,4.4399999999999995,1.5,0,2
1.0,1.0,3.6666666666666665,3.0,Auditory,1.2857142857142858,1.8800000000000001,2.175,2,0
1.0,1.0,5.0,3.0,Kinesthetic,1.2857142857142858,4.04,2.175,2,1
5.0,1.0,5.0,3.0,Visual,3.0,4.4399999999999995,2.175,0,2
1.0,3.0,3.6666666666666665,3.0,Auditory,2.142857142857143,1.8800000000000001,2.175,2,0
5.0,3.0,5.0,3.0,Visual,3.857142857142857,4.4399999999999995,2.175,0,2
1.0,5.0,3.6666666666666665,3.0,Auditory,3.0,1.8800000000000001,2.175,2,0
5.0,5.0,5.0,3.0,Visual,4.714285714285714,4.4399999999999995,2.175,1,2
1.0,5.0,3.6666666666666665,3.0,Auditory,3.0,1.6800000000000002,2.175,2,0
5.0,5.0,2.333333333333333,3.0,Kinesthetic,4.714285714285714,4.4,2.175,1,1
5.0,5.0,5.0,3.0,Kinesthetic,4.714285714285714,4.4399999999999995,2.175,1,1
1.0,5.0,3.6666666666666665,3.0,Visual,3.0,4.4,2.175,2,2
1.0,3.0,3.6666666666666665,3.0,Auditory,2.142857142857143,1.6800000000000002,2.175,2,0
5.0,3.0,2.333333333333333,3.0,Kinesthetic,3.857142857142857,4.4,2.175,0,1
5.0,3.0,5.0,3.0,Kinesthetic,3.857142857142857,4.4399999999999995,2.175,0,1
1.0,3.0,3.6666666666666665,3.0,Visual,2.142857142857143,4.4,2.175,2,2
1.0,1.0,3.6666666666666665,3.0,Auditory,1.2857142857142858,1.6800000000000002,1.5,2,0
5.0,1.0,2.333333333333333,3.0,Kinesthetic,3.0,4.4,1.5,0,1
5.0,1.0,5.0,3.0,Kinesthetic,3.0,4.4399999999999995,1.5,0,1
1.0,1.0,3.6666666666666665,3.0,Visual,1.2857142857142858,4.4,1.5,2,2
5.0,1.0,5.0,3.0,Auditory,3.0,3.84,1.5,0,0
5.0,5.0,1.0,3.0,Kinesthetic,4.714285714285714,1.4,1.5,1,1
5.0,1.0,1.0,3.0,Auditory,3.0,1.8800000000000001,1.5,0,0
5.0,1.0,1.0,3.0,Kinesthetic,3.0,1.4,1.5,0,1
5.0,3.0,1.0,3.0,Auditory,3.857142857142857,1.8800000000000001,2.175,0,0
5.0,3.0,1.0,3.0,Kinesthetic,3.857142857142857,1.4,2.175,0,1
5.0,3.0,1.0,3.0,Kinesthetic,3.857142857142857,1.4,1.5,0,1
5.0,5.0,1.0,3.0,Auditory,4.714285714285714,1.8800000000000001,2.175,1,0
5.0,5.0,1.0,3.0,Kinesthetic,4.714285714285714,1.4,2.175,1,1
5.0,1.0,2.333333333333333,3.0,Auditory,3.0,1.44,2.175,0,0
1.0,1.0,5.0,3.0,Visual,1.2857142857142858,4.5600000000000005,2.175,2,2
5.0,3.0,2.333333333333333,3.0,Auditory,3.857142857142857,1.44,1.5,0,0
1.0,3.0,5.0,3.0,Visual,2.142857142857143,4.5600000000000005,1.5,2,2
5.0,5.0,2.333333333333333,3.0,Auditory,4.714285714285714,1.44,2.175,1,0
1.0,5.0,5.0,3.0,Visual,3.0,4.5600000000000005,2.175,2,2
1.0,1.0,5.0,3.0,Auditory,1.2857142857142858,2.12,2.175,2,0
1.0,1.0,1.0,3.0,Kinesthetic,1.2857142857142858,4.36,2.175,2,1
5.0,1.0,5.0,3.0,Kinesthetic,3.0,4.6,2.175,0,1
1.0,5.0,5.0,3.0,Auditory,3.0,2.12,2.175,2,0
1.0,5.0,1.0,3.0,Kinesthetic,3.0,4.36,2.175,2,1
5.0,5.0,5.0,3.0,Kinesthetic,4.714285714285714,4.6,2.175,1,1
5.0,3.0,1.0,3.0,Visual,3.857142857142857,4.5600000000000005,2.175,0,2
1.0,3.0,5.0,3.0,Auditory,2.142857142857143,3.96,2.175,2,0
5.0,1.0,1.0,3.0,Visual,3.0,4.5600000000000005,2.175,0,2
1.0,1.0,5.0,3.0,Auditory,1.2857142857142858,3.96,2.175,2,0
5.0,3.0,1.0,3.0,Kinesthetic,3.857142857142857,4.12,2.175,0,1
1.0,3.0,5.0,3.0,Auditory,2.142857142857143,1.4,2.175,2,0
5.0,5.0,1.0,3.0,Kinesthetic,4.714285714285714,4.12,2.175,1,1
1.0,5.0,5.0,3.0,Auditory,3.0,1.4,2.175,2,0
5.0,1.0,1.0,3.0,Kinesthetic,3.0,4.12,2.175,0,1
1.0,1.0,5.0,3.0,Auditory,1.2857142857142858,1.4,2.175,2,0
5.0,3.0,1.0,3.0,Visual,3.857142857142857,4.04,1.5,0,2
5.0,3.0,1.0,3.0,Auditory,3.857142857142857,4.36,1.5,0,0
1.0,3.0,5.0,3.0,Kinesthetic,2.142857142857143,4.4,1.5,2,1
5.0,5.0,1.0,3.0,Visual,4.714285714285714,4.04,2.175,1,2
5.0,5.0,1.0,3.0,Auditory,4.714285714285714,4.36,2.175,1,0
1.0,5.0,5.0,3.0,Kinesthetic,3.0,4.4,2.175,2,1
5.0,3.0,1.0,3.0,Visual,3.857142857142857,4.04,2.175,0,2
5.0,3.0,1.0,3.0,Auditory,3.857142857142857,4.36,2.175,0,0
1.0,3.0,5.0,3.0,Kinesthetic,2.142857142857143,4.4,2.175,2,1
5.0,5.0,1.0,3.0,Visual,4.714285714285714,4.04,1.5,1,2
5.0,5.0,1.0,3.0,Auditory,4.714285714285714,4.36,1.5,1,0
1.0,5.0,5.0,3.0,Kinesthetic,3.0,4.4,1.5,2,1
5.0,3.0,2.333333333333333,3.0,Visual,3.857142857142857,4.36,2.175,0,2
5.0,3.0,1.0,3.0,Auditory,3.857142857142857,1.6,2.175,0,0
5.0,5.0,2.333333333333333,3.0,Visual,4.714285714285714,4.36,2.175,1,2
5.0,5.0,1.0,3.0,Auditory,4.714285714285714,1.6,2.175,1,0
5.0,3.0,2.333333333333333,3.0,Visual,3.857142857142857,4.36,1.5,0,2
5.0,3.0,1.0,3.0,Auditory,3.857142857142857,1.6,1.5,0,0
5.0,1.0,2.333333333333333,3.0,Visual,3.0,4.36,2.175,0,2
5.0,1.0,1.0,3.0,Auditory,3.0,1.6,2.175,0,0
5.0,1.0,2.333333333333333,3.0,Visual,3.0,4.36,1.5,0,2
5.0,1.0,1.0,3.0,Auditory,3.0,1.6,1.5,0,0
1.0,3.0,2.333333333333333,3.0,Auditory,2.142857142857143,4.12,1.5,2,0
1.0,3.0,2.333333333333333,3.0,Auditory,2.142857142857143,4.12,2.175,2,0
1.0,5.0,2.333333333333333,3.0,Auditory,3.0,4.12,1.5,2,0
1.0,1.0,2.333333333333333,3.0,Auditory,1.2857142857142858,4.12,2.175,2,0
1.0,1.0,2.333333333333333,3.0,Auditory,1.2857142857142858,4.12,1.5,2,0
5.0,3.0,1.0,3.0,Kinesthetic,3.857142857142857,1.8399999999999999,1.5,0,1
1.0,3.0,1.0,3.0,Visual,2.142857142857143,2.2,1.5,2,2
5.0,1.0,1.0,3.0,Kinesthetic,3.0,1.8399999999999999,2.175,0,1
1.0,1.0,1.0,3.0,Visual,1.2857142857142858,2.2,2.175,2,2
1.0,3.0,3.6666666666666665,3.0,Auditory,2.142857142857143,4.4,2.175,2,0
1.0,5.0,3.6666666666666665,3.0,Auditory,3.0,4.4,2.175,2,0
1.0,1.0,3.6666666666666665,3.0,Auditory,1.2857142857142858,4.4,1.5,2,0
1.0,5.0,3.6666666666666665,3.0,Auditory,3.0,4.4,1.5,2,0
1.0,3.0,1.0,3.0,Visual,2.142857142857143,3.9200000000000004,1.5,2,2
1.0,3.0,1.0,3.0,Visual,2.142857142857143,3.9200000000000004,2.175,2,2
5.0,1.0,2.333333333333333,3.0,Visual,3.0,3.88,2.175,0,2
5.0,5.0,2.333333333333333,3.0,Visual,4.714285714285714,3.88,2.175,1,2
1.0,3.0,2.333333333333333,3.0,Kinesthetic,2.142857142857143,3.88,2.175,2,1
5.0,3.0,2.333333333333333,3.0,Visual,3.857142857142857,3.88,2.175,0,2
1.0,3.0,2.333333333333333,3.0,Kinesthetic,2.142857142857143,3.88,1.5,2,1
5.0,3.0,2.333333333333333,3.0,Visual,3.857142857142857,3.88,1.5,0,2
5.0,3.0,1.0,3.0,Auditory,3.857142857142857,1.6800000000000002,1.5,0,0
5.0,5.0,5.0,3.0,Visual,4.714285714285714,2.04,2.175,1,2
5.0,3.0,5.0,3.0,Visual,3.857142857142857,2.04,2.175,0,2
5.0,3.0,5.0,3.0,Visual,3.857142857142857,2.04,1.5,0,2
1.0,3.0,1.0,3.0,Auditory,2.142857142857143,4.5600000000000005,2.175,2,0
1.0,3.0,1.0,3.0,Auditory,2.142857142857143,4.5600000000000005,1.5,2,0
1.0,3.0,5.0,3.0,Visual,2.142857142857143,1.9600000000000002,2.175,2,2
1.0,5.0,5.0,3.0,Visual,3.0,1.9600000000000002,2.175,2,2
1.0,3.0,5.0,3.0,Visual,2.142857142857143,1.9600000000000002,1.5,2,2
1.0,1.0,5.0,3.0,Visual,1.2857142857142858,1.9600000000000002,2.175,2,2
1.0,5.0,5.0,3.0,Visual,3.0,1.9600000000000002,1.5,2,2
5.0,3.0,1.0,3.0,Kinesthetic,3.857142857142857,1.92,2.175,0,1
1.0,3.0,1.0,3.0,Visual,2.142857142857143,4.36,2.175,2,2
1.0,3.0,2.333333333333333,3.0,Visual,2.142857142857143,4.2,2.175,2,2
5.0,1.0,1.0,3.0,Kinesthetic,3.0,1.92,2.175,0,1
1.0,1.0,1.0,3.0,Visual,1.2857142857142858,4.36,2.175,2,2
1.0,1.0,2.333333333333333,3.0,Visual,1.2857142857142858,4.2,2.175,2,2
1.0,3.0,5.0,3.0,Visual,2.142857142857143,4.32,1.5,2,2
1.0,5.0,5.0,3.0,Visual,3.0,4.32,2.175,2,2
1.0,1.0,5.0,3.0,Visual,1.2857142857142858,4.32,1.5,2,2
1.0,3.0,5.0,3.0,Visual,2.142857142857143,4.32,2.175,2,2
1.0,1.0,5.0,3.0,Visual,1.2857142857142858,4.32,2.175,2,2
5.0,5.0,3.6666666666666665,3.0,Visual,4.714285714285714,4.4,2.175,1,2
5.0,3.0,3.6666666666666665,3.0,Visual,3.857142857142857,4.4,1.5,0,2
5.0,1.0,3.6666666666666665,3.0,Visual,3.0,4.4,1.5,0,2
5.0,3.0,3.6666666666666665,3.0,Visual,3.857142857142857,4.4,2.175,0,2
5.0,1.0,3.6666666666666665,3.0,Visual,3.0,4.4,2.175,0,2
5.0,5.0,3.6666666666666665,3.0,Visual,4.714285714285714,1.52,2.175,1,2
5.0,3.0,1.0,3.0,Auditory,3.857142857142857,4.279999999999999,1.5,0,0
5.0,5.0,1.0,3.0,Auditory,4.714285714285714,4.279999999999999,2.175,1,0
5.0,5.0,1.0,3.0,Auditory,4.714285714285714,4.279999999999999,1.5,1,0
5.0,1.0,1.0,3.0,Auditory,3.0,4.279999999999999,1.5,0,0
1.0,5.0,2.333333333333333,3.0,Auditory,3.0,4.32,2.175,2,0
5.0,5.0,1.0,3.0,Visual,4.714285714285714,1.72,2.175,1,2
1.0,3.0,2.333333333333333,3.0,Auditory,2.142857142857143,4.32,1.5,2,0
5.0,3.0,1.0,3.0,Visual,3.857142857142857,1.72,1.5,0,2
1.0,3.0,2.333333333333333,3.0,Auditory,2.142857142857143,4.32,2.175,2,0
5.0,3.0,1.0,3.0,Visual,3.857142857142857,1.72,2.175,0,2
5.0,3.0,3.6666666666666665,3.0,Kinesthetic,3.857142857142857,4.4,1.5,0,1
5.0,3.0,2.333333333333333,3.0,Visual,3.857142857142857,1.92,1.5,0,2
5.0,3.0,1.0,3.0,Visual,3.857142857142857,1.4,1.5,0,2
5.0,3.0,2.333333333333333,3.0,Auditory,3.857142857142857,1.8800000000000001,1.5,0,0
5.0,3.0,2.333333333333333,3.0,Visual,3.857142857142857,1.8,1.5,0,2
5.0,3.0,3.6666666666666665,3.0,Kinesthetic,3.857142857142857,4.4,2.175,0,1
5.0,3.0,2.333333333333333,3.0,Visual,3.857142857142857,1.92,2.175,0,2
5.0,3.0,1.0,3.0,Visual,3.857142857142857,1.4,2.175,0,2
5.0,3.0,2.333333333333333,3.0,Auditory,3.857142857142857,1.8800000000000001,2.175,0,0
5.0,3.0,2.333333333333333,3.0,Visual,3.857142857142857,1.8,2.175,0,2
1.0,5.0,5.0,3.0,Visual,3.0,3.9200000000000004,2.175,2,2
5.0,5.0,3.6666666666666665,3.0,Visual,4.714285714285714,3.84,2.175,1,2
1.0,5.0,5.0,3.0,Visual,3.0,3.9200000000000004,1.5,2,2
5.0,5.0,3.6666666666666665,3.0,Visual,4.714285714285714,3.84,1.5,1,2
1.0,3.0,5.0,3.0,Visual,2.142857142857143,3.9200000000000004,1.5,2,2
5.0,3.0,3.6666666666666665,3.0,Visual,3.857142857142857,3.84,1.5,0,2
5.0,5.0,3.6666666666666665,3.0,Auditory,4.714285714285714,1.9600000000000002,2.175,1,0
5.0,5.0,2.333333333333333,3.0,Visual,4.714285714285714,4.4,2.175,1,2
5.0,3.0,3.6666666666666665,3.0,Auditory,3.857142857142857,1.9600000000000002,2.175,0,0
5.0,3.0,2.333333333333333,3.0,Visual,3.857142857142857,4.4,2.175,0,2
5.0,3.0,3.6666666666666665,3.0,Auditory,3.857142857142857,1.9600000000000002,1.5,0,0
5.0,3.0,2.333333333333333,3.0,Visual,3.857142857142857,4.4,1.5,0,2
5.0,3.0,1.0,3.0,Auditory,3.857142857142857,4.32,1.5,0,0
5.0,5.0,1.0,3.0,Auditory,4.714285714285714,4.32,1.5,1,0
5.0,3.0,3.6666666666666665,3.0,Auditory,3.857142857142857,3.9200000000000004,2.175,0,0
5.0,5.0,3.6666666666666665,3.0,Auditory,4.714285714285714,3.9200000000000004,2.175,1,0
5.0,1.0,3.6666666666666665,3.0,Auditory,3.0,3.9200000000000004,1.5,0,0
5.0,3.0,3.6666666666666665,3.0,Auditory,3.857142857142857,3.9200000000000004,1.5,0,0
5.0,5.0,3.6666666666666665,3.0,Auditory,4.714285714285714,3.9200000000000004,1.5,1,0
5.0,5.0,1.0,3.0,Kinesthetic,4.714285714285714,1.9600000000000002,2.175,1,1
1.0,5.0,1.0,3.0,Visual,3.0,3.96,2.175,2,2
5.0,1.0,1.0,3.0,Kinesthetic,3.0,1.9600000000000002,2.175,0,1
1.0,1.0,1.0,3.0,Visual,1.2857142857142858,3.96,2.175,2,2
5.0,3.0,3.6666666666666665,3.0,Auditory,3.857142857142857,2.12,1.5,0,0
5.0,3.0,2.333333333333333,3.0,Visual,3.857142857142857,4.279999999999999,1.5,0,2
5.0,3.0,3.6666666666666665,3.0,Auditory,3.857142857142857,2.12,2.175,0,0
5.0,3.0,2.333333333333333,3.0,Visual,3.857142857142857,4.279999999999999,2.175,0,2
5.0,3.0,2.333333333333333,3.0,Auditory,3.857142857142857,2.2,1.5,0,0
5.0,3.0,3.6666666666666665,3.0,Visual,3.857142857142857,4.4799999999999995,1.5,0,2
5.0,3.0,3.6666666666666665,3.0,Visual,3.857142857142857,4.4799999999999995,2.175,0,2
5.0,3.0,1.0,3.0,Auditory,3.857142857142857,1.64,2.175,0,0
5.0,1.0,1.0,3.0,Auditory,3.0,1.64,1.5,0,0
5.0,3.0,1.0,3.0,Auditory,3.857142857142857,1.64,1.5,0,0
5.0,1.0,1.0,3.0,Auditory,3.0,1.64,2.175,0,0
5.0,5.0,1.0,3.0,Auditory,4.714285714285714,1.64,1.5,1,0
5.0,3.0,3.6666666666666665,3.0,Auditory,3.857142857142857,1.64,2.175,0,0
5.0,3.0,5.0,3.0,Kinesthetic,3.857142857142857,4.16,2.175,0,1
5.0,3.0,3.6666666666666665,3.0,Auditory,3.857142857142857,4.6,1.5,0,0
5.0,3.0,3.6666666666666665,3.0,Auditory,3.857142857142857,4.36,1.5,0,0
5.0,1.0,3.6666666666666665,3.0,Auditory,3.0,4.6,2.175,0,0
5.0,1.0,3.6666666666666665,3.0,Auditory,3.0,4.36,2.175,0,0
5.0,1.0,3.6666666666666665,3.0,Auditory,3.0,4.6,1.5,0,0
5.0,1.0,3.6666666666666665,3.0,Auditory,3.0,4.36,1.5,0,0
1.0,1.0,2.333333333333333,3.0,Kinesthetic,1.2857142857142858,4.32,1.5,2,1
1.0,1.0,2.333333333333333,3.0,Auditory,1.2857142857142858,3.8,1.5,2,0
1.0,3.0,2.333333333333333,3.0,Kinesthetic,2.142857142857143,4.32,2.175,2,1
1.0,3.0,2.333333333333333,3.0,Auditory,2.142857142857143,3.8,2.175,2,0
1.0,3.0,3.6666666666666665,3.0,Kinesthetic,2.142857142857143,3.8,2.175,2,1
5.0,5.0,5.0,3.0,Auditory,4.714285714285714,1.7600000000000002,2.175,1,0
1.0,5.0,3.6666666666666665,3.0,Kinesthetic,3.0,3.8,2.175,2,1
1.0,3.0,3.6666666666666665,3.0,Kinesthetic,2.142857142857143,3.8,1.5,2,1
5.0,5.0,5.0,3.0,Auditory,4.714285714285714,1.7600000000000002,1.5,1,0
1.0,5.0,3.6666666666666665,3.0,Kinesthetic,3.0,3.8,1.5,2,1
1.0,1.0,3.6666666666666665,3.0,Kinesthetic,1.2857142857142858,3.8,1.5,2,1
5.0,5.0,5.0,3.0,Auditory,4.714285714285714,2.12,1.5,1,0
5.0,5.0,1.0,3.0,Kinesthetic,4.714285714285714,4.24,2.175,1,1
1.0,5.0,2.333333333333333,3.0,Auditory,3.0,3.9200000000000004,2.175,2,0
5.0,5.0,1.0,3.0,Visual,4.714285714285714,1.9600000000000002,1.5,1,2
5.0,5.0,1.0,3.0,Visual,4.714285714285714,1.9600000000000002,2.175,1,2
5.0,3.0,1.0,3.0,Visual,3.857142857142857,1.9600000000000002,2.175,0,2
5.0,3.0,1.0,3.0,Visual,3.857142857142857,1.9600000000000002,1.5,0,2
5.0,1.0,1.0,3.0,Visual,3.0,1.9600000000000002,2.175,0,2
5.0,3.0,1.0,3.0,Auditory,3.857142857142857,1.8,2.175,0,0
5.0,3.0,2.333333333333333,3.0,Auditory,3.857142857142857,2.04,2.175,0,0
5.0,3.0,1.0,3.0,Auditory,3.857142857142857,1.8,1.5,0,0
5.0,3.0,2.333333333333333,3.0,Auditory,3.857142857142857,2.04,1.5,0,0
5.0,3.0,2.333333333333333,3.0,Kinesthetic,3.857142857142857,4.4799999999999995,1.5,0,1
1.0,1.0,5.0,3.0,Visual,1.2857142857142858,4.5600000000000005,1.5,2,2
5.0,1.0,2.333333333333333,3.0,Kinesthetic,3.0,4.0,1.5,0,1
5.0,1.0,2.333333333333333,3.0,Kinesthetic,3.0,4.0,2.175,0,1
1.0,5.0,5.0,3.0,Visual,3.0,4.5600000000000005,1.5,2,2
5.0,5.0,2.333333333333333,3.0,Kinesthetic,4.714285714285714,4.0,1.5,1,1
5.0,3.0,2.333333333333333,3.0,Kinesthetic,3.857142857142857,4.0,1.5,0,1
1.0,3.0,5.0,3.0,Visual,2.142857142857143,4.5600000000000005,2.175,2,2
5.0,3.0,2.333333333333333,3.0,Kinesthetic,3.857142857142857,4.0,2.175,0,1
5.0,5.0,2.333333333333333,3.0,Kinesthetic,4.714285714285714,4.0,2.175,1,1
1.0,3.0,3.6666666666666665,3.0,Auditory,2.142857142857143,4.5200000000000005,1.5,2,0
5.0,3.0,5.0,3.0,Visual,3.857142857142857,4.5600000000000005,1.5,0,2
5.0,3.0,3.6666666666666665,3.0,Kinesthetic,3.857142857142857,3.88,1.5,0,1
1.0,5.0,3.6666666666666665,3.0,Auditory,3.0,4.5200000000000005,2.175,2,0
5.0,5.0,5.0,3.0,Visual,4.714285714285714,4.5600000000000005,2.175,1,2
5.0,5.0,3.6666666666666665,3.0,Kinesthetic,4.714285714285714,3.88,2.175,1,1
1.0,3.0,3.6666666666666665,3.0,Kinesthetic,2.142857142857143,4.4,1.5,2,1
1.0,3.0,3.6666666666666665,3.0,Visual,2.142857142857143,4.5200000000000005,1.5,2,2
1.0,5.0,3.6666666666666665,3.0,Kinesthetic,3.0,4.4,2.175,2,1
1.0,5.0,3.6666666666666665,3.0,Visual,3.0,4.5200000000000005,2.175,2,2
1.0,1.0,3.6666666666666665,3.0,Kinesthetic,1.2857142857142858,4.4,1.5,2,1
1.0,1.0,3.6666666666666665,3.0,Visual,1.2857142857142858,4.5200000000000005,1.5,2,2
1.0,3.0,3.6666666666666665,3.0,Kinesthetic,2.142857142857143,4.4,2.175,2,1
1.0,3.0,3.6666666666666665,3.0,Visual,2.142857142857143,4.5200000000000005,2.175,2,2
5.0,1.0,1.0,3.0,Visual,3.0,3.8,1.5,0,2
5.0,3.0,5.0,3.0,Kinesthetic,3.857142857142857,4.12,1.5,0,1
5.0,3.0,1.0,3.0,Kinesthetic,3.857142857142857,3.96,1.5,0,1
5.0,3.0,1.0,3.0,Visual,3.857142857142857,3.96,1.5,0,2
5.0,5.0,5.0,3.0,Kinesthetic,4.714285714285714,4.12,1.5,1,1
5.0,5.0,1.0,3.0,Kinesthetic,4.714285714285714,3.96,1.5,1,1
5.0,5.0,1.0,3.0,Visual,4.714285714285714,3.96,1.5,1,2
5.0,3.0,5.0,3.0,Kinesthetic,3.857142857142857,4.12,2.175,0,1
5.0,3.0,1.0,3.0,Kinesthetic,3.857142857142857,3.96,2.175,0,1
5.0,3.0,1.0,3.0,Visual,3.857142857142857,3.96,2.175,0,2
5.0,5.0,5.0,3.0,Kinesthetic,4.714285714285714,4.12,2.175,1,1
5.0,5.0,1.0,3.0,Kinesthetic,4.714285714285714,3.96,2.175,1,1
5.0,5.0,1.0,3.0,Visual,4.714285714285714,3.96,2.175,1,2
1.0,3.0,2.333333333333333,3.0,Auditory,2.142857142857143,4.36,1.5,2,0
1.0,3.0,1.0,3.0,Visual,2.142857142857143,1.9600000000000002,1.5,2,2
1.0,3.0,2.333333333333333,3.0,Auditory,2.142857142857143,4.36,2.175,2,0
1.0,3.0,1.0,3.0,Visual,2.142857142857143,1.9600000000000002,2.175,2,2
1.0,5.0,2.333333333333333,3.0,Auditory,3.0,4.36,1.5,2,0
1.0,5.0,1.0,3.0,Visual,3.0,1.9600000000000002,1.5,2,2
1.0,5.0,5.0,3.0,Auditory,3.0,1.44,1.5,2,0
5.0,5.0,3.6666666666666665,3.0,Auditory,4.714285714285714,1.56,1.5,1,0
1.0,1.0,5.0,3.0,Auditory,1.2857142857142858,1.44,1.5,2,0
5.0,1.0,3.6666666666666665,3.0,Auditory,3.0,1.56,1.5,0,0
1.0,3.0,5.0,3.0,Auditory,2.142857142857143,1.44,2.175,2,0
5.0,3.0,3.6666666666666665,3.0,Auditory,3.857142857142857,1.56,2.175,0,0
1.0,5.0,5.0,3.0,Auditory,3.0,1.44,2.175,2,0
5.0,5.0,3.6666666666666665,3.0,Auditory,4.714285714285714,1.56,2.175,1,0
1.0,3.0,5.0,3.0,Auditory,2.142857142857143,1.44,1.5,2,0
5.0,3.0,3.6666666666666665,3.0,Auditory,3.857142857142857,1.56,1.5,0,0
5.0,5.0,3.6666666666666665,3.0,Kinesthetic,4.714285714285714,3.8,2.175,1,1
5.0,5.0,1.0,3.0,Visual,4.714285714285714,4.08,2.175,1,2
5.0,3.0,3.6666666666666665,3.0,Kinesthetic,3.857142857142857,3.8,1.5,0,1
5.0,3.0,3.6666666666666665,3.0,Kinesthetic,3.857142857142857,3.8,2.175,0,1
5.0,1.0,3.6666666666666665,3.0,Kinesthetic,3.0,3.8,2.175,0,1
5.0,1.0,1.0,3.0,Visual,3.0,4.08,2.175,0,2
5.0,1.0,5.0,3.0,Kinesthetic,3.0,4.4799999999999995,2.175,0,1
5.0,5.0,5.0,3.0,Auditory,4.714285714285714,4.2,2.175,1,0
5.0,5.0,2.333333333333333,3.0,Kinesthetic,4.714285714285714,1.6800000000000002,2.175,1,1
1.0,5.0,1.0,3.0,Visual,3.0,4.04,2.175,2,2
1.0,5.0,3.6666666666666665,3.0,Kinesthetic,3.0,4.2,2.175,2,1
5.0,1.0,5.0,3.0,Auditory,3.0,4.2,2.175,0,0
5.0,1.0,2.333333333333333,3.0,Kinesthetic,3.0,1.6800000000000002,2.175,0,1
1.0,1.0,1.0,3.0,Visual,1.2857142857142858,4.04,2.175,2,2
1.0,1.0,3.6666666666666665,3.0,Kinesthetic,1.2857142857142858,4.2,2.175,2,1
5.0,1.0,5.0,3.0,Auditory,3.0,4.2,1.5,0,0
5.0,1.0,2.333333333333333,3.0,Kinesthetic,3.0,1.6800000000000002,1.5,0,1
1.0,1.0,1.0,3.0,Visual,1.2857142857142858,4.04,1.5,2,2
1.0,1.0,3.6666666666666665,3.0,Kinesthetic,1.2857142857142858,4.2,1.5,2,1
5.0,5.0,1.0,3.0,Visual,4.714285714285714,1.48,2.175,1,2
5.0,3.0,1.0,3.0,Visual,3.857142857142857,1.48,2.175,0,2
5.0,5.0,1.0,3.0,Visual,4.714285714285714,1.48,1.5,1,2
5.0,1.0,1.0,3.0,Visual,3.0,1.48,2.175,0,2
5.0,3.0,1.0,3.0,Visual,3.857142857142857,1.48,1.5,0,2
5.0,5.0,5.0,3.0,Visual,4.714285714285714,4.4,1.5,1,2
5.0,5.0,5.0,3.0,Visual,4.714285714285714,4.4,2.175,1,2
5.0,5.0,3.6666666666666665,3.0,Kinesthetic,4.714285714285714,4.4399999999999995,2.175,1,1
5.0,5.0,3.6666666666666665,3.0,Kinesthetic,4.714285714285714,3.9200000000000004,2.175,1,1
1.0,5.0,3.6666666666666665,3.0,Kinesthetic,3.0,1.8,2.175,2,1
5.0,3.0,3.6666666666666665,3.0,Kinesthetic,3.857142857142857,4.4399999999999995,2.175,0,1
5.0,3.0,3.6666666666666665,3.0,Kinesthetic,3.857142857142857,3.9200000000000004,2.175,0,1
1.0,3.0,3.6666666666666665,3.0,Kinesthetic,2.142857142857143,1.8,2.175,2,1
1.0,3.0,5.0,3.0,Auditory,2.142857142857143,4.16,2.175,2,0
1.0,5.0,5.0,3.0,Auditory,3.0,4.16,2.175,2,0
1.0,5.0,1.0,3.0,Auditory,3.0,1.64,1.5,2,0
5.0,5.0,1.0,3.0,Kinesthetic,4.714285714285714,3.8,1.5,1,1
1.0,3.0,1.0,3.0,Auditory,2.142857142857143,1.64,1.5,2,0
5.0,3.0,1.0,3.0,Kinesthetic,3.857142857142857,3.8,1.5,0,1
1.0,1.0,1.0,3.0,Auditory,1.2857142857142858,1.64,2.175,2,0
5.0,1.0,1.0,3.0,Kinesthetic,3.0,3.8,2.175,0,1
5.0,5.0,2.333333333333333,3.0,Auditory,4.714285714285714,4.04,1.5,1,0
5.0,5.0,3.6666666666666665,3.0,Kinesthetic,4.714285714285714,4.2,1.5,1,1
5.0,5.0,1.0,3.0,Auditory,4.714285714285714,2.04,1.5,1,0
5.0,3.0,5.0,3.0,Kinesthetic,3.857142857142857,1.64,2.175,0,1
5.0,5.0,5.0,3.0,Kinesthetic,4.714285714285714,1.64,2.175,1,1
5.0,1.0,5.0,3.0,Kinesthetic,3.0,1.64,1.5,0,1
5.0,3.0,2.333333333333333,3.0,Kinesthetic,3.857142857142857,3.8,2.175,0,1
5.0,3.0,1.0,3.0,Auditory,3.857142857142857,3.88,2.175,0,0
5.0,1.0,2.333333333333333,3.0,Kinesthetic,3.0,3.8,1.5,0,1
5.0,1.0,1.0,3.0,Auditory,3.0,3.88,1.5,0,0
5.0,5.0,1.0,3.0,Auditory,4.714285714285714,3.88,1.5,1,0
5.0,5.0,5.0,3.0,Kinesthetic,4.714285714285714,4.08,1.5,1,1
5.0,1.0,5.0,3.0,Kinesthetic,3.0,4.08,2.175,0,1
5.0,3.0,5.0,3.0,Kinesthetic,3.857142857142857,4.08,2.175,0,1
1.0,3.0,2.333333333333333,3.0,Visual,2.142857142857143,1.48,2.175,2,2
5.0,3.0,2.333333333333333,3.0,Auditory,3.857142857142857,4.2,2.175,0,0
1.0,5.0,2.333333333333333,3.0,Visual,3.0,1.48,2.175,2,2
5.0,5.0,2.333333333333333,3.0,Auditory,4.714285714285714,4.2,2.175,1,0
5.0,5.0,1.0,3.0,Visual,4.714285714285714,4.4799999999999995,2.175,1,2
5.0,3.0,1.0,3.0,Visual,3.857142857142857,4.4799999999999995,2.175,0,2
5.0,3.0,1.0,3.0,Visual,3.857142857142857,4.4799999999999995,1.5,0,2
5.0,1.0,1.0,3.0,Visual,3.0,4.4799999999999995,2.175,0,2
5.0,1.0,1.0,3.0,Visual,3.0,4.4799999999999995,1.5,0,2
5.0,3.0,3.6666666666666665,3.0,Visual,3.857142857142857,1.52,2.175,0,2
5.0,3.0,3.6666666666666665,3.0,Visual,3.857142857142857,1.52,1.5,0,2
5.0,3.0,2.333333333333333,3.0,Auditory,3.857142857142857,4.2,1.5,0,0
5.0,5.0,3.6666666666666665,3.0,Visual,4.714285714285714,1.52,1.5,1,2
5.0,5.0,2.333333333333333,3.0,Auditory,4.714285714285714,4.2,1.5,1,0
5.0,1.0,3.6666666666666665,3.0,Auditory,3.0,2.2,1.5,0,0
5.0,1.0,5.0,3.0,Kinesthetic,3.0,4.24,1.5,0,1
5.0,1.0,3.6666666666666665,3.0,Auditory,3.0,2.2,2.175,0,0
5.0,1.0,5.0,3.0,Kinesthetic,3.0,4.24,2.175,0,1
5.0,5.0,3.6666666666666665,3.0,Auditory,4.714285714285714,2.2,2.175,1,0
5.0,5.0,5.0,3.0,Kinesthetic,4.714285714285714,4.24,2.175,1,1
5.0,3.0,3.6666666666666665,3.0,Auditory,3.857142857142857,2.2,1.5,0,0
5.0,3.0,1.0,3.0,Visual,3.857142857142857,1.92,1.5,0,2
5.0,3.0,1.0,3.0,Visual,3.857142857142857,1.92,2.175,0,2
5.0,3.0,1.0,3.0,Kinesthetic,3.857142857142857,4.04,2.175,0,1
5.0,3.0,1.0,3.0,Kinesthetic,3.857142857142857,2.08,2.175,0,1
5.0,3.0,1.0,3.0,Kinesthetic,3.857142857142857,4.04,1.5,0,1
5.0,3.0,1.0,3.0,Kinesthetic,3.857142857142857,2.08,1.5,0,1
5.0,5.0,1.0,3.0,Kinesthetic,4.714285714285714,4.04,2.175,1,1
5.0,5.0,1.0,3.0,Kinesthetic,4.714285714285714,2.08,2.175,1,1
5.0,1.0,1.0,3.0,Kinesthetic,3.0,4.04,2.175,0,1
5.0,1.0,1.0,3.0,Kinesthetic,3.0,2.08,2.175,0,1
1.0,3.0,2.333333333333333,3.0,Auditory,2.142857142857143,1.7600000000000002,1.5,2,0
1.0,5.0,2.333333333333333,3.0,Auditory,3.0,1.7600000000000002,2.175,2,0
1.0,3.0,2.333333333333333,3.0,Auditory,2.142857142857143,1.7600000000000002,2.175,2,0
1.0,1.0,2.333333333333333,3.0,Auditory,1.2857142857142858,1.7600000000000002,1.5,2,0
1.0,5.0,2.333333333333333,3.0,Auditory,3.0,1.7600000000000002,1.5,2,0
5.0,1.0,1.0,3.0,Kinesthetic,3.0,3.84,1.5,0,1
1.0,5.0,1.0,3.0,Kinesthetic,3.0,3.9200000000000004,1.5,2,1
1.0,3.0,1.0,3.0,Kinesthetic,2.142857142857143,3.9200000000000004,1.5,2,1
1.0,5.0,1.0,3.0,Kinesthetic,3.0,3.9200000000000004,2.175,2,1
5.0,3.0,1.0,3.0,Visual,3.857142857142857,1.6,1.5,0,2
5.0,3.0,1.0,3.0,Visual,3.857142857142857,1.6,2.175,0,2
5.0,5.0,1.0,3.0,Visual,4.714285714285714,1.6,2.175,1,2
5.0,1.0,1.0,3.0,Visual,3.0,1.6,2.175,0,2
5.0,1.0,1.0,3.0,Visual,3.0,1.6,1.5,0,2
1.0,3.0,2.333333333333333,3.0,Visual,2.142857142857143,1.9600000000000002,1.5,2,2
5.0,3.0,5.0,3.0,Visual,3.857142857142857,1.4,1.5,0,2
1.0,3.0,2.333333333333333,3.0,Visual,2.142857142857143,1.9600000000000002,2.175,2,2
5.0,3.0,5.0,3.0,Visual,3.857142857142857,1.4,2.175,0,2
5.0,3.0,2.333333333333333,3.0,Auditory,3.857142857142857,1.6800000000000002,2.175,0,0
5.0,3.0,3.6666666666666665,3.0,Visual,3.857142857142857,1.72,2.175,0,2
5.0,5.0,2.333333333333333,3.0,Auditory,4.714285714285714,1.6800000000000002,1.5,1,0
1.0,5.0,1.0,3.0,Visual,3.0,3.9200000000000004,1.5,2,2
5.0,5.0,3.6666666666666665,3.0,Visual,4.714285714285714,1.72,1.5,1,2
5.0,5.0,2.333333333333333,3.0,Auditory,4.714285714285714,1.6800000000000002,2.175,1,0
1.0,5.0,1.0,3.0,Visual,3.0,3.9200000000000004,2.175,2,2
5.0,5.0,3.6666666666666665,3.0,Visual,4.714285714285714,1.72,2.175,1,2
5.0,1.0,2.333333333333333,3.0,Auditory,3.0,1.6800000000000002,2.175,0,0
1.0,1.0,1.0,3.0,Visual,1.2857142857142858,3.9200000000000004,2.175,2,2
5.0,1.0,3.6666666666666665,3.0,Visual,3.0,1.72,2.175,0,2
5.0,3.0,2.333333333333333,3.0,Auditory,3.857142857142857,1.6800000000000002,1.5,0,0
5.0,3.0,3.6666666666666665,3.0,Visual,3.857142857142857,1.72,1.5,0,2
5.0,3.0,3.6666666666666665,3.0,Auditory,3.857142857142857,4.4799999999999995,2.175,0,0
5.0,1.0,3.6666666666666665,3.0,Auditory,3.0,4.4799999999999995,1.5,0,0
5.0,5.0,3.6666666666666665,3.0,Auditory,4.714285714285714,4.4799999999999995,2.175,1,0
5.0,3.0,3.6666666666666665,3.0,Kinesthetic,3.857142857142857,2.08,2.175,0,1
5.0,3.0,3.6666666666666665,3.0,Kinesthetic,3.857142857142857,3.84,2.175,0,1
1.0,5.0,3.6666666666666665,3.0,Kinesthetic,3.0,4.4799999999999995,1.5,2,1
5.0,5.0,5.0,3.0,Visual,4.714285714285714,1.52,1.5,1,2
1.0,3.0,3.6666666666666665,3.0,Kinesthetic,2.142857142857143,4.4799999999999995,2.175,2,1
5.0,3.0,5.0,3.0,Visual,3.857142857142857,1.52,2.175,0,2
1.0,1.0,3.6666666666666665,3.0,Kinesthetic,1.2857142857142858,4.4799999999999995,2.175,2,1
5.0,1.0,5.0,3.0,Visual,3.0,1.52,2.175,0,2
1.0,3.0,3.6666666666666665,3.0,Kinesthetic,2.142857142857143,4.4799999999999995,1.5,2,1
5.0,3.0,5.0,3.0,Visual,3.857142857142857,1.52,1.5,0,2
5.0,5.0,5.0,3.0,Visual,4.714285714285714,4.5200000000000005,1.5,1,2
1.0,5.0,1.0,3.0,Visual,3.0,4.6,1.5,2,2
1.0,3.0,3.6666666666666665,3.0,Kinesthetic,2.142857142857143,1.48,2.175,2,1
1.0,3.0,5.0,3.0,Auditory,2.142857142857143,4.5200000000000005,2.175,2,0
5.0,3.0,3.6666666666666665,3.0,Kinesthetic,3.857142857142857,4.04,2.175,0,1
5.0,3.0,5.0,3.0,Auditory,3.857142857142857,4.6,2.175,0,0
5.0,3.0,3.6666666666666665,3.0,Kinesthetic,3.857142857142857,4.04,1.5,0,1
5.0,3.0,5.0,3.0,Auditory,3.857142857142857,4.6,1.5,0,0
5.0,3.0,1.0,3.0,Visual,3.857142857142857,3.9200000000000004,1.5,0,2
5.0,1.0,3.6666666666666665,3.0,Kinesthetic,3.0,4.04,2.175,0,1
5.0,1.0,5.0,3.0,Auditory,3.0,4.6,2.175,0,0
5.0,1.0,1.0,3.0,Visual,3.0,3.9200000000000004,2.175,0,2
5.0,5.0,3.6666666666666665,3.0,Kinesthetic,4.714285714285714,4.04,2.175,1,1
5.0,5.0,5.0,3.0,Auditory,4.714285714285714,4.6,2.175,1,0
5.0,5.0,3.6666666666666665,3.0,Kinesthetic,4.714285714285714,4.04,1.5,1,1
5.0,5.0,5.0,3.0,Auditory,4.714285714285714,4.6,1.5,1,0
5.0,5.0,1.0,3.0,Visual,4.714285714285714,3.9200000000000004,1.5,1,2
5.0,1.0,1.0,3.0,Kinesthetic,3.0,3.96,2.175,0,1
5.0,3.0,1.0,3.0,Visual,3.857142857142857,4.5600000000000005,1.5,0,2
5.0,1.0,1.0,3.0,Visual,3.0,4.5600000000000005,1.5,0,2
5.0,1.0,1.0,3.0,Kinesthetic,3.0,3.96,1.5,0,1
5.0,5.0,1.0,3.0,Kinesthetic,4.714285714285714,1.56,2.175,1,1
5.0,5.0,1.0,3.0,Kinesthetic,4.714285714285714,1.56,1.5,1,1
5.0,3.0,1.0,3.0,Kinesthetic,3.857142857142857,1.56,2.175,0,1
5.0,3.0,1.0,3.0,Kinesthetic,3.857142857142857,1.56,1.5,0,1
5.0,1.0,1.0,3.0,Kinesthetic,3.0,1.56,1.5,0,1
5.0,3.0,3.6666666666666665,3.0,Kinesthetic,3.857142857142857,4.0,2.175,0,1
1.0,3.0,1.0,3.0,Auditory,2.142857142857143,1.7600000000000002,2.175,2,0
5.0,1.0,3.6666666666666665,3.0,Kinesthetic,3.0,4.0,1.5,0,1
1.0,1.0,1.0,3.0,Auditory,1.2857142857142858,1.7600000000000002,1.5,2,0
5.0,1.0,3.6666666666666665,3.0,Kinesthetic,3.0,4.0,2.175,0,1
1.0,1.0,1.0,3.0,Auditory,1.2857142857142858,1.7600000000000002,2.175,2,0
5.0,5.0,3.6666666666666665,3.0,Kinesthetic,4.714285714285714,4.0,1.5,1,1
1.0,5.0,1.0,3.0,Auditory,3.0,1.7600000000000002,1.5,2,0
5.0,3.0,3.6666666666666665,3.0,Kinesthetic,3.857142857142857,4.0,1.5,0,1
1.0,3.0,1.0,3.0,Auditory,2.142857142857143,1.7600000000000002,1.5,2,0
5.0,5.0,5.0,3.0,Auditory,4.714285714285714,4.32,2.175,1,0
5.0,1.0,3.6666666666666665,3.0,Kinesthetic,3.0,3.8,1.5,0,1
5.0,1.0,5.0,3.0,Auditory,3.0,4.32,1.5,0,0
5.0,5.0,1.0,3.0,Kinesthetic,4.714285714285714,2.0,2.175,1,1
5.0,5.0,5.0,3.0,Auditory,4.714285714285714,1.8,2.175,1,0
5.0,5.0,2.333333333333333,3.0,Visual,4.714285714285714,4.5600000000000005,2.175,1,2
5.0,3.0,5.0,3.0,Auditory,3.857142857142857,1.8,2.175,0,0
5.0,3.0,2.333333333333333,3.0,Visual,3.857142857142857,4.5600000000000005,2.175,0,2
1.0,3.0,3.6666666666666665,3.0,Auditory,2.142857142857143,4.2,2.175,2,0
1.0,1.0,3.6666666666666665,3.0,Auditory,1.2857142857142858,4.2,2.175,2,0
5.0,3.0,3.6666666666666665,3.0,Kinesthetic,3.857142857142857,4.12,1.5,0,1
5.0,3.0,5.0,3.0,Auditory,3.857142857142857,4.4799999999999995,1.5,0,0
5.0,5.0,3.6666666666666665,3.0,Kinesthetic,4.714285714285714,4.12,1.5,1,1
5.0,5.0,3.6666666666666665,3.0,Kinesthetic,4.714285714285714,2.04,1.5,1,1
5.0,5.0,5.0,3.0,Auditory,4.714285714285714,4.4799999999999995,1.5,1,0
5.0,3.0,1.0,3.0,Visual,3.857142857142857,3.88,1.5,0,2
5.0,3.0,2.333333333333333,3.0,Kinesthetic,3.857142857142857,2.0,1.5,0,1
5.0,1.0,1.0,3.0,Visual,3.0,3.88,1.5,0,2
1.0,1.0,3.6666666666666665,3.0,Kinesthetic,1.2857142857142858,4.6,1.5,2,1
5.0,1.0,2.333333333333333,3.0,Kinesthetic,3.0,2.0,1.5,0,1
5.0,3.0,2.333333333333333,3.0,Kinesthetic,3.857142857142857,2.0,2.175,0,1
5.0,5.0,1.0,3.0,Visual,4.714285714285714,3.88,1.5,1,2
5.0,5.0,2.333333333333333,3.0,Kinesthetic,4.714285714285714,2.0,1.5,1,1
5.0,5.0,1.0,3.0,Visual,4.714285714285714,3.88,2.175,1,2
5.0,5.0,2.333333333333333,3.0,Kinesthetic,4.714285714285714,2.0,2.175,1,1
1.0,1.0,3.6666666666666665,3.0,Kinesthetic,1.2857142857142858,4.4399999999999995,2.175,2,1
1.0,1.0,2.333333333333333,3.0,Auditory,1.2857142857142858,1.6800000000000002,2.175,2,0
1.0,1.0,5.0,3.0,Auditory,1.2857142857142858,4.279999999999999,2.175,2,0
1.0,3.0,3.6666666666666665,3.0,Kinesthetic,2.142857142857143,4.4399999999999995,2.175,2,1
1.0,3.0,2.333333333333333,3.0,Auditory,2.142857142857143,1.6800000000000002,2.175,2,0
1.0,3.0,5.0,3.0,Auditory,2.142857142857143,4.279999999999999,2.175,2,0
5.0,5.0,3.6666666666666665,3.0,Kinesthetic,4.714285714285714,4.2,2.175,1,1
5.0,5.0,2.333333333333333,3.0,Kinesthetic,4.714285714285714,3.84,2.175,1,1
5.0,3.0,3.6666666666666665,3.0,Kinesthetic,3.857142857142857,4.2,1.5,0,1
5.0,3.0,2.333333333333333,3.0,Kinesthetic,3.857142857142857,3.84,1.5,0,1
5.0,1.0,3.6666666666666665,3.0,Kinesthetic,3.0,4.2,2.175,0,1
5.0,1.0,2.333333333333333,3.0,Kinesthetic,3.0,3.84,2.175,0,1
5.0,3.0,3.6666666666666665,3.0,Kinesthetic,3.857142857142857,4.2,2.175,0,1
5.0,3.0,2.333333333333333,3.0,Kinesthetic,3.857142857142857,3.84,2.175,0,1
1.0,5.0,1.0,3.0,Auditory,3.0,1.8,2.175,2,0
1.0,3.0,1.0,3.0,Auditory,2.142857142857143,1.8,2.175,2,0
1.0,3.0,3.6666666666666665,3.0,Auditory,2.142857142857143,3.88,2.175,2,0
1.0,5.0,3.6666666666666665,3.0,Auditory,3.0,3.88,2.175,2,0
5.0,5.0,2.333333333333333,3.0,Visual,4.714285714285714,4.279999999999999,2.175,1,2
1.0,3.0,3.6666666666666665,3.0,Auditory,2.142857142857143,3.88,1.5,2,0
1.0,3.0,3.6666666666666665,3.0,Visual,2.142857142857143,4.279999999999999,2.175,2,2
5.0,3.0,3.6666666666666665,3.0,Visual,3.857142857142857,2.04,2.175,0,2
1.0,1.0,1.0,3.0,Kinesthetic,1.2857142857142858,1.6800000000000002,2.175,2,1
1.0,1.0,2.333333333333333,3.0,Kinesthetic,1.2857142857142858,1.4,2.175,2,1
5.0,1.0,2.333333333333333,3.0,Auditory,3.0,4.0,2.175,0,0
1.0,5.0,1.0,3.0,Kinesthetic,3.0,1.6800000000000002,1.5,2,1
1.0,5.0,2.333333333333333,3.0,Kinesthetic,3.0,1.4,1.5,2,1
5.0,5.0,2.333333333333333,3.0,Auditory,4.714285714285714,4.0,1.5,1,0
1.0,5.0,1.0,3.0,Kinesthetic,3.0,1.6800000000000002,2.175,2,1
1.0,5.0,2.333333333333333,3.0,Kinesthetic,3.0,1.4,2.175,2,1
5.0,5.0,2.333333333333333,3.0,Auditory,4.714285714285714,4.0,2.175,1,0
5.0,3.0,2.333333333333333,3.0,Visual,3.857142857142857,3.96,1.5,0,2
5.0,3.0,2.333333333333333,3.0,Visual,3.857142857142857,3.96,2.175,0,2
5.0,1.0,2.333333333333333,3.0,Visual,3.0,3.96,2.175,0,2
5.0,5.0,2.333333333333333,3.0,Visual,4.714285714285714,3.96,1.5,1,2
5.0,5.0,5.0,3.0,Auditory,4.714285714285714,1.52,1.5,1,0
5.0,3.0,5.0,3.0,Visual,3.857142857142857,4.0,2.175,0,2
5.0,3.0,3.6666666666666665,3.0,Auditory,3.857142857142857,4.04,2.175,0,0
5.0,1.0,3.6666666666666665,3.0,Kinesthetic,3.0,3.9200000000000004,1.5,0,1
5.0,1.0,5.0,3.0,Visual,3.0,4.0,1.5,0,2
5.0,1.0,3.6666666666666665,3.0,Auditory,3.0,4.04,1.5,0,0
5.0,3.0,3.6666666666666665,3.0,Kinesthetic,3.857142857142857,3.9200000000000004,1.5,0,1
5.0,3.0,5.0,3.0,Visual,3.857142857142857,4.0,1.5,0,2
5.0,3.0,3.6666666666666665,3.0,Auditory,3.857142857142857,4.04,1.5,0,0
5.0,5.0,3.6666666666666665,3.0,Kinesthetic,4.714285714285714,3.9200000000000004,1.5,1,1
5.0,5.0,5.0,3.0,Visual,4.714285714285714,4.0,1.5,1,2
5.0,5.0,3.6666666666666665,3.0,Auditory,4.714285714285714,4.04,1.5,1,0
5.0,5.0,2.333333333333333,3.0,Visual,4.714285714285714,3.96,2.175,1,2
1.0,5.0,3.6666666666666665,3.0,Visual,3.0,4.36,2.175,2,2
5.0,1.0,2.333333333333333,3.0,Visual,3.0,3.96,1.5,0,2
1.0,1.0,3.6666666666666665,3.0,Visual,1.2857142857142858,4.36,1.5,2,2
1.0,3.0,3.6666666666666665,3.0,Visual,2.142857142857143,4.36,1.5,2,2
1.0,3.0,3.6666666666666665,3.0,Visual,2.142857142857143,4.36,2.175,2,2
5.0,5.0,1.0,3.0,Auditory,4.714285714285714,2.04,2.175,1,0
5.0,3.0,1.0,3.0,Auditory,3.857142857142857,2.04,2.175,0,0
5.0,3.0,5.0,3.0,Visual,3.857142857142857,4.5600000000000005,2.175,0,2
1.0,5.0,2.333333333333333,3.0,Auditory,3.0,4.4799999999999995,2.175,2,0
1.0,3.0,2.333333333333333,3.0,Auditory,2.142857142857143,4.4799999999999995,1.5,2,0
5.0,3.0,1.0,3.0,Visual,3.857142857142857,4.6,1.5,0,2
1.0,5.0,1.0,3.0,Visual,3.0,4.32,1.5,2,2
1.0,3.0,1.0,3.0,Visual,2.142857142857143,4.32,2.175,2,2
1.0,1.0,1.0,3.0,Visual,1.2857142857142858,4.32,2.175,2,2
1.0,1.0,2.333333333333333,3.0,Visual,1.2857142857142858,1.52,1.5,2,2
1.0,3.0,2.333333333333333,3.0,Visual,2.142857142857143,4.4,2.175,2,2
1.0,5.0,2.333333333333333,3.0,Visual,3.0,4.4,2.175,2,2
1.0,3.0,2.333333333333333,3.0,Visual,2.142857142857143,4.4,1.5,2,2
1.0,5.0,2.333333333333333,3.0,Visual,3.0,4.4,1.5,2,2
1.0,1.0,2.333333333333333,3.0,Visual,1.2857142857142858,4.4,2.175,2,2
1.0,3.0,3.6666666666666665,3.0,Visual,2.142857142857143,4.6,2.175,2,2
1.0,3.0,2.333333333333333,3.0,Visual,2.142857142857143,4.6,2.175,2,2
1.0,5.0,3.6666666666666665,3.0,Visual,3.0,4.6,2.175,2,2
1.0,5.0,3.6666666666666665,3.0,Visual,3.0,4.6,1.5,2,2
1.0,1.0,3.6666666666666665,3.0,Visual,1.2857142857142858,4.6,2.175,2,2
5.0,5.0,3.6666666666666665,3.0,Auditory,4.714285714285714,1.64,2.175,1,0
5.0,5.0,1.0,3.0,Visual,4.714285714285714,1.8,2.175,1,2
5.0,5.0,1.0,3.0,Visual,4.714285714285714,4.24,2.175,1,2
5.0,3.0,3.6666666666666665,3.0,Auditory,3.857142857142857,1.64,1.5,0,0
5.0,3.0,1.0,3.0,Visual,3.857142857142857,1.8,1.5,0,2
5.0,3.0,1.0,3.0,Visual,3.857142857142857,4.24,1.5,0,2
5.0,1.0,3.6666666666666665,3.0,Auditory,3.0,1.64,2.175,0,0
5.0,1.0,1.0,3.0,Visual,3.0,1.8,2.175,0,2
5.0,1.0,1.0,3.0,Visual,3.0,4.24,2.175,0,2
5.0,3.0,1.0,3.0,Visual,3.857142857142857,1.8,2.175,0,2
5.0,3.0,1.0,3.0,Visual,3.857142857142857,4.24,2.175,0,2
5.0,5.0,1.0,3.0,Auditory,4.714285714285714,1.64,2.175,1,0
5.0,1.0,3.6666666666666665,3.0,Kinesthetic,3.0,3.84,2.175,0,1
5.0,3.0,3.6666666666666665,3.0,Kinesthetic,3.857142857142857,3.84,1.5,0,1
5.0,1.0,3.6666666666666665,3.0,Kinesthetic,3.0,3.84,1.5,0,1
5.0,5.0,3.6666666666666665,3.0,Kinesthetic,4.714285714285714,4.16,1.5,1,1
1.0,5.0,3.6666666666666665,3.0,Visual,3.0,4.32,1.5,2,2
1.0,5.0,5.0,3.0,Auditory,3.0,3.84,1.5,2,0
5.0,1.0,3.6666666666666665,3.0,Kinesthetic,3.0,4.16,1.5,0,1
1.0,1.0,3.6666666666666665,3.0,Visual,1.2857142857142858,4.32,1.5,2,2
1.0,1.0,5.0,3.0,Auditory,1.2857142857142858,3.84,1.5,2,0
5.0,3.0,1.0,3.0,Kinesthetic,3.857142857142857,1.48,2.175,0,1
5.0,3.0,1.0,3.0,Kinesthetic,3.857142857142857,1.48,1.5,0,1
5.0,3.0,3.6666666666666665,3.0,Visual,3.857142857142857,1.8800000000000001,2.175,0,2
5.0,5.0,3.6666666666666665,3.0,Visual,4.714285714285714,1.8800000000000001,1.5,1,2
5.0,3.0,5.0,3.0,Kinesthetic,3.857142857142857,2.0,1.5,0,1
1.0,3.0,2.333333333333333,3.0,Auditory,2.142857142857143,2.12,1.5,2,0
5.0,1.0,5.0,3.0,Kinesthetic,3.0,2.0,1.5,0,1
1.0,1.0,2.333333333333333,3.0,Auditory,1.2857142857142858,2.12,1.5,2,0
5.0,1.0,5.0,3.0,Kinesthetic,3.0,2.0,2.175,0,1
1.0,1.0,2.333333333333333,3.0,Auditory,1.2857142857142858,2.12,2.175,2,0
5.0,5.0,5.0,3.0,Kinesthetic,4.714285714285714,2.0,1.5,1,1
1.0,5.0,2.333333333333333,3.0,Auditory,3.0,2.12,1.5,2,0
5.0,5.0,5.0,3.0,Kinesthetic,4.714285714285714,2.0,2.175,1,1
1.0,5.0,2.333333333333333,3.0,Auditory,3.0,2.12,2.175,2,0
5.0,3.0,5.0,3.0,Kinesthetic,3.857142857142857,2.0,2.175,0,1
1.0,3.0,2.333333333333333,3.0,Auditory,2.142857142857143,2.12,2.175,2,0
5.0,1.0,3.6666666666666665,3.0,Kinesthetic,3.0,4.24,2.175,0,1
5.0,5.0,3.6666666666666665,3.0,Kinesthetic,4.714285714285714,4.24,1.5,1,1
5.0,3.0,3.6666666666666665,3.0,Kinesthetic,3.857142857142857,4.24,2.175,0,1
5.0,3.0,3.6666666666666665,3.0,Kinesthetic,3.857142857142857,4.24,1.5,0,1
1.0,1.0,2.333333333333333,3.0,Visual,1.2857142857142858,2.0,2.175,2,2
1.0,5.0,2.333333333333333,3.0,Visual,3.0,2.0,2.175,2,2
5.0,1.0,1.0,3.0,Auditory,3.0,1.4,1.5,0,0
5.0,5.0,3.6666666666666665,3.0,Kinesthetic,4.714285714285714,4.0,2.175,1,1
5.0,5.0,1.0,3.0,Visual,4.714285714285714,2.16,2.175,1,2
1.0,5.0,1.0,3.0,Auditory,3.0,1.9600000000000002,2.175,2,0
5.0,5.0,5.0,3.0,Visual,4.714285714285714,3.9200000000000004,2.175,1,2
5.0,3.0,1.0,3.0,Visual,3.857142857142857,2.16,2.175,0,2
1.0,3.0,1.0,3.0,Auditory,2.142857142857143,1.9600000000000002,2.175,2,0
5.0,3.0,5.0,3.0,Visual,3.857142857142857,3.9200000000000004,2.175,0,2
5.0,3.0,3.6666666666666665,3.0,Kinesthetic,3.857142857142857,4.6,1.5,0,1
5.0,1.0,3.6666666666666665,3.0,Visual,3.0,3.88,1.5,0,2
1.0,1.0,3.6666666666666665,3.0,Auditory,1.2857142857142858,1.44,1.5,2,0
5.0,5.0,3.6666666666666665,3.0,Visual,4.714285714285714,3.88,2.175,1,2
1.0,5.0,3.6666666666666665,3.0,Auditory,3.0,1.44,2.175,2,0
5.0,3.0,3.6666666666666665,3.0,Visual,3.857142857142857,3.88,2.175,0,2
1.0,3.0,3.6666666666666665,3.0,Auditory,2.142857142857143,1.44,2.175,2,0
5.0,1.0,5.0,3.0,Visual,3.0,1.92,1.5,0,2
5.0,1.0,1.0,3.0,Visual,3.0,4.2,1.5,0,2
5.0,1.0,5.0,3.0,Auditory,3.0,3.88,1.5,0,0
5.0,1.0,2.333333333333333,3.0,Visual,3.0,4.12,1.5,0,2
5.0,3.0,5.0,3.0,Visual,3.857142857142857,1.92,1.5,0,2
5.0,3.0,1.0,3.0,Visual,3.857142857142857,4.2,1.5,0,2
5.0,3.0,5.0,3.0,Auditory,3.857142857142857,3.88,1.5,0,0
5.0,3.0,2.333333333333333,3.0,Visual,3.857142857142857,4.12,1.5,0,2
1.0,3.0,5.0,3.0,Kinesthetic,2.142857142857143,2.12,1.5,2,1
1.0,3.0,5.0,3.0,Kinesthetic,2.142857142857143,2.12,2.175,2,1
1.0,1.0,5.0,3.0,Kinesthetic,1.2857142857142858,2.12,2.175,2,1
1.0,1.0,5.0,3.0,Kinesthetic,1.2857142857142858,2.12,1.5,2,1
1.0,5.0,5.0,3.0,Kinesthetic,3.0,2.12,1.5,2,1
5.0,3.0,3.6666666666666665,3.0,Auditory,3.857142857142857,2.04,2.175,0,0
1.0,3.0,3.6666666666666665,3.0,Visual,2.142857142857143,3.84,2.175,2,2
5.0,3.0,2.333333333333333,3.0,Kinesthetic,3.857142857142857,1.6800000000000002,2.175,0,1
5.0,5.0,3.6666666666666665,3.0,Auditory,4.714285714285714,2.04,2.175,1,0
1.0,5.0,3.6666666666666665,3.0,Visual,3.0,3.84,2.175,2,2
5.0,1.0,3.6666666666666665,3.0,Auditory,3.0,2.04,2.175,0,0
1.0,1.0,3.6666666666666665,3.0,Visual,1.2857142857142858,3.84,2.175,2,2
5.0,1.0,2.333333333333333,3.0,Visual,3.0,4.08,2.175,0,2
5.0,3.0,3.6666666666666665,3.0,Visual,3.857142857142857,4.08,2.175,0,2
5.0,3.0,3.6666666666666665,3.0,Visual,3.857142857142857,4.08,1.5,0,2
1.0,1.0,3.6666666666666665,3.0,Auditory,1.2857142857142858,1.7600000000000002,2.175,2,0
1.0,3.0,3.6666666666666665,3.0,Auditory,2.142857142857143,1.7600000000000002,2.175,2,0
1.0,3.0,3.6666666666666665,3.0,Auditory,2.142857142857143,1.7600000000000002,1.5,2,0
1.0,5.0,3.6666666666666665,3.0,Auditory,3.0,1.7600000000000002,1.5,2,0
1.0,5.0,3.6666666666666665,3.0,Auditory,3.0,1.7600000000000002,2.175,2,0
1.0,5.0,3.6666666666666665,3.0,Visual,3.0,1.4,1.5,2,2
1.0,5.0,3.6666666666666665,3.0,Visual,3.0,3.8,1.5,2,2
1.0,3.0,3.6666666666666665,3.0,Visual,2.142857142857143,1.4,2.175,2,2
1.0,3.0,3.6666666666666665,3.0,Visual,2.142857142857143,3.8,2.175,2,2
1.0,1.0,3.6666666666666665,3.0,Visual,1.2857142857142858,1.4,1.5,2,2
1.0,1.0,3.6666666666666665,3.0,Visual,1.2857142857142858,3.8,1.5,2,2
1.0,1.0,3.6666666666666665,3.0,Visual,1.2857142857142858,1.4,2.175,2,2
1.0,1.0,3.6666666666666665,3.0,Visual,1.2857142857142858,3.8,2.175,2,2
5.0,3.0,3.6666666666666665,3.0,Auditory,3.857142857142857,4.6,2.175,0,0
1.0,3.0,3.6666666666666665,3.0,Visual,2.142857142857143,2.08,2.175,2,2
1.0,3.0,1.0,3.0,Auditory,2.142857142857143,3.84,2.175,2,0
1.0,1.0,3.6666666666666665,3.0,Visual,1.2857142857142858,2.08,1.5,2,2
1.0,1.0,1.0,3.0,Auditory,1.2857142857142858,3.84,1.5,2,0
1.0,1.0,3.6666666666666665,3.0,Visual,1.2857142857142858,2.08,2.175,2,2
1.0,1.0,1.0,3.0,Auditory,1.2857142857142858,3.84,2.175,2,0
1.0,5.0,3.6666666666666665,3.0,Visual,3.0,2.08,1.5,2,2
1.0,5.0,1.0,3.0,Auditory,3.0,3.84,1.5,2,0
5.0,3.0,2.333333333333333,3.0,Visual,3.857142857142857,3.8,2.175,0,2
5.0,3.0,2.333333333333333,3.0,Auditory,3.857142857142857,4.32,2.175,0,0
5.0,5.0,2.333333333333333,3.0,Visual,4.714285714285714,3.8,2.175,1,2
5.0,5.0,2.333333333333333,3.0,Auditory,4.714285714285714,4.32,2.175,1,0
5.0,5.0,3.6666666666666665,3.0,Kinesthetic,4.714285714285714,4.36,2.175,1,1
5.0,3.0,3.6666666666666665,3.0,Kinesthetic,3.857142857142857,4.36,1.5,0,1
5.0,3.0,3.6666666666666665,3.0,Kinesthetic,3.857142857142857,4.36,2.175,0,1
5.0,1.0,3.6666666666666665,3.0,Kinesthetic,3.0,4.36,2.175,0,1
5.0,3.0,5.0,3.0,Auditory,3.857142857142857,3.9200000000000004,1.5,0,0
5.0,5.0,5.0,3.0,Auditory,4.714285714285714,3.9200000000000004,2.175,1,0
5.0,1.0,5.0,3.0,Auditory,3.0,3.9200000000000004,2.175,0,0
5.0,5.0,1.0,3.0,Visual,4.714285714285714,4.4799999999999995,1.5,1,2
5.0,5.0,5.0,3.0,Auditory,4.714285714285714,3.9200000000000004,1.5,1,0
5.0,1.0,3.6666666666666665,3.0,Kinesthetic,3.0,3.9200000000000004,2.175,0,1
5.0,3.0,3.6666666666666665,3.0,Auditory,3.857142857142857,4.36,2.175,0,0
1.0,3.0,3.6666666666666665,3.0,Auditory,2.142857142857143,4.279999999999999,2.175,2,0
5.0,3.0,3.6666666666666665,3.0,Auditory,3.857142857142857,1.4,2.175,0,0
1.0,5.0,3.6666666666666665,3.0,Auditory,3.0,4.279999999999999,2.175,2,0
5.0,5.0,3.6666666666666665,3.0,Auditory,4.714285714285714,1.4,2.175,1,0
1.0,3.0,3.6666666666666665,3.0,Auditory,2.142857142857143,4.279999999999999,1.5,2,0
5.0,3.0,3.6666666666666665,3.0,Auditory,3.857142857142857,1.4,1.5,0,0
5.0,1.0,3.6666666666666665,3.0,Visual,3.0,4.12,2.175,0,2
5.0,1.0,3.6666666666666665,3.0,Auditory,3.0,4.0,2.175,0,0
5.0,1.0,3.6666666666666665,3.0,Kinesthetic,3.0,3.88,2.175,0,1
5.0,3.0,3.6666666666666665,3.0,Visual,3.857142857142857,4.12,2.175,0,2
5.0,3.0,3.6666666666666665,3.0,Auditory,3.857142857142857,4.0,2.175,0,0
5.0,3.0,3.6666666666666665,3.0,Kinesthetic,3.857142857142857,3.88,2.175,0,1
5.0,3.0,3.6666666666666665,3.0,Visual,3.857142857142857,4.12,1.5,0,2
5.0,3.0,3.6666666666666665,3.0,Auditory,3.857142857142857,4.0,1.5,0,0
1.0,5.0,3.6666666666666665,3.0,Auditory,3.0,4.6,2.175,2,0
1.0,3.0,3.6666666666666665,3.0,Auditory,2.142857142857143,4.6,2.175,2,0
1.0,1.0,3.6666666666666665,3.0,Auditory,1.2857142857142858,4.6,2.175,2,0
1.0,1.0,3.6666666666666665,3.0,Auditory,1.2857142857142858,4.6,1.5,2,0
5.0,5.0,3.6666666666666665,3.0,Auditory,4.714285714285714,4.6,1.5,1,0
5.0,3.0,5.0,3.0,Visual,3.857142857142857,2.0,1.5,0,2
5.0,3.0,5.0,3.0,Visual,3.857142857142857,1.56,1.5,0,2
5.0,5.0,5.0,3.0,Visual,4.714285714285714,2.0,2.175,1,2
5.0,5.0,5.0,3.0,Visual,4.714285714285714,1.56,2.175,1,2
5.0,5.0,5.0,3.0,Visual,4.714285714285714,2.12,1.5,1,2
5.0,5.0,5.0,3.0,Auditory,4.714285714285714,4.04,1.5,1,0
1.0,5.0,5.0,3.0,Visual,3.0,3.8,1.5,2,2
5.0,3.0,5.0,3.0,Visual,3.857142857142857,2.12,2.175,0,2
5.0,3.0,5.0,3.0,Auditory,3.857142857142857,4.04,2.175,0,0
1.0,3.0,5.0,3.0,Visual,2.142857142857143,3.8,2.175,2,2
1.0,5.0,5.0,3.0,Auditory,3.0,4.4,2.175,2,0
5.0,5.0,2.333333333333333,3.0,Visual,4.714285714285714,4.4799999999999995,2.175,1,2
1.0,3.0,5.0,3.0,Auditory,2.142857142857143,4.4,1.5,2,0
5.0,3.0,2.333333333333333,3.0,Visual,3.857142857142857,4.4799999999999995,1.5,0,2
1.0,1.0,5.0,3.0,Auditory,1.2857142857142858,4.4,2.175,2,0
5.0,1.0,2.333333333333333,3.0,Visual,3.0,4.4799999999999995,2.175,0,2
1.0,3.0,3.6666666666666665,3.0,Auditory,2.142857142857143,4.36,2.175,2,0
1.0,3.0,5.0,3.0,Auditory,2.142857142857143,4.4399999999999995,1.5,2,0
1.0,3.0,5.0,3.0,Auditory,2.142857142857143,4.4399999999999995,2.175,2,0
1.0,1.0,5.0,3.0,Auditory,1.2857142857142858,4.4399999999999995,1.5,2,0
1.0,5.0,2.333333333333333,3.0,Kinesthetic,3.0,1.8399999999999999,2.175,2,1
5.0,5.0,2.333333333333333,3.0,Kinesthetic,4.714285714285714,4.279999999999999,2.175,1,1
1.0,3.0,2.333333333333333,3.0,Kinesthetic,2.142857142857143,1.8399999999999999,2.175,2,1
5.0,3.0,2.333333333333333,3.0,Kinesthetic,3.857142857142857,4.279999999999999,2.175,0,1
5.0,3.0,3.6666666666666665,3.0,Kinesthetic,3.857142857142857,4.6,2.175,0,1
5.0,5.0,3.6666666666666665,3.0,Kinesthetic,4.714285714285714,4.6,1.5,1,1
1.0,5.0,2.333333333333333,3.0,Auditory,3.0,4.2,1.5,2,0
1.0,3.0,2.333333333333333,3.0,Auditory,2.142857142857143,4.2,1.5,2,0
1.0,5.0,2.333333333333333,3.0,Auditory,3.0,4.2,2.175,2,0
1.0,3.0,2.333333333333333,3.0,Auditory,2.142857142857143,4.2,2.175,2,0
1.0,1.0,2.333333333333333,3.0,Auditory,1.2857142857142858,4.2,1.5,2,0
5.0,3.0,1.0,3.0,Auditory,3.857142857142857,4.0,2.175,0,0
5.0,5.0,1.0,3.0,Auditory,4.714285714285714,4.0,2.175,1,0
5.0,3.0,1.0,3.0,Auditory,3.857142857142857,4.0,1.5,0,0
5.0,1.0,1.0,3.0,Auditory,3.0,4.0,1.5,0,0
5.0,1.0,3.6666666666666665,3.0,Kinesthetic,3.0,2.16,1.5,0,1
5.0,1.0,1.0,3.0,Visual,3.0,1.8,1.5,0,2
5.0,1.0,5.0,3.0,Auditory,3.0,4.12,1.5,0,0
5.0,3.0,3.6666666666666665,3.0,Kinesthetic,3.857142857142857,2.16,2.175,0,1
5.0,3.0,5.0,3.0,Auditory,3.857142857142857,4.12,2.175,0,0
5.0,1.0,5.0,3.0,Kinesthetic,3.0,4.4799999999999995,1.5,0,1
1.0,1.0,2.333333333333333,3.0,Kinesthetic,1.2857142857142858,1.56,1.5,2,1
5.0,1.0,5.0,3.0,Auditory,3.0,4.279999999999999,1.5,0,0
5.0,5.0,5.0,3.0,Kinesthetic,4.714285714285714,4.4799999999999995,1.5,1,1
1.0,5.0,2.333333333333333,3.0,Kinesthetic,3.0,1.56,1.5,2,1
5.0,5.0,5.0,3.0,Auditory,4.714285714285714,4.279999999999999,1.5,1,0
1.0,3.0,2.333333333333333,3.0,Kinesthetic,2.142857142857143,1.56,2.175,2,1
5.0,3.0,5.0,3.0,Auditory,3.857142857142857,4.279999999999999,2.175,0,0
1.0,5.0,2.333333333333333,3.0,Auditory,3.0,4.24,1.5,2,0
5.0,5.0,2.333333333333333,3.0,Auditory,4.714285714285714,1.72,1.5,1,0
5.0,3.0,3.6666666666666665,3.0,Visual,3.857142857142857,2.0,2.175,0,2
1.0,3.0,3.6666666666666665,3.0,Kinesthetic,2.142857142857143,3.84,1.5,2,1
5.0,5.0,3.6666666666666665,3.0,Auditory,4.714285714285714,4.2,1.5,1,0
5.0,3.0,3.6666666666666665,3.0,Auditory,3.857142857142857,4.2,1.5,0,0
5.0,1.0,3.6666666666666665,3.0,Auditory,3.0,4.2,1.5,0,0
5.0,5.0,3.6666666666666665,3.0,Auditory,4.714285714285714,4.2,2.175,1,0
5.0,3.0,2.333333333333333,3.0,Visual,3.857142857142857,4.4799999999999995,2.175,0,2
5.0,1.0,2.333333333333333,3.0,Visual,3.0,4.04,2.175,0,2
5.0,3.0,2.333333333333333,3.0,Visual,3.857142857142857,4.04,2.175,0,2
5.0,1.0,2.333333333333333,3.0,Visual,3.0,4.04,1.5,0,2
5.0,3.0,5.0,3.0,Visual,3.857142857142857,1.56,2.175,0,2
5.0,1.0,1.0,3.0,Visual,3.0,3.96,2.175,0,2
5.0,1.0,5.0,3.0,Visual,3.0,1.56,2.175,0,2
5.0,1.0,2.333333333333333,3.0,Kinesthetic,3.0,4.2,1.5,0,1
5.0,3.0,2.333333333333333,3.0,Kinesthetic,3.857142857142857,4.2,1.5,0,1
5.0,5.0,2.333333333333333,3.0,Kinesthetic,4.714285714285714,4.2,2.175,1,1
5.0,3.0,2.333333333333333,3.0,Kinesthetic,3.857142857142857,4.2,2.175,0,1
5.0,1.0,2.333333333333333,3.0,Kinesthetic,3.0,4.2,2.175,0,1
5.0,3.0,1.0,3.0,Auditory,3.857142857142857,4.12,2.175,0,0
5.0,1.0,1.0,3.0,Auditory,3.0,4.12,1.5,0,0
5.0,5.0,1.0,3.0,Auditory,4.714285714285714,4.12,1.5,1,0
5.0,1.0,2.333333333333333,3.0,Visual,3.0,4.32,2.175,0,2
5.0,3.0,2.333333333333333,3.0,Visual,3.857142857142857,4.32,1.5,0,2
5.0,3.0,2.333333333333333,3.0,Kinesthetic,3.857142857142857,4.279999999999999,1.5,0,1
1.0,3.0,1.0,3.0,Visual,2.142857142857143,1.6,1.5,2,2
1.0,1.0,1.0,3.0,Visual,1.2857142857142858,1.6,1.5,2,2
1.0,3.0,1.0,3.0,Visual,2.142857142857143,1.6,2.175,2,2
5.0,3.0,2.333333333333333,3.0,Visual,3.857142857142857,4.24,2.175,0,2
5.0,5.0,3.6666666666666665,3.0,Auditory,4.714285714285714,4.5600000000000005,2.175,1,0
1.0,5.0,3.6666666666666665,3.0,Visual,3.0,4.4399999999999995,2.175,2,2
1.0,5.0,1.0,3.0,Kinesthetic,3.0,4.04,2.175,2,1
5.0,3.0,3.6666666666666665,3.0,Auditory,3.857142857142857,4.5600000000000005,1.5,0,0
1.0,3.0,3.6666666666666665,3.0,Visual,2.142857142857143,4.4399999999999995,1.5,2,2
1.0,3.0,1.0,3.0,Kinesthetic,2.142857142857143,4.04,1.5,2,1
5.0,5.0,5.0,3.0,Kinesthetic,4.714285714285714,3.8,2.175,1,1
5.0,3.0,5.0,3.0,Kinesthetic,3.857142857142857,3.8,2.175,0,1
5.0,5.0,5.0,3.0,Kinesthetic,4.714285714285714,3.8,1.5,1,1
5.0,3.0,3.6666666666666665,3.0,Visual,3.857142857142857,4.2,1.5,0,2
1.0,3.0,5.0,3.0,Auditory,2.142857142857143,1.72,1.5,2,0
5.0,3.0,3.6666666666666665,3.0,Visual,3.857142857142857,4.2,2.175,0,2
1.0,3.0,5.0,3.0,Auditory,2.142857142857143,1.72,2.175,2,0
5.0,1.0,2.333333333333333,3.0,Kinesthetic,3.0,2.2,1.5,0,1
5.0,1.0,1.0,3.0,Auditory,3.0,4.5600000000000005,1.5,0,0
5.0,3.0,2.333333333333333,3.0,Kinesthetic,3.857142857142857,2.2,2.175,0,1
5.0,3.0,1.0,3.0,Auditory,3.857142857142857,4.5600000000000005,2.175,0,0
5.0,3.0,2.333333333333333,3.0,Kinesthetic,3.857142857142857,2.2,1.5,0,1
5.0,3.0,1.0,3.0,Auditory,3.857142857142857,4.5600000000000005,1.5,0,0
5.0,5.0,2.333333333333333,3.0,Kinesthetic,4.714285714285714,2.2,1.5,1,1
5.0,5.0,1.0,3.0,Auditory,4.714285714285714,4.5600000000000005,1.5,1,0
5.0,1.0,2.333333333333333,3.0,Kinesthetic,3.0,2.2,2.175,0,1
5.0,1.0,1.0,3.0,Auditory,3.0,4.5600000000000005,2.175,0,0
5.0,3.0,5.0,3.0,Auditory,3.857142857142857,4.16,1.5,0,0
5.0,5.0,5.0,3.0,Auditory,4.714285714285714,4.16,2.175,1,0
5.0,1.0,5.0,3.0,Auditory,3.0,4.16,2.175,0,0
1.0,5.0,5.0,3.0,Auditory,3.0,2.16,2.175,2,0
1.0,5.0,1.0,3.0,Visual,3.0,2.12,2.175,2,2
1.0,3.0,5.0,3.0,Auditory,2.142857142857143,2.16,2.175,2,0
1.0,3.0,1.0,3.0,Visual,2.142857142857143,2.12,2.175,2,2
1.0,1.0,5.0,3.0,Auditory,1.2857142857142858,2.16,2.175,2,0
1.0,1.0,1.0,3.0,Visual,1.2857142857142858,2.12,2.175,2,2
5.0,1.0,3.6666666666666665,3.0,Kinesthetic,3.0,1.4,2.175,0,1
1.0,3.0,5.0,3.0,Auditory,2.142857142857143,2.16,1.5,2,0
1.0,3.0,1.0,3.0,Visual,2.142857142857143,2.12,1.5,2,2
5.0,1.0,5.0,3.0,Kinesthetic,3.0,2.16,2.175,0,1
5.0,3.0,5.0,3.0,Kinesthetic,3.857142857142857,2.16,2.175,0,1
5.0,1.0,5.0,3.0,Kinesthetic,3.0,2.16,1.5,0,1
5.0,5.0,5.0,3.0,Visual,4.714285714285714,4.24,1.5,1,2
5.0,1.0,5.0,3.0,Visual,3.0,4.24,2.175,0,2
5.0,3.0,5.0,3.0,Visual,3.857142857142857,4.24,1.5,0,2
5.0,3.0,5.0,3.0,Visual,3.857142857142857,4.24,2.175,0,2
1.0,5.0,1.0,3.0,Auditory,3.0,1.64,2.175,2,0
5.0,3.0,1.0,3.0,Kinesthetic,3.857142857142857,1.44,2.175,0,1
5.0,3.0,2.333333333333333,3.0,Kinesthetic,3.857142857142857,4.4399999999999995,2.175,0,1
5.0,1.0,1.0,3.0,Kinesthetic,3.0,1.44,2.175,0,1
5.0,1.0,2.333333333333333,3.0,Kinesthetic,3.0,4.4399999999999995,2.175,0,1
5.0,5.0,1.0,3.0,Kinesthetic,4.714285714285714,1.44,2.175,1,1
5.0,5.0,2.333333333333333,3.0,Kinesthetic,4.714285714285714,4.4399999999999995,2.175,1,1
5.0,3.0,5.0,3.0,Auditory,3.857142857142857,1.56,2.175,0,0
5.0,5.0,5.0,3.0,Auditory,4.714285714285714,1.56,2.175,1,0
5.0,1.0,1.0,3.0,Visual,3.0,1.52,2.175,0,2
5.0,1.0,1.0,3.0,Visual,3.0,1.52,1.5,0,2
5.0,1.0,5.0,3.0,Auditory,3.0,1.7600000000000002,2.175,0,0
5.0,3.0,1.0,3.0,Auditory,3.857142857142857,4.32,2.175,0,0
5.0,5.0,1.0,3.0,Auditory,4.714285714285714,4.32,2.175,1,0
1.0,5.0,3.6666666666666665,3.0,Auditory,3.0,3.9200000000000004,2.175,2,0
5.0,1.0,2.333333333333333,3.0,Visual,3.0,3.88,1.5,0,2
1.0,1.0,3.6666666666666665,3.0,Auditory,1.2857142857142858,3.9200000000000004,1.5,2,0
1.0,3.0,3.6666666666666665,3.0,Auditory,2.142857142857143,3.9200000000000004,1.5,2,0
5.0,5.0,3.6666666666666665,3.0,Visual,4.714285714285714,3.8,1.5,1,2
1.0,5.0,2.333333333333333,3.0,Visual,3.0,1.9600000000000002,1.5,2,2
5.0,5.0,5.0,3.0,Kinesthetic,4.714285714285714,1.9600000000000002,1.5,1,1
5.0,1.0,3.6666666666666665,3.0,Visual,3.0,3.8,2.175,0,2
1.0,1.0,2.333333333333333,3.0,Visual,1.2857142857142858,1.9600000000000002,2.175,2,2
5.0,1.0,5.0,3.0,Kinesthetic,3.0,1.9600000000000002,2.175,0,1
1.0,3.0,3.6666666666666665,3.0,Auditory,2.142857142857143,3.9200000000000004,2.175,2,0
5.0,3.0,2.333333333333333,3.0,Kinesthetic,3.857142857142857,4.24,2.175,0,1
5.0,5.0,2.333333333333333,3.0,Kinesthetic,4.714285714285714,4.24,2.175,1,1
1.0,5.0,2.333333333333333,3.0,Visual,3.0,1.56,1.5,2,2
5.0,5.0,1.0,3.0,Visual,4.714285714285714,4.0,1.5,1,2
5.0,5.0,2.333333333333333,3.0,Auditory,4.714285714285714,1.44,1.5,1,0
1.0,5.0,1.0,3.0,Visual,3.0,1.6,1.5,2,2
1.0,3.0,2.333333333333333,3.0,Visual,2.142857142857143,1.56,2.175,2,2
5.0,3.0,1.0,3.0,Visual,3.857142857142857,4.0,2.175,0,2
5.0,3.0,2.333333333333333,3.0,Auditory,3.857142857142857,1.44,2.175,0,0
1.0,5.0,2.333333333333333,3.0,Visual,3.0,1.56,2.175,2,2
5.0,5.0,1.0,3.0,Visual,4.714285714285714,4.0,2.175,1,2
1.0,5.0,1.0,3.0,Visual,3.0,1.6,2.175,2,2
1.0,1.0,2.333333333333333,3.0,Visual,1.2857142857142858,1.56,2.175,2,2
5.0,1.0,1.0,3.0,Visual,3.0,4.0,2.175,0,2
1.0,1.0,1.0,3.0,Visual,1.2857142857142858,1.6,2.175,2,2
1.0,1.0,2.333333333333333,3.0,Visual,1.2857142857142858,1.56,1.5,2,2
5.0,1.0,1.0,3.0,Visual,3.0,4.0,1.5,0,2
5.0,1.0,2.333333333333333,3.0,Auditory,3.0,1.44,1.5,0,0
5.0,5.0,2.333333333333333,3.0,Auditory,4.714285714285714,3.8,2.175,1,0
1.0,5.0,2.333333333333333,3.0,Auditory,3.0,1.6800000000000002,2.175,2,0
5.0,1.0,2.333333333333333,3.0,Auditory,3.0,3.8,2.175,0,0
1.0,1.0,2.333333333333333,3.0,Auditory,1.2857142857142858,1.6800000000000002,1.5,2,0
5.0,3.0,5.0,3.0,Kinesthetic,3.857142857142857,4.0,2.175,0,1
1.0,3.0,3.6666666666666665,3.0,Auditory,2.142857142857143,1.8,2.175,2,0
1.0,3.0,5.0,3.0,Kinesthetic,2.142857142857143,3.96,2.175,2,1
5.0,5.0,5.0,3.0,Kinesthetic,4.714285714285714,4.0,2.175,1,1
1.0,5.0,3.6666666666666665,3.0,Auditory,3.0,1.8,2.175,2,0
1.0,5.0,5.0,3.0,Kinesthetic,3.0,3.96,2.175,2,1
5.0,5.0,3.6666666666666665,3.0,Kinesthetic,4.714285714285714,4.16,2.175,1,1
5.0,3.0,3.6666666666666665,3.0,Kinesthetic,3.857142857142857,4.16,2.175,0,1
5.0,1.0,3.6666666666666665,3.0,Kinesthetic,3.0,4.16,2.175,0,1
5.0,3.0,3.6666666666666665,3.0,Kinesthetic,3.857142857142857,4.16,1.5,0,1
5.0,1.0,5.0,3.0,Kinesthetic,3.0,4.4399999999999995,2.175,0,1
5.0,3.0,5.0,3.0,Kinesthetic,3.857142857142857,4.6,1.5,0,1
5.0,3.0,5.0,3.0,Auditory,3.857142857142857,4.4,1.5,0,0
5.0,1.0,5.0,3.0,Kinesthetic,3.0,4.6,1.5,0,1
5.0,1.0,5.0,3.0,Auditory,3.0,4.4,1.5,0,0
5.0,3.0,5.0,3.0,Kinesthetic,3.857142857142857,4.6,2.175,0,1
5.0,3.0,5.0,3.0,Auditory,3.857142857142857,4.4,2.175,0,0
5.0,3.0,3.6666666666666665,3.0,Auditory,3.857142857142857,1.92,2.175,0,0
5.0,3.0,1.0,3.0,Kinesthetic,3.857142857142857,1.64,2.175,0,1
5.0,1.0,3.6666666666666665,3.0,Auditory,3.0,1.92,2.175,0,0
5.0,1.0,1.0,3.0,Kinesthetic,3.0,1.64,2.175,0,1
5.0,3.0,3.6666666666666665,3.0,Auditory,3.857142857142857,1.92,1.5,0,0
5.0,3.0,1.0,3.0,Kinesthetic,3.857142857142857,1.64,1.5,0,1
5.0,5.0,3.6666666666666665,3.0,Auditory,4.714285714285714,1.92,2.175,1,0
5.0,5.0,1.0,3.0,Kinesthetic,4.714285714285714,1.64,2.175,1,1
1.0,3.0,1.0,3.0,Visual,2.142857142857143,4.32,1.5,2,2
5.0,3.0,1.0,3.0,Kinesthetic,3.857142857142857,4.4399999999999995,1.5,0,1
5.0,3.0,5.0,3.0,Kinesthetic,3.857142857142857,3.88,1.5,0,1
5.0,3.0,1.0,3.0,Kinesthetic,3.857142857142857,4.4399999999999995,2.175,0,1
5.0,3.0,5.0,3.0,Kinesthetic,3.857142857142857,3.88,2.175,0,1
1.0,5.0,1.0,3.0,Visual,3.0,4.32,2.175,2,2
5.0,5.0,1.0,3.0,Kinesthetic,4.714285714285714,4.4399999999999995,2.175,1,1
5.0,5.0,5.0,3.0,Kinesthetic,4.714285714285714,3.88,2.175,1,1
5.0,1.0,3.6666666666666665,3.0,Visual,3.0,4.32,1.5,0,2
5.0,3.0,1.0,3.0,Kinesthetic,3.857142857142857,2.2,1.5,0,1
5.0,1.0,1.0,3.0,Kinesthetic,3.0,2.2,1.5,0,1
1.0,1.0,3.6666666666666665,3.0,Visual,1.2857142857142858,4.4399999999999995,1.5,2,2
5.0,5.0,1.0,3.0,Kinesthetic,4.714285714285714,2.2,2.175,1,1
5.0,3.0,1.0,3.0,Kinesthetic,3.857142857142857,2.2,2.175,0,1
1.0,3.0,3.6666666666666665,3.0,Visual,2.142857142857143,4.4399999999999995,2.175,2,2
5.0,3.0,1.0,3.0,Kinesthetic,3.857142857142857,3.8,2.175,0,1
5.0,3.0,3.6666666666666665,3.0,Visual,3.857142857142857,4.279999999999999,2.175,0,2
5.0,1.0,3.6666666666666665,3.0,Visual,3.0,4.279999999999999,2.175,0,2
1.0,5.0,1.0,3.0,Visual,3.0,4.36,1.5,2,2
5.0,5.0,3.6666666666666665,3.0,Visual,4.714285714285714,4.279999999999999,1.5,1,2
1.0,3.0,1.0,3.0,Visual,2.142857142857143,4.36,1.5,2,2
5.0,3.0,3.6666666666666665,3.0,Visual,3.857142857142857,4.279999999999999,1.5,0,2
1.0,5.0,1.0,3.0,Visual,3.0,4.36,2.175,2,2
5.0,5.0,1.0,3.0,Kinesthetic,4.714285714285714,3.8,2.175,1,1
5.0,5.0,3.6666666666666665,3.0,Visual,4.714285714285714,4.279999999999999,2.175,1,2
5.0,3.0,3.6666666666666665,3.0,Auditory,3.857142857142857,4.5200000000000005,2.175,0,0
5.0,3.0,3.6666666666666665,3.0,Visual,3.857142857142857,4.04,2.175,0,2
5.0,5.0,3.6666666666666665,3.0,Auditory,4.714285714285714,4.5200000000000005,2.175,1,0
5.0,5.0,3.6666666666666665,3.0,Visual,4.714285714285714,4.04,2.175,1,2
5.0,3.0,3.6666666666666665,3.0,Auditory,3.857142857142857,4.5200000000000005,1.5,0,0
5.0,3.0,3.6666666666666665,3.0,Visual,3.857142857142857,4.04,1.5,0,2
5.0,3.0,2.333333333333333,3.0,Kinesthetic,3.857142857142857,4.04,2.175,0,1
5.0,3.0,5.0,3.0,Auditory,3.857142857142857,3.8,2.175,0,0
5.0,3.0,3.6666666666666665,3.0,Visual,3.857142857142857,1.92,2.175,0,2
5.0,1.0,2.333333333333333,3.0,Kinesthetic,3.0,4.04,1.5,0,1
5.0,1.0,5.0,3.0,Auditory,3.0,3.8,1.5,0,0
5.0,1.0,3.6666666666666665,3.0,Visual,3.0,1.92,1.5,0,2
5.0,1.0,2.333333333333333,3.0,Kinesthetic,3.0,4.04,2.175,0,1
5.0,1.0,5.0,3.0,Auditory,3.0,3.8,2.175,0,0
5.0,1.0,3.6666666666666665,3.0,Visual,3.0,1.92,2.175,0,2
5.0,3.0,2.333333333333333,3.0,Kinesthetic,3.857142857142857,4.04,1.5,0,1
5.0,3.0,5.0,3.0,Auditory,3.857142857142857,3.8,1.5,0,0
5.0,3.0,3.6666666666666665,3.0,Visual,3.857142857142857,1.92,1.5,0,2
5.0,1.0,2.333333333333333,3.0,Visual,3.0,4.4799999999999995,1.5,0,2
5.0,3.0,5.0,3.0,Visual,3.857142857142857,4.4,2.175,0,2
5.0,3.0,5.0,3.0,Kinesthetic,3.857142857142857,2.2,1.5,0,1
5.0,1.0,5.0,3.0,Kinesthetic,3.0,2.2,2.175,0,1
5.0,3.0,5.0,3.0,Kinesthetic,3.857142857142857,2.2,2.175,0,1
5.0,5.0,5.0,3.0,Kinesthetic,4.714285714285714,2.2,2.175,1,1
5.0,5.0,5.0,3.0,Kinesthetic,4.714285714285714,2.2,1.5,1,1
5.0,3.0,2.333333333333333,3.0,Visual,3.857142857142857,1.8800000000000001,1.5,0,2
5.0,3.0,2.333333333333333,3.0,Visual,3.857142857142857,1.8800000000000001,2.175,0,2
1.0,3.0,3.6666666666666665,3.0,Visual,2.142857142857143,3.88,2.175,2,2
5.0,3.0,3.6666666666666665,3.0,Auditory,3.857142857142857,3.88,2.175,0,0
1.0,3.0,3.6666666666666665,3.0,Visual,2.142857142857143,3.88,1.5,2,2
5.0,3.0,3.6666666666666665,3.0,Auditory,3.857142857142857,3.88,1.5,0,0
5.0,3.0,5.0,3.0,Kinesthetic,3.857142857142857,4.5200000000000005,2.175,0,1
5.0,3.0,2.333333333333333,3.0,Auditory,3.857142857142857,4.4399999999999995,1.5,0,0
5.0,3.0,2.333333333333333,3.0,Auditory,3.857142857142857,4.4399999999999995,2.175,0,0
5.0,3.0,1.0,3.0,Visual,3.857142857142857,2.08,2.175,0,2
5.0,3.0,1.0,3.0,Kinesthetic,3.857142857142857,4.6,2.175,0,1
5.0,3.0,5.0,3.0,Visual,3.857142857142857,3.84,2.175,0,2
5.0,5.0,5.0,3.0,Visual,4.714285714285714,3.84,2.175,1,2
5.0,3.0,5.0,3.0,Visual,3.857142857142857,3.84,1.5,0,2
5.0,3.0,5.0,3.0,Auditory,3.857142857142857,1.4,1.5,0,0
5.0,3.0,3.6666666666666665,3.0,Kinesthetic,3.857142857142857,2.16,1.5,0,1
1.0,3.0,2.333333333333333,3.0,Visual,2.142857142857143,4.5600000000000005,1.5,2,2
5.0,5.0,3.6666666666666665,3.0,Kinesthetic,4.714285714285714,2.16,1.5,1,1
1.0,5.0,2.333333333333333,3.0,Visual,3.0,4.5600000000000005,1.5,2,2
5.0,5.0,3.6666666666666665,3.0,Kinesthetic,4.714285714285714,2.16,2.175,1,1
1.0,5.0,2.333333333333333,3.0,Visual,3.0,4.5600000000000005,2.175,2,2
1.0,5.0,5.0,3.0,Visual,3.0,4.4,2.175,2,2
5.0,5.0,2.333333333333333,3.0,Kinesthetic,4.714285714285714,4.6,2.175,1,1
5.0,5.0,1.0,3.0,Kinesthetic,4.714285714285714,1.92,1.5,1,1
5.0,5.0,1.0,3.0,Kinesthetic,4.714285714285714,1.92,2.175,1,1
5.0,1.0,1.0,3.0,Auditory,3.0,4.32,2.175,0,0
5.0,1.0,1.0,3.0,Auditory,3.0,4.4399999999999995,2.175,0,0
5.0,3.0,1.0,3.0,Auditory,3.857142857142857,4.4399999999999995,2.175,0,0
5.0,1.0,1.0,3.0,Auditory,3.0,4.32,1.5,0,0
5.0,1.0,1.0,3.0,Auditory,3.0,4.4399999999999995,1.5,0,0
5.0,5.0,1.0,3.0,Auditory,4.714285714285714,4.4399999999999995,1.5,1,0
5.0,1.0,2.333333333333333,3.0,Visual,3.0,4.24,2.175,0,2
5.0,1.0,3.6666666666666665,3.0,Kinesthetic,3.0,1.92,2.175,0,1
1.0,3.0,2.333333333333333,3.0,Kinesthetic,2.142857142857143,2.12,2.175,2,1
1.0,3.0,2.333333333333333,3.0,Kinesthetic,2.142857142857143,2.12,1.5,2,1
1.0,1.0,2.333333333333333,3.0,Kinesthetic,1.2857142857142858,2.12,1.5,2,1
1.0,5.0,1.0,3.0,Auditory,3.0,4.0,1.5,2,0
1.0,5.0,1.0,3.0,Auditory,3.0,4.0,2.175,2,0
1.0,3.0,1.0,3.0,Auditory,2.142857142857143,4.0,1.5,2,0
5.0,5.0,2.333333333333333,3.0,Auditory,4.714285714285714,1.6,2.175,1,0
5.0,5.0,2.333333333333333,3.0,Visual,4.714285714285714,1.4,2.175,1,2
5.0,1.0,1.0,3.0,Visual,3.0,4.16,1.5,0,2
5.0,1.0,2.333333333333333,3.0,Visual,3.0,1.8399999999999999,1.5,0,2
1.0,1.0,2.333333333333333,3.0,Visual,1.2857142857142858,3.84,1.5,2,2
5.0,3.0,1.0,3.0,Visual,3.857142857142857,4.16,2.175,0,2
1.0,3.0,2.333333333333333,3.0,Visual,2.142857142857143,3.84,2.175,2,2
5.0,3.0,1.0,3.0,Visual,3.857142857142857,4.16,1.5,0,2
5.0,3.0,2.333333333333333,3.0,Visual,3.857142857142857,1.8399999999999999,1.5,0,2
1.0,3.0,2.333333333333333,3.0,Visual,2.142857142857143,3.84,1.5,2,2
5.0,1.0,3.6666666666666665,3.0,Visual,3.0,4.5200000000000005,2.175,0,2
5.0,5.0,3.6666666666666665,3.0,Visual,4.714285714285714,4.5200000000000005,2.175,1,2
5.0,3.0,3.6666666666666665,3.0,Visual,3.857142857142857,4.5200000000000005,1.5,0,2
5.0,3.0,1.0,3.0,Auditory,3.857142857142857,4.4399999999999995,1.5,0,0
5.0,5.0,1.0,3.0,Auditory,4.714285714285714,4.4399999999999995,2.175,1,0
5.0,5.0,5.0,3.0,Visual,4.714285714285714,1.4,2.175,1,2
5.0,5.0,2.333333333333333,3.0,Auditory,4.714285714285714,4.4,2.175,1,0
5.0,3.0,2.333333333333333,3.0,Auditory,3.857142857142857,4.4,2.175,0,0
5.0,3.0,2.333333333333333,3.0,Auditory,3.857142857142857,4.4,1.5,0,0
1.0,3.0,2.333333333333333,3.0,Kinesthetic,2.142857142857143,1.48,1.5,2,1
1.0,3.0,5.0,3.0,Auditory,2.142857142857143,4.5600000000000005,1.5,2,0
5.0,3.0,1.0,3.0,Visual,3.857142857142857,3.8,1.5,0,2
1.0,3.0,5.0,3.0,Auditory,2.142857142857143,3.8,1.5,2,0
1.0,5.0,5.0,3.0,Auditory,3.0,4.5600000000000005,2.175,2,0
5.0,5.0,1.0,3.0,Visual,4.714285714285714,3.8,2.175,1,2
1.0,5.0,5.0,3.0,Auditory,3.0,3.8,2.175,2,0
1.0,5.0,2.333333333333333,3.0,Kinesthetic,3.0,1.48,1.5,2,1
1.0,5.0,5.0,3.0,Auditory,3.0,4.5600000000000005,1.5,2,0
5.0,5.0,1.0,3.0,Visual,4.714285714285714,3.8,1.5,1,2
1.0,5.0,5.0,3.0,Auditory,3.0,3.8,1.5,2,0
1.0,3.0,5.0,3.0,Auditory,2.142857142857143,4.5600000000000005,2.175,2,0
5.0,3.0,1.0,3.0,Visual,3.857142857142857,3.8,2.175,0,2
1.0,3.0,5.0,3.0,Auditory,2.142857142857143,3.8,2.175,2,0
5.0,3.0,2.333333333333333,3.0,Kinesthetic,3.857142857142857,1.56,1.5,0,1
5.0,1.0,2.333333333333333,3.0,Kinesthetic,3.0,1.56,2.175,0,1
5.0,5.0,2.333333333333333,3.0,Kinesthetic,4.714285714285714,1.56,2.175,1,1
5.0,3.0,2.333333333333333,3.0,Kinesthetic,3.857142857142857,1.56,2.175,0,1
5.0,5.0,5.0,3.0,Auditory,4.714285714285714,4.36,1.5,1,0
5.0,3.0,5.0,3.0,Auditory,3.857142857142857,4.36,1.5,0,0
5.0,3.0,5.0,3.0,Auditory,3.857142857142857,4.36,2.175,0,0
5.0,5.0,5.0,3.0,Auditory,4.714285714285714,4.36,2.175,1,0
5.0,3.0,5.0,3.0,Auditory,3.857142857142857,4.16,2.175,0,0
5.0,5.0,5.0,3.0,Auditory,4.714285714285714,4.16,1.5,1,0
5.0,5.0,5.0,3.0,Kinesthetic,4.714285714285714,3.84,2.175,1,1
5.0,1.0,1.0,3.0,Visual,3.0,1.64,1.5,0,2
5.0,1.0,1.0,3.0,Visual,3.0,1.64,2.175,0,2
5.0,5.0,1.0,3.0,Visual,4.714285714285714,1.64,2.175,1,2
5.0,3.0,1.0,3.0,Visual,3.857142857142857,1.64,1.5,0,2
5.0,1.0,2.333333333333333,3.0,Auditory,3.0,2.04,1.5,0,0
1.0,1.0,1.0,3.0,Auditory,1.2857142857142858,4.2,1.5,2,0
1.0,3.0,1.0,3.0,Auditory,2.142857142857143,4.2,2.175,2,0
5.0,5.0,2.333333333333333,3.0,Auditory,4.714285714285714,2.04,1.5,1,0
1.0,5.0,1.0,3.0,Auditory,3.0,4.2,1.5,2,0
5.0,5.0,1.0,3.0,Visual,4.714285714285714,4.5600000000000005,2.175,1,2
5.0,5.0,2.333333333333333,3.0,Visual,4.714285714285714,4.24,2.175,1,2
5.0,1.0,2.333333333333333,3.0,Visual,3.0,2.08,1.5,0,2
5.0,3.0,2.333333333333333,3.0,Visual,3.857142857142857,2.08,1.5,0,2
5.0,1.0,2.333333333333333,3.0,Visual,3.0,2.08,2.175,0,2
5.0,5.0,1.0,3.0,Auditory,4.714285714285714,4.4,1.5,1,0
5.0,5.0,5.0,3.0,Kinesthetic,4.714285714285714,3.96,1.5,1,1
5.0,5.0,1.0,3.0,Auditory,4.714285714285714,4.4,2.175,1,0
5.0,3.0,1.0,3.0,Auditory,3.857142857142857,4.4,1.5,0,0
5.0,3.0,1.0,3.0,Auditory,3.857142857142857,4.4,2.175,0,0
5.0,3.0,5.0,3.0,Kinesthetic,3.857142857142857,3.96,2.175,0,1
1.0,3.0,3.6666666666666665,3.0,Kinesthetic,2.142857142857143,1.8800000000000001,1.5,2,1
5.0,3.0,5.0,3.0,Kinesthetic,3.857142857142857,1.6,2.175,0,1
5.0,3.0,1.0,3.0,Kinesthetic,3.857142857142857,3.88,2.175,0,1
1.0,5.0,3.6666666666666665,3.0,Visual,3.0,3.84,1.5,2,2
5.0,5.0,5.0,3.0,Kinesthetic,4.714285714285714,1.6,1.5,1,1
5.0,5.0,1.0,3.0,Kinesthetic,4.714285714285714,3.88,1.5,1,1
5.0,1.0,5.0,3.0,Kinesthetic,3.0,1.6,2.175,0,1
5.0,1.0,1.0,3.0,Kinesthetic,3.0,3.88,2.175,0,1
1.0,1.0,1.0,3.0,Kinesthetic,1.2857142857142858,2.08,1.5,2,1
5.0,1.0,1.0,3.0,Kinesthetic,3.0,2.16,1.5,0,1
1.0,3.0,1.0,3.0,Kinesthetic,2.142857142857143,2.08,1.5,2,1
1.0,5.0,1.0,3.0,Kinesthetic,3.0,2.08,2.175,2,1
5.0,5.0,1.0,3.0,Kinesthetic,4.714285714285714,2.16,2.175,1,1
5.0,5.0,3.6666666666666665,3.0,Kinesthetic,4.714285714285714,1.8800000000000001,1.5,1,1
5.0,5.0,2.333333333333333,3.0,Kinesthetic,4.714285714285714,4.4799999999999995,1.5,1,1
5.0,5.0,3.6666666666666665,3.0,Visual,4.714285714285714,4.32,1.5,1,2
5.0,1.0,3.6666666666666665,3.0,Kinesthetic,3.0,1.8800000000000001,1.5,0,1
5.0,1.0,2.333333333333333,3.0,Kinesthetic,3.0,4.4799999999999995,1.5,0,1
5.0,3.0,3.6666666666666665,3.0,Kinesthetic,3.857142857142857,4.5600000000000005,2.175,0,1
5.0,3.0,2.333333333333333,3.0,Kinesthetic,3.857142857142857,1.48,2.175,0,1
5.0,3.0,3.6666666666666665,3.0,Kinesthetic,3.857142857142857,4.5600000000000005,1.5,0,1
5.0,3.0,2.333333333333333,3.0,Kinesthetic,3.857142857142857,1.48,1.5,0,1
5.0,5.0,3.6666666666666665,3.0,Kinesthetic,4.714285714285714,4.5600000000000005,2.175,1,1
5.0,5.0,2.333333333333333,3.0,Kinesthetic,4.714285714285714,1.48,2.175,1,1
5.0,3.0,3.6666666666666665,3.0,Visual,3.857142857142857,4.16,2.175,0,2
5.0,3.0,1.0,3.0,Visual,3.857142857142857,1.64,2.175,0,2
5.0,1.0,1.0,3.0,Auditory,3.0,2.04,1.5,0,0
5.0,5.0,1.0,3.0,Visual,4.714285714285714,1.64,1.5,1,2
1.0,1.0,1.0,3.0,Kinesthetic,1.2857142857142858,4.5600000000000005,1.5,2,1
1.0,3.0,1.0,3.0,Kinesthetic,2.142857142857143,4.5600000000000005,2.175,2,1
1.0,1.0,1.0,3.0,Kinesthetic,1.2857142857142858,4.5600000000000005,2.175,2,1
1.0,3.0,1.0,3.0,Kinesthetic,2.142857142857143,4.5600000000000005,1.5,2,1
1.0,1.0,2.333333333333333,3.0,Kinesthetic,1.2857142857142858,1.92,2.175,2,1
1.0,3.0,2.333333333333333,3.0,Kinesthetic,2.142857142857143,1.92,1.5,2,1
5.0,3.0,3.6666666666666665,3.0,Visual,3.857142857142857,2.08,1.5,0,2
1.0,5.0,2.333333333333333,3.0,Kinesthetic,3.0,1.92,1.5,2,1
5.0,5.0,3.6666666666666665,3.0,Visual,4.714285714285714,2.08,1.5,1,2
5.0,5.0,3.6666666666666665,3.0,Visual,4.714285714285714,4.12,2.175,1,2
5.0,3.0,3.6666666666666665,3.0,Kinesthetic,3.857142857142857,1.9600000000000002,1.5,0,1
5.0,3.0,2.333333333333333,3.0,Auditory,3.857142857142857,4.12,1.5,0,0
5.0,3.0,1.0,3.0,Visual,3.857142857142857,1.6800000000000002,2.175,0,2
1.0,3.0,1.0,3.0,Visual,2.142857142857143,1.92,2.175,2,2
5.0,1.0,1.0,3.0,Visual,3.0,1.6800000000000002,1.5,0,2
1.0,1.0,1.0,3.0,Visual,1.2857142857142858,1.92,1.5,2,2
1.0,3.0,3.6666666666666665,3.0,Visual,2.142857142857143,1.8,1.5,2,2
1.0,3.0,3.6666666666666665,3.0,Visual,2.142857142857143,1.8,2.175,2,2
5.0,1.0,2.333333333333333,3.0,Kinesthetic,3.0,4.5200000000000005,2.175,0,1
5.0,5.0,2.333333333333333,3.0,Kinesthetic,4.714285714285714,4.5200000000000005,2.175,1,1
5.0,5.0,2.333333333333333,3.0,Kinesthetic,4.714285714285714,4.5200000000000005,1.5,1,1
5.0,1.0,2.333333333333333,3.0,Auditory,3.0,1.64,1.5,0,0
5.0,5.0,2.333333333333333,3.0,Auditory,4.714285714285714,1.64,2.175,1,0
1.0,5.0,2.333333333333333,3.0,Auditory,3.0,4.12,2.175,2,0
5.0,5.0,2.333333333333333,3.0,Visual,4.714285714285714,4.04,2.175,1,2
5.0,5.0,1.0,3.0,Visual,4.714285714285714,2.12,1.5,1,2
5.0,5.0,2.333333333333333,3.0,Visual,4.714285714285714,4.04,1.5,1,2
5.0,3.0,1.0,3.0,Auditory,3.857142857142857,2.12,2.175,0,0
5.0,3.0,5.0,3.0,Visual,3.857142857142857,4.12,2.175,0,2
1.0,3.0,2.333333333333333,3.0,Visual,2.142857142857143,4.2,1.5,2,2
5.0,1.0,1.0,3.0,Visual,3.0,4.16,2.175,0,2
1.0,3.0,5.0,3.0,Auditory,2.142857142857143,4.6,2.175,2,0
1.0,3.0,3.6666666666666665,3.0,Visual,2.142857142857143,4.0,2.175,2,2
5.0,3.0,1.0,3.0,Auditory,3.857142857142857,2.16,2.175,0,0
5.0,3.0,5.0,3.0,Auditory,3.857142857142857,3.88,2.175,0,0
1.0,5.0,5.0,3.0,Auditory,3.0,4.6,2.175,2,0
1.0,5.0,3.6666666666666665,3.0,Visual,3.0,4.0,2.175,2,2
5.0,5.0,1.0,3.0,Auditory,4.714285714285714,2.16,2.175,1,0
5.0,5.0,5.0,3.0,Auditory,4.714285714285714,3.88,2.175,1,0
1.0,1.0,5.0,3.0,Auditory,1.2857142857142858,4.6,1.5,2,0
1.0,1.0,3.6666666666666665,3.0,Visual,1.2857142857142858,4.0,1.5,2,2
5.0,1.0,1.0,3.0,Auditory,3.0,2.16,1.5,0,0
5.0,1.0,2.333333333333333,3.0,Kinesthetic,3.0,4.16,2.175,0,1
5.0,1.0,2.333333333333333,3.0,Visual,3.0,1.8800000000000001,2.175,0,2
5.0,5.0,2.333333333333333,3.0,Kinesthetic,4.714285714285714,4.16,2.175,1,1
5.0,5.0,2.333333333333333,3.0,Visual,4.714285714285714,1.8800000000000001,2.175,1,2
5.0,1.0,2.333333333333333,3.0,Kinesthetic,3.0,4.16,1.5,0,1
5.0,1.0,2.333333333333333,3.0,Visual,3.0,1.8800000000000001,1.5,0,2
5.0,3.0,3.6666666666666665,3.0,Kinesthetic,3.857142857142857,1.72,1.5,0,1
5.0,1.0,3.6666666666666665,3.0,Kinesthetic,3.0,1.72,1.5,0,1
5.0,3.0,3.6666666666666665,3.0,Kinesthetic,3.857142857142857,1.72,2.175,0,1
5.0,1.0,3.6666666666666665,3.0,Kinesthetic,3.0,1.72,2.175,0,1
5.0,5.0,3.6666666666666665,3.0,Kinesthetic,4.714285714285714,1.72,2.175,1,1
5.0,3.0,2.333333333333333,3.0,Kinesthetic,3.857142857142857,2.12,2.175,0,1
5.0,1.0,2.333333333333333,3.0,Kinesthetic,3.0,2.12,2.175,0,1
5.0,5.0,2.333333333333333,3.0,Kinesthetic,4.714285714285714,2.12,1.5,1,1
5.0,5.0,1.0,3.0,Visual,4.714285714285714,4.16,1.5,1,2
5.0,3.0,2.333333333333333,3.0,Auditory,3.857142857142857,2.16,2.175,0,0
1.0,1.0,1.0,3.0,Kinesthetic,1.2857142857142858,4.4799999999999995,2.175,2,1
1.0,1.0,1.0,3.0,Kinesthetic,1.2857142857142858,4.4799999999999995,1.5,2,1
1.0,5.0,1.0,3.0,Kinesthetic,3.0,4.4799999999999995,1.5,2,1
1.0,3.0,1.0,3.0,Kinesthetic,2.142857142857143,4.4799999999999995,1.5,2,1
1.0,3.0,1.0,3.0,Kinesthetic,2.142857142857143,4.4799999999999995,2.175,2,1
5.0,5.0,1.0,3.0,Kinesthetic,4.714285714285714,3.88,2.175,1,1
5.0,1.0,5.0,3.0,Kinesthetic,3.0,4.5200000000000005,2.175,0,1
5.0,3.0,5.0,3.0,Kinesthetic,3.857142857142857,4.5200000000000005,1.5,0,1
5.0,1.0,3.6666666666666665,3.0,Auditory,3.0,4.04,2.175,0,0
5.0,5.0,3.6666666666666665,3.0,Auditory,4.714285714285714,1.64,1.5,1,0
1.0,5.0,1.0,3.0,Visual,3.0,4.2,1.5,2,2
1.0,5.0,3.6666666666666665,3.0,Auditory,3.0,1.44,1.5,2,0
1.0,5.0,1.0,3.0,Visual,3.0,4.2,2.175,2,2
1.0,3.0,1.0,3.0,Visual,2.142857142857143,4.2,2.175,2,2
1.0,5.0,2.333333333333333,3.0,Visual,3.0,4.16,1.5,2,2
1.0,1.0,2.333333333333333,3.0,Visual,1.2857142857142858,4.16,2.175,2,2
1.0,5.0,2.333333333333333,3.0,Visual,3.0,4.16,2.175,2,2
5.0,3.0,1.0,3.0,Auditory,3.857142857142857,1.48,1.5,0,0
5.0,1.0,1.0,3.0,Auditory,3.0,1.48,2.175,0,0
5.0,3.0,3.6666666666666665,3.0,Visual,3.857142857142857,1.56,1.5,0,2
5.0,1.0,2.333333333333333,3.0,Kinesthetic,3.0,2.0,2.175,0,1
5.0,1.0,5.0,3.0,Kinesthetic,3.0,3.9200000000000004,2.175,0,1
5.0,1.0,3.6666666666666665,3.0,Kinesthetic,3.0,1.9600000000000002,2.175,0,1
5.0,1.0,2.333333333333333,3.0,Auditory,3.0,2.04,2.175,0,0
5.0,5.0,5.0,3.0,Kinesthetic,4.714285714285714,3.9200000000000004,2.175,1,1
5.0,5.0,3.6666666666666665,3.0,Kinesthetic,4.714285714285714,1.9600000000000002,2.175,1,1
5.0,5.0,2.333333333333333,3.0,Visual,4.714285714285714,2.08,2.175,1,2
5.0,5.0,2.333333333333333,3.0,Auditory,4.714285714285714,2.04,2.175,1,0
5.0,1.0,5.0,3.0,Visual,3.0,2.0,2.175,0,2
5.0,1.0,5.0,3.0,Kinesthetic,3.0,4.36,2.175,0,1
5.0,1.0,1.0,3.0,Auditory,3.0,4.5200000000000005,2.175,0,0
5.0,5.0,5.0,3.0,Kinesthetic,4.714285714285714,4.36,2.175,1,1
5.0,5.0,1.0,3.0,Auditory,4.714285714285714,4.5200000000000005,2.175,1,0
5.0,3.0,5.0,3.0,Kinesthetic,3.857142857142857,4.36,1.5,0,1
5.0,3.0,1.0,3.0,Auditory,3.857142857142857,4.5200000000000005,1.5,0,0
1.0,3.0,5.0,3.0,Kinesthetic,2.142857142857143,3.8,2.175,2,1
1.0,1.0,5.0,3.0,Kinesthetic,1.2857142857142858,3.8,1.5,2,1
5.0,1.0,3.6666666666666665,3.0,Auditory,3.0,2.0,1.5,0,0
5.0,5.0,3.6666666666666665,3.0,Auditory,4.714285714285714,2.0,1.5,1,0
5.0,5.0,5.0,3.0,Visual,4.714285714285714,4.24,2.175,1,2
5.0,5.0,5.0,3.0,Visual,4.714285714285714,4.36,1.5,1,2
5.0,5.0,3.6666666666666665,3.0,Kinesthetic,4.714285714285714,4.36,1.5,1,1
5.0,5.0,3.6666666666666665,3.0,Auditory,4.714285714285714,4.12,1.5,1,0
5.0,5.0,5.0,3.0,Visual,4.714285714285714,4.36,2.175,1,2
5.0,5.0,3.6666666666666665,3.0,Auditory,4.714285714285714,4.12,2.175,1,0
5.0,3.0,2.333333333333333,3.0,Auditory,3.857142857142857,4.5200000000000005,2.175,0,0
1.0,3.0,1.0,3.0,Auditory,2.142857142857143,4.4,2.175,2,0
5.0,5.0,2.333333333333333,3.0,Auditory,4.714285714285714,4.5200000000000005,2.175,1,0
1.0,5.0,1.0,3.0,Auditory,3.0,4.4,2.175,2,0
1.0,5.0,2.333333333333333,3.0,Visual,3.0,1.92,2.175,2,2
5.0,5.0,2.333333333333333,3.0,Auditory,4.714285714285714,1.56,2.175,1,0
1.0,1.0,2.333333333333333,3.0,Visual,1.2857142857142858,1.92,1.5,2,2
5.0,1.0,2.333333333333333,3.0,Auditory,3.0,1.56,1.5,0,0
5.0,1.0,3.6666666666666665,3.0,Visual,3.0,4.12,1.5,0,2
5.0,5.0,1.0,3.0,Kinesthetic,4.714285714285714,2.2,1.5,1,1
5.0,5.0,5.0,3.0,Auditory,4.714285714285714,4.12,1.5,1,0
1.0,5.0,2.333333333333333,3.0,Auditory,3.0,1.56,1.5,2,0
5.0,5.0,1.0,3.0,Auditory,4.714285714285714,3.84,1.5,1,0
1.0,1.0,2.333333333333333,3.0,Auditory,1.2857142857142858,1.56,2.175,2,0
5.0,1.0,1.0,3.0,Auditory,3.0,3.84,2.175,0,0
5.0,3.0,5.0,3.0,Kinesthetic,3.857142857142857,1.6800000000000002,2.175,0,1
1.0,3.0,1.0,3.0,Visual,2.142857142857143,1.8,2.175,2,2
1.0,3.0,3.6666666666666665,3.0,Kinesthetic,2.142857142857143,1.44,2.175,2,1
5.0,1.0,5.0,3.0,Kinesthetic,3.0,1.6800000000000002,2.175,0,1
1.0,1.0,1.0,3.0,Visual,1.2857142857142858,1.8,2.175,2,2
1.0,1.0,3.6666666666666665,3.0,Kinesthetic,1.2857142857142858,1.44,2.175,2,1
5.0,5.0,5.0,3.0,Kinesthetic,4.714285714285714,1.6800000000000002,2.175,1,1
1.0,5.0,1.0,3.0,Visual,3.0,1.8,2.175,2,2
1.0,5.0,3.6666666666666665,3.0,Kinesthetic,3.0,1.44,2.175,2,1
5.0,3.0,5.0,3.0,Kinesthetic,3.857142857142857,1.6800000000000002,1.5,0,1
1.0,3.0,1.0,3.0,Visual,2.142857142857143,1.8,1.5,2,2
1.0,3.0,3.6666666666666665,3.0,Kinesthetic,2.142857142857143,1.44,1.5,2,1
5.0,5.0,3.6666666666666665,3.0,Kinesthetic,4.714285714285714,2.08,1.5,1,1
5.0,5.0,1.0,3.0,Auditory,4.714285714285714,1.52,1.5,1,0
5.0,5.0,3.6666666666666665,3.0,Kinesthetic,4.714285714285714,4.4399999999999995,1.5,1,1
5.0,5.0,3.6666666666666665,3.0,Auditory,4.714285714285714,4.279999999999999,1.5,1,0
1.0,1.0,2.333333333333333,3.0,Visual,1.2857142857142858,3.84,2.175,2,2
5.0,1.0,1.0,3.0,Visual,3.0,1.7600000000000002,2.175,0,2
5.0,5.0,3.6666666666666665,3.0,Kinesthetic,4.714285714285714,1.92,2.175,1,1
1.0,5.0,2.333333333333333,3.0,Visual,3.0,3.84,2.175,2,2
5.0,5.0,1.0,3.0,Visual,4.714285714285714,1.7600000000000002,2.175,1,2
5.0,5.0,3.6666666666666665,3.0,Kinesthetic,4.714285714285714,1.92,1.5,1,1
1.0,5.0,2.333333333333333,3.0,Visual,3.0,3.84,1.5,2,2
5.0,5.0,1.0,3.0,Visual,4.714285714285714,1.7600000000000002,1.5,1,2
1.0,1.0,2.333333333333333,3.0,Auditory,1.2857142857142858,3.84,2.175,2,0
1.0,5.0,2.333333333333333,3.0,Auditory,3.0,3.84,1.5,2,0
1.0,5.0,2.333333333333333,3.0,Auditory,3.0,3.84,2.175,2,0
1.0,3.0,2.333333333333333,3.0,Auditory,2.142857142857143,2.16,2.175,2,0
1.0,1.0,2.333333333333333,3.0,Auditory,1.2857142857142858,2.16,2.175,2,0
5.0,1.0,5.0,3.0,Kinesthetic,3.0,3.88,2.175,0,1
1.0,5.0,2.333333333333333,3.0,Auditory,3.0,2.16,1.5,2,0
5.0,5.0,5.0,3.0,Kinesthetic,4.714285714285714,3.88,1.5,1,1
1.0,3.0,5.0,3.0,Visual,2.142857142857143,4.0,2.175,2,2
5.0,3.0,1.0,3.0,Kinesthetic,3.857142857142857,1.8399999999999999,2.175,0,1
1.0,3.0,1.0,3.0,Auditory,2.142857142857143,4.4399999999999995,2.175,2,0
1.0,3.0,5.0,3.0,Visual,2.142857142857143,4.0,1.5,2,2
1.0,3.0,1.0,3.0,Auditory,2.142857142857143,4.4399999999999995,1.5,2,0
1.0,5.0,5.0,3.0,Visual,3.0,4.0,1.5,2,2
5.0,5.0,1.0,3.0,Kinesthetic,4.714285714285714,1.8399999999999999,1.5,1,1
1.0,5.0,1.0,3.0,Auditory,3.0,4.4399999999999995,1.5,2,0
1.0,1.0,5.0,3.0,Visual,1.2857142857142858,4.0,2.175,2,2
1.0,1.0,1.0,3.0,Auditory,1.2857142857142858,4.4399999999999995,2.175,2,0
5.0,5.0,3.6666666666666665,3.0,Auditory,4.714285714285714,4.4,2.175,1,0
5.0,5.0,3.6666666666666665,3.0,Auditory,4.714285714285714,4.4,1.5,1,0
5.0,3.0,3.6666666666666665,3.0,Auditory,3.857142857142857,4.4,2.175,0,0
5.0,5.0,1.0,3.0,Kinesthetic,4.714285714285714,2.04,1.5,1,1
1.0,5.0,1.0,3.0,Auditory,3.0,3.8,1.5,2,0
5.0,3.0,1.0,3.0,Kinesthetic,3.857142857142857,2.04,2.175,0,1
1.0,3.0,1.0,3.0,Auditory,2.142857142857143,3.8,2.175,2,0
5.0,1.0,1.0,3.0,Kinesthetic,3.0,2.04,2.175,0,1
1.0,1.0,3.6666666666666665,3.0,Kinesthetic,1.2857142857142858,4.36,2.175,2,1
1.0,1.0,1.0,3.0,Auditory,1.2857142857142858,3.8,2.175,2,0
5.0,1.0,2.333333333333333,3.0,Visual,3.0,1.48,2.175,0,2
5.0,1.0,5.0,3.0,Kinesthetic,3.0,1.44,2.175,0,1
5.0,1.0,2.333333333333333,3.0,Visual,3.0,1.48,1.5,0,2
5.0,1.0,5.0,3.0,Kinesthetic,3.0,1.44,1.5,0,1
5.0,3.0,2.333333333333333,3.0,Visual,3.857142857142857,1.48,1.5,0,2
5.0,3.0,5.0,3.0,Kinesthetic,3.857142857142857,1.44,1.5,0,1
5.0,5.0,2.333333333333333,3.0,Visual,4.714285714285714,1.48,2.175,1,2
5.0,5.0,5.0,3.0,Kinesthetic,4.714285714285714,1.44,2.175,1,1
1.0,1.0,1.0,3.0,Auditory,1.2857142857142858,4.08,2.175,2,0
1.0,1.0,3.6666666666666665,3.0,Visual,1.2857142857142858,4.4,2.175,2,2
1.0,1.0,1.0,3.0,Auditory,1.2857142857142858,4.08,1.5,2,0
1.0,3.0,1.0,3.0,Auditory,2.142857142857143,4.08,1.5,2,0
1.0,3.0,3.6666666666666665,3.0,Visual,2.142857142857143,4.4,1.5,2,2
5.0,3.0,2.333333333333333,3.0,Visual,3.857142857142857,1.56,1.5,0,2
5.0,3.0,1.0,3.0,Auditory,3.857142857142857,4.12,1.5,0,0
5.0,5.0,2.333333333333333,3.0,Visual,4.714285714285714,1.56,1.5,1,2
5.0,3.0,2.333333333333333,3.0,Visual,3.857142857142857,1.56,2.175,0,2
5.0,3.0,2.333333333333333,3.0,Kinesthetic,3.857142857142857,3.96,2.175,0,1
1.0,3.0,3.6666666666666665,3.0,Kinesthetic,2.142857142857143,1.56,2.175,2,1
1.0,3.0,2.333333333333333,3.0,Visual,2.142857142857143,4.4799999999999995,2.175,2,2
5.0,1.0,2.333333333333333,3.0,Kinesthetic,3.0,3.96,2.175,0,1
1.0,1.0,3.6666666666666665,3.0,Kinesthetic,1.2857142857142858,1.56,2.175,2,1
1.0,1.0,2.333333333333333,3.0,Visual,1.2857142857142858,4.4799999999999995,2.175,2,2
5.0,3.0,2.333333333333333,3.0,Kinesthetic,3.857142857142857,3.96,1.5,0,1
1.0,3.0,3.6666666666666665,3.0,Kinesthetic,2.142857142857143,1.56,1.5,2,1
1.0,3.0,2.333333333333333,3.0,Visual,2.142857142857143,4.4799999999999995,1.5,2,2
1.0,3.0,3.6666666666666665,3.0,Visual,2.142857142857143,4.24,2.175,2,2
1.0,5.0,3.6666666666666665,3.0,Visual,3.0,4.24,1.5,2,2
5.0,1.0,3.6666666666666665,3.0,Auditory,3.0,4.279999999999999,2.175,0,0
5.0,3.0,3.6666666666666665,3.0,Auditory,3.857142857142857,4.279999999999999,2.175,0,0
5.0,1.0,3.6666666666666665,3.0,Auditory,3.0,4.279999999999999,1.5,0,0
1.0,1.0,5.0,3.0,Auditory,1.2857142857142858,2.16,1.5,2,0
5.0,5.0,3.6666666666666665,3.0,Visual,4.714285714285714,1.7600000000000002,2.175,1,2
5.0,1.0,3.6666666666666665,3.0,Visual,3.0,2.08,1.5,0,2
5.0,1.0,3.6666666666666665,3.0,Visual,3.0,1.7600000000000002,1.5,0,2
5.0,5.0,3.6666666666666665,3.0,Visual,4.714285714285714,1.7600000000000002,1.5,1,2
5.0,3.0,3.6666666666666665,3.0,Visual,3.857142857142857,2.08,2.175,0,2
5.0,3.0,3.6666666666666665,3.0,Visual,3.857142857142857,1.7600000000000002,2.175,0,2
5.0,3.0,3.6666666666666665,3.0,Visual,3.857142857142857,1.9600000000000002,1.5,0,2
1.0,3.0,2.333333333333333,3.0,Auditory,2.142857142857143,3.8,1.5,2,0
5.0,5.0,3.6666666666666665,3.0,Visual,4.714285714285714,1.9600000000000002,2.175,1,2
1.0,5.0,2.333333333333333,3.0,Auditory,3.0,3.8,2.175,2,0
1.0,1.0,2.333333333333333,3.0,Auditory,1.2857142857142858,3.8,2.175,2,0
5.0,5.0,3.6666666666666665,3.0,Visual,4.714285714285714,1.9600000000000002,1.5,1,2
1.0,5.0,2.333333333333333,3.0,Auditory,3.0,3.8,1.5,2,0
5.0,1.0,1.0,3.0,Auditory,3.0,4.6,2.175,0,0
5.0,3.0,1.0,3.0,Auditory,3.857142857142857,4.6,1.5,0,0
1.0,1.0,1.0,3.0,Kinesthetic,1.2857142857142858,4.5200000000000005,2.175,2,1
1.0,3.0,1.0,3.0,Kinesthetic,2.142857142857143,4.5200000000000005,2.175,2,1
5.0,3.0,3.6666666666666665,3.0,Auditory,3.857142857142857,2.2,2.175,0,0
1.0,5.0,1.0,3.0,Kinesthetic,3.0,4.5200000000000005,1.5,2,1
5.0,5.0,3.6666666666666665,3.0,Auditory,4.714285714285714,2.2,1.5,1,0
1.0,5.0,1.0,3.0,Kinesthetic,3.0,4.5200000000000005,2.175,2,1
5.0,5.0,2.333333333333333,3.0,Visual,4.714285714285714,4.4399999999999995,1.5,1,2
5.0,5.0,2.333333333333333,3.0,Auditory,4.714285714285714,3.96,1.5,1,0
5.0,3.0,2.333333333333333,3.0,Visual,3.857142857142857,4.4399999999999995,1.5,0,2
5.0,3.0,2.333333333333333,3.0,Auditory,3.857142857142857,3.96,1.5,0,0
5.0,3.0,2.333333333333333,3.0,Visual,3.857142857142857,4.4399999999999995,2.175,0,2
5.0,3.0,2.333333333333333,3.0,Auditory,3.857142857142857,3.96,2.175,0,0
5.0,3.0,1.0,3.0,Auditory,3.857142857142857,3.9200000000000004,2.175,0,0
5.0,5.0,1.0,3.0,Auditory,4.714285714285714,3.9200000000000004,2.175,1,0
5.0,3.0,1.0,3.0,Auditory,3.857142857142857,3.9200000000000004,1.5,0,0
5.0,5.0,1.0,3.0,Auditory,4.714285714285714,3.9200000000000004,1.5,1,0
5.0,3.0,3.6666666666666665,3.0,Kinesthetic,3.857142857142857,3.96,1.5,0,1
5.0,3.0,3.6666666666666665,3.0,Kinesthetic,3.857142857142857,3.96,2.175,0,1
5.0,5.0,3.6666666666666665,3.0,Kinesthetic,4.714285714285714,3.96,2.175,1,1
5.0,1.0,3.6666666666666665,3.0,Kinesthetic,3.0,3.96,2.175,0,1
5.0,1.0,3.6666666666666665,3.0,Auditory,3.0,1.56,2.175,0,0
5.0,3.0,5.0,3.0,Auditory,3.857142857142857,4.12,1.5,0,0
5.0,3.0,1.0,3.0,Kinesthetic,3.857142857142857,4.12,1.5,0,1
5.0,1.0,5.0,3.0,Auditory,3.0,4.12,2.175,0,0
5.0,5.0,5.0,3.0,Auditory,4.714285714285714,4.12,2.175,1,0
5.0,5.0,1.0,3.0,Kinesthetic,4.714285714285714,4.12,1.5,1,1
1.0,3.0,5.0,3.0,Kinesthetic,2.142857142857143,1.56,2.175,2,1
1.0,3.0,5.0,3.0,Kinesthetic,2.142857142857143,1.56,1.5,2,1
1.0,5.0,5.0,3.0,Kinesthetic,3.0,1.56,1.5,2,1
1.0,1.0,3.6666666666666665,3.0,Visual,1.2857142857142858,4.4799999999999995,2.175,2,2
1.0,3.0,3.6666666666666665,3.0,Visual,2.142857142857143,4.4799999999999995,2.175,2,2
5.0,1.0,3.6666666666666665,3.0,Kinesthetic,3.0,1.44,2.175,0,1
5.0,1.0,3.6666666666666665,3.0,Kinesthetic,3.0,1.44,1.5,0,1
1.0,1.0,1.0,3.0,Visual,1.2857142857142858,2.12,1.5,2,2
5.0,3.0,3.6666666666666665,3.0,Kinesthetic,3.857142857142857,1.44,2.175,0,1
5.0,1.0,2.333333333333333,3.0,Visual,3.0,4.279999999999999,1.5,0,2
5.0,1.0,5.0,3.0,Kinesthetic,3.0,1.4,1.5,0,1
5.0,1.0,3.6666666666666665,3.0,Kinesthetic,3.0,4.2,1.5,0,1
5.0,1.0,3.6666666666666665,3.0,Kinesthetic,3.0,1.8,1.5,0,1
1.0,3.0,3.6666666666666665,3.0,Kinesthetic,2.142857142857143,2.2,2.175,2,1
1.0,5.0,2.333333333333333,3.0,Kinesthetic,3.0,1.56,2.175,2,1
5.0,5.0,1.0,3.0,Kinesthetic,4.714285714285714,4.6,2.175,1,1
1.0,5.0,3.6666666666666665,3.0,Kinesthetic,3.0,2.2,2.175,2,1
1.0,5.0,5.0,3.0,Kinesthetic,3.0,1.4,2.175,2,1
5.0,5.0,1.0,3.0,Kinesthetic,4.714285714285714,4.0,2.175,1,1
1.0,3.0,5.0,3.0,Kinesthetic,2.142857142857143,1.4,2.175,2,1
1.0,1.0,5.0,3.0,Kinesthetic,1.2857142857142858,1.4,2.175,2,1
5.0,1.0,1.0,3.0,Kinesthetic,3.0,4.0,2.175,0,1
1.0,1.0,3.6666666666666665,3.0,Visual,1.2857142857142858,4.36,2.175,2,2
1.0,5.0,5.0,3.0,Kinesthetic,3.0,1.4,1.5,2,1
5.0,5.0,1.0,3.0,Kinesthetic,4.714285714285714,4.0,1.5,1,1
1.0,5.0,3.6666666666666665,3.0,Visual,3.0,4.36,1.5,2,2
1.0,3.0,5.0,3.0,Kinesthetic,2.142857142857143,1.4,1.5,2,1
5.0,3.0,1.0,3.0,Kinesthetic,3.857142857142857,4.0,1.5,0,1
1.0,1.0,5.0,3.0,Kinesthetic,1.2857142857142858,1.4,1.5,2,1
5.0,1.0,5.0,3.0,Auditory,3.0,2.2,1.5,0,0
1.0,1.0,2.333333333333333,3.0,Visual,1.2857142857142858,4.32,1.5,2,2
1.0,1.0,2.333333333333333,3.0,Visual,1.2857142857142858,4.4,1.5,2,2
1.0,1.0,3.6666666666666665,3.0,Kinesthetic,1.2857142857142858,1.8,1.5,2,1
5.0,1.0,3.6666666666666665,3.0,Visual,3.0,1.9600000000000002,1.5,0,2
1.0,3.0,3.6666666666666665,3.0,Kinesthetic,2.142857142857143,1.8,1.5,2,1
5.0,5.0,3.6666666666666665,3.0,Kinesthetic,4.714285714285714,3.8,1.5,1,1
1.0,5.0,3.6666666666666665,3.0,Kinesthetic,3.0,1.8,1.5,2,1
5.0,3.0,3.6666666666666665,3.0,Visual,3.857142857142857,1.44,1.5,0,2
5.0,3.0,2.333333333333333,3.0,Visual,3.857142857142857,1.6800000000000002,1.5,0,2
5.0,3.0,3.6666666666666665,3.0,Visual,3.857142857142857,1.44,2.175,0,2
5.0,3.0,2.333333333333333,3.0,Visual,3.857142857142857,1.6800000000000002,2.175,0,2
5.0,1.0,3.6666666666666665,3.0,Visual,3.0,1.44,1.5,0,2
5.0,1.0,2.333333333333333,3.0,Visual,3.0,1.6800000000000002,1.5,0,2
5.0,1.0,3.6666666666666665,3.0,Visual,3.0,1.44,2.175,0,2
5.0,1.0,2.333333333333333,3.0,Visual,3.0,1.6800000000000002,2.175,0,2
1.0,1.0,5.0,3.0,Kinesthetic,1.2857142857142858,4.4,2.175,2,1
1.0,5.0,2.333333333333333,3.0,Auditory,3.0,3.96,1.5,2,0
1.0,5.0,3.6666666666666665,3.0,Visual,3.0,1.8,1.5,2,2
5.0,5.0,3.6666666666666665,3.0,Kinesthetic,4.714285714285714,4.279999999999999,1.5,1,1
1.0,3.0,2.333333333333333,3.0,Auditory,2.142857142857143,3.96,1.5,2,0
5.0,3.0,3.6666666666666665,3.0,Kinesthetic,3.857142857142857,4.279999999999999,1.5,0,1
5.0,1.0,1.0,3.0,Kinesthetic,3.0,2.0,2.175,0,1
1.0,1.0,2.333333333333333,3.0,Auditory,1.2857142857142858,3.96,2.175,2,0
1.0,1.0,3.6666666666666665,3.0,Visual,1.2857142857142858,1.8,2.175,2,2
5.0,1.0,3.6666666666666665,3.0,Kinesthetic,3.0,4.279999999999999,2.175,0,1
5.0,1.0,1.0,3.0,Auditory,3.0,1.8800000000000001,2.175,0,0
5.0,5.0,5.0,3.0,Kinesthetic,4.714285714285714,4.4399999999999995,1.5,1,1
5.0,3.0,5.0,3.0,Kinesthetic,3.857142857142857,4.4399999999999995,1.5,0,1
1.0,1.0,2.333333333333333,3.0,Visual,1.2857142857142858,2.0,1.5,2,2
5.0,1.0,3.6666666666666665,3.0,Kinesthetic,3.0,2.08,1.5,0,1
1.0,5.0,2.333333333333333,3.0,Visual,3.0,2.0,1.5,2,2
5.0,5.0,3.6666666666666665,3.0,Auditory,4.714285714285714,4.16,2.175,1,0
1.0,1.0,5.0,3.0,Visual,1.2857142857142858,4.6,2.175,2,2
1.0,1.0,2.333333333333333,3.0,Auditory,1.2857142857142858,1.44,2.175,2,0
1.0,3.0,5.0,3.0,Visual,2.142857142857143,4.6,1.5,2,2
5.0,3.0,3.6666666666666665,3.0,Auditory,3.857142857142857,4.279999999999999,1.5,0,0
1.0,3.0,2.333333333333333,3.0,Auditory,2.142857142857143,1.44,1.5,2,0
1.0,3.0,5.0,3.0,Visual,2.142857142857143,4.6,2.175,2,2
1.0,3.0,2.333333333333333,3.0,Auditory,2.142857142857143,1.44,2.175,2,0
5.0,5.0,1.0,3.0,Visual,4.714285714285714,1.8399999999999999,2.175,1,2
5.0,1.0,5.0,3.0,Auditory,3.0,4.6,1.5,0,0
5.0,1.0,1.0,3.0,Visual,3.0,1.8399999999999999,1.5,0,2
5.0,3.0,1.0,3.0,Visual,3.857142857142857,1.8399999999999999,2.175,0,2
5.0,1.0,1.0,3.0,Visual,3.0,1.8399999999999999,2.175,0,2
5.0,3.0,1.0,3.0,Visual,3.857142857142857,3.84,1.5,0,2
5.0,5.0,1.0,3.0,Visual,4.714285714285714,3.84,1.5,1,2
5.0,3.0,1.0,3.0,Visual,3.857142857142857,3.84,2.175,0,2
5.0,5.0,1.0,3.0,Visual,4.714285714285714,3.84,2.175,1,2
5.0,5.0,3.6666666666666665,3.0,Visual,4.714285714285714,4.4399999999999995,2.175,1,2
5.0,3.0,1.0,3.0,Kinesthetic,3.857142857142857,4.24,2.175,0,1
5.0,3.0,3.6666666666666665,3.0,Visual,3.857142857142857,4.4399999999999995,2.175,0,2
5.0,3.0,1.0,3.0,Kinesthetic,3.857142857142857,4.24,1.5,0,1
5.0,3.0,3.6666666666666665,3.0,Visual,3.857142857142857,4.4399999999999995,1.5,0,2
5.0,3.0,3.6666666666666665,3.0,Visual,3.857142857142857,4.36,2.175,0,2
1.0,3.0,1.0,3.0,Visual,2.142857142857143,4.5600000000000005,2.175,2,2
1.0,3.0,5.0,3.0,Kinesthetic,2.142857142857143,1.8800000000000001,2.175,2,1
5.0,5.0,3.6666666666666665,3.0,Visual,4.714285714285714,4.36,1.5,1,2
1.0,5.0,1.0,3.0,Visual,3.0,4.5600000000000005,1.5,2,2
1.0,5.0,5.0,3.0,Kinesthetic,3.0,1.8800000000000001,1.5,2,1
5.0,5.0,3.6666666666666665,3.0,Visual,4.714285714285714,4.36,2.175,1,2
1.0,5.0,1.0,3.0,Visual,3.0,4.5600000000000005,2.175,2,2
1.0,5.0,5.0,3.0,Kinesthetic,3.0,1.8800000000000001,2.175,2,1
5.0,3.0,2.333333333333333,3.0,Visual,3.857142857142857,1.7600000000000002,1.5,0,2
5.0,3.0,2.333333333333333,3.0,Visual,3.857142857142857,1.7600000000000002,2.175,0,2
5.0,1.0,2.333333333333333,3.0,Visual,3.0,1.7600000000000002,2.175,0,2
5.0,5.0,3.6666666666666665,3.0,Kinesthetic,4.714285714285714,3.84,2.175,1,1
5.0,5.0,3.6666666666666665,3.0,Kinesthetic,4.714285714285714,1.48,2.175,1,1
5.0,3.0,3.6666666666666665,3.0,Kinesthetic,3.857142857142857,1.48,1.5,0,1
5.0,3.0,3.6666666666666665,3.0,Kinesthetic,3.857142857142857,1.48,2.175,0,1
5.0,1.0,3.6666666666666665,3.0,Kinesthetic,3.0,1.48,2.175,0,1
5.0,5.0,1.0,3.0,Auditory,4.714285714285714,4.04,1.5,1,0
5.0,5.0,1.0,3.0,Auditory,4.714285714285714,4.04,2.175,1,0
5.0,3.0,1.0,3.0,Visual,3.857142857142857,2.04,1.5,0,2
5.0,3.0,3.6666666666666665,3.0,Visual,3.857142857142857,2.2,1.5,0,2
5.0,3.0,5.0,3.0,Auditory,3.857142857142857,4.2,1.5,0,0
5.0,1.0,1.0,3.0,Visual,3.0,2.04,2.175,0,2
5.0,1.0,3.6666666666666665,3.0,Visual,3.0,2.2,2.175,0,2
5.0,3.0,1.0,3.0,Visual,3.857142857142857,2.04,2.175,0,2
5.0,3.0,3.6666666666666665,3.0,Visual,3.857142857142857,2.2,2.175,0,2
5.0,3.0,5.0,3.0,Auditory,3.857142857142857,4.2,2.175,0,0
5.0,5.0,1.0,3.0,Visual,4.714285714285714,2.04,1.5,1,2
5.0,5.0,3.6666666666666665,3.0,Visual,4.714285714285714,2.2,1.5,1,2
5.0,5.0,5.0,3.0,Auditory,4.714285714285714,4.2,1.5,1,0
5.0,1.0,2.333333333333333,3.0,Auditory,3.0,4.04,2.175,0,0
5.0,5.0,2.333333333333333,3.0,Auditory,4.714285714285714,4.04,2.175,1,0
5.0,5.0,2.333333333333333,3.0,Kinesthetic,4.714285714285714,3.96,2.175,1,1
5.0,3.0,2.333333333333333,3.0,Auditory,3.857142857142857,4.04,1.5,0,0
5.0,3.0,2.333333333333333,3.0,Auditory,3.857142857142857,4.04,2.175,0,0
5.0,5.0,3.6666666666666665,3.0,Auditory,4.714285714285714,4.5600000000000005,1.5,1,0
1.0,5.0,1.0,3.0,Kinesthetic,3.0,4.4,1.5,2,1
5.0,5.0,1.0,3.0,Auditory,4.714285714285714,4.16,1.5,1,0
5.0,1.0,3.6666666666666665,3.0,Auditory,3.0,4.5600000000000005,2.175,0,0
5.0,1.0,1.0,3.0,Auditory,3.0,4.16,2.175,0,0
5.0,3.0,3.6666666666666665,3.0,Visual,3.857142857142857,2.12,1.5,0,2
5.0,3.0,3.6666666666666665,3.0,Visual,3.857142857142857,2.12,2.175,0,2
5.0,1.0,2.333333333333333,3.0,Visual,3.0,4.16,1.5,0,2
5.0,5.0,2.333333333333333,3.0,Visual,4.714285714285714,4.16,2.175,1,2
5.0,3.0,2.333333333333333,3.0,Visual,3.857142857142857,4.16,1.5,0,2
5.0,5.0,5.0,3.0,Visual,4.714285714285714,4.5200000000000005,2.175,1,2
1.0,5.0,5.0,3.0,Auditory,3.0,4.24,2.175,2,0
5.0,5.0,3.6666666666666665,3.0,Auditory,4.714285714285714,4.279999999999999,2.175,1,0
5.0,1.0,5.0,3.0,Visual,3.0,4.5200000000000005,1.5,0,2
1.0,1.0,5.0,3.0,Auditory,1.2857142857142858,4.24,1.5,2,0
5.0,3.0,5.0,3.0,Visual,3.857142857142857,4.5200000000000005,2.175,0,2
1.0,3.0,5.0,3.0,Auditory,2.142857142857143,4.24,2.175,2,0
1.0,5.0,5.0,3.0,Auditory,3.0,4.24,1.5,2,0
1.0,1.0,5.0,3.0,Kinesthetic,1.2857142857142858,4.12,1.5,2,1
5.0,3.0,2.333333333333333,3.0,Kinesthetic,3.857142857142857,4.12,2.175,0,1
5.0,1.0,2.333333333333333,3.0,Kinesthetic,3.0,4.12,2.175,0,1
5.0,5.0,2.333333333333333,3.0,Kinesthetic,4.714285714285714,4.12,1.5,1,1
5.0,5.0,5.0,3.0,Visual,4.714285714285714,4.2,1.5,1,2
5.0,5.0,5.0,3.0,Visual,4.714285714285714,4.2,2.175,1,2
5.0,1.0,2.333333333333333,3.0,Auditory,3.0,4.2,1.5,0,0
5.0,1.0,5.0,3.0,Visual,3.0,4.2,1.5,0,2
5.0,1.0,2.333333333333333,3.0,Auditory,3.0,4.2,2.175,0,0
5.0,5.0,1.0,3.0,Auditory,4.714285714285714,4.6,2.175,1,0
5.0,3.0,5.0,3.0,Kinesthetic,3.857142857142857,1.9600000000000002,1.5,0,1
5.0,3.0,5.0,3.0,Kinesthetic,3.857142857142857,1.9600000000000002,2.175,0,1
5.0,5.0,5.0,3.0,Kinesthetic,4.714285714285714,1.9600000000000002,2.175,1,1
5.0,1.0,5.0,3.0,Kinesthetic,3.0,1.9600000000000002,1.5,0,1
5.0,3.0,3.6666666666666665,3.0,Visual,3.857142857142857,1.56,2.175,0,2
5.0,1.0,3.6666666666666665,3.0,Visual,3.0,1.56,1.5,0,2
5.0,5.0,3.6666666666666665,3.0,Visual,4.714285714285714,1.56,2.175,1,2
5.0,1.0,3.6666666666666665,3.0,Visual,3.0,1.56,2.175,0,2
5.0,3.0,2.333333333333333,3.0,Auditory,3.857142857142857,4.32,1.5,0,0
1.0,1.0,2.333333333333333,3.0,Visual,1.2857142857142858,4.12,2.175,2,2
5.0,1.0,2.333333333333333,3.0,Auditory,3.0,4.6,2.175,0,0
5.0,1.0,1.0,3.0,Auditory,3.0,4.2,2.175,0,0
1.0,5.0,2.333333333333333,3.0,Visual,3.0,4.12,1.5,2,2
5.0,5.0,2.333333333333333,3.0,Auditory,4.714285714285714,4.6,1.5,1,0
5.0,5.0,1.0,3.0,Auditory,4.714285714285714,4.2,1.5,1,0
1.0,3.0,2.333333333333333,3.0,Visual,2.142857142857143,4.12,2.175,2,2
5.0,3.0,2.333333333333333,3.0,Auditory,3.857142857142857,4.6,2.175,0,0
5.0,3.0,1.0,3.0,Auditory,3.857142857142857,4.2,2.175,0,0
5.0,3.0,2.333333333333333,3.0,Visual,3.857142857142857,1.44,2.175,0,2
5.0,3.0,2.333333333333333,3.0,Kinesthetic,3.857142857142857,4.16,2.175,0,1
5.0,3.0,2.333333333333333,3.0,Kinesthetic,3.857142857142857,4.16,1.5,0,1
1.0,5.0,5.0,3.0,Auditory,3.0,1.64,2.175,2,0
1.0,5.0,3.6666666666666665,3.0,Auditory,3.0,1.56,2.175,2,0
1.0,5.0,5.0,3.0,Auditory,3.0,1.64,1.5,2,0
1.0,5.0,3.6666666666666665,3.0,Auditory,3.0,1.56,1.5,2,0
1.0,3.0,5.0,3.0,Auditory,2.142857142857143,1.64,2.175,2,0
1.0,3.0,3.6666666666666665,3.0,Auditory,2.142857142857143,1.56,2.175,2,0
1.0,3.0,5.0,3.0,Auditory,2.142857142857143,1.64,1.5,2,0
1.0,3.0,3.6666666666666665,3.0,Auditory,2.142857142857143,1.56,1.5,2,0
5.0,1.0,5.0,3.0,Auditory,3.0,4.4,2.175,0,0
1.0,3.0,1.0,3.0,Kinesthetic,2.142857142857143,1.6,2.175,2,1
5.0,3.0,2.333333333333333,3.0,Kinesthetic,3.857142857142857,1.7600000000000002,2.175,0,1
1.0,5.0,2.333333333333333,3.0,Visual,3.0,4.12,2.175,2,2
1.0,5.0,1.0,3.0,Kinesthetic,3.0,1.6,2.175,2,1
5.0,5.0,2.333333333333333,3.0,Kinesthetic,4.714285714285714,1.7600000000000002,2.175,1,1
1.0,5.0,2.333333333333333,3.0,Visual,3.0,2.08,2.175,2,2
1.0,3.0,2.333333333333333,3.0,Visual,2.142857142857143,2.08,2.175,2,2
1.0,5.0,2.333333333333333,3.0,Visual,3.0,2.08,1.5,2,2
5.0,5.0,5.0,3.0,Auditory,4.714285714285714,3.84,1.5,1,0
5.0,5.0,2.333333333333333,3.0,Kinesthetic,4.714285714285714,4.16,1.5,1,1
5.0,3.0,2.333333333333333,3.0,Kinesthetic,3.857142857142857,3.88,2.175,0,1
5.0,3.0,5.0,3.0,Visual,3.857142857142857,1.8399999999999999,2.175,0,2
5.0,3.0,5.0,3.0,Auditory,3.857142857142857,4.32,2.175,0,0
5.0,3.0,3.6666666666666665,3.0,Kinesthetic,3.857142857142857,1.8800000000000001,2.175,0,1
5.0,5.0,2.333333333333333,3.0,Kinesthetic,4.714285714285714,3.88,2.175,1,1
5.0,5.0,5.0,3.0,Visual,4.714285714285714,1.8399999999999999,2.175,1,2
5.0,5.0,3.6666666666666665,3.0,Kinesthetic,4.714285714285714,1.8800000000000001,2.175,1,1
5.0,3.0,3.6666666666666665,3.0,Kinesthetic,3.857142857142857,2.12,1.5,0,1
1.0,3.0,1.0,3.0,Kinesthetic,2.142857142857143,3.84,2.175,2,1
5.0,3.0,2.333333333333333,3.0,Auditory,3.857142857142857,4.08,2.175,0,0
1.0,3.0,3.6666666666666665,3.0,Visual,2.142857142857143,1.64,2.175,2,2
1.0,5.0,1.0,3.0,Kinesthetic,3.0,3.84,1.5,2,1
5.0,5.0,2.333333333333333,3.0,Auditory,4.714285714285714,4.08,1.5,1,0
1.0,5.0,3.6666666666666665,3.0,Visual,3.0,1.64,1.5,2,2
5.0,5.0,2.333333333333333,3.0,Kinesthetic,4.714285714285714,4.04,1.5,1,1
1.0,5.0,1.0,3.0,Kinesthetic,3.0,3.84,2.175,2,1
5.0,5.0,2.333333333333333,3.0,Auditory,4.714285714285714,4.08,2.175,1,0
1.0,5.0,3.6666666666666665,3.0,Visual,3.0,1.64,2.175,2,2
5.0,5.0,2.333333333333333,3.0,Kinesthetic,4.714285714285714,4.04,2.175,1,1
1.0,3.0,1.0,3.0,Kinesthetic,2.142857142857143,3.84,1.5,2,1
5.0,3.0,2.333333333333333,3.0,Auditory,3.857142857142857,4.08,1.5,0,0
1.0,3.0,3.6666666666666665,3.0,Visual,2.142857142857143,1.64,1.5,2,2
5.0,3.0,2.333333333333333,3.0,Auditory,3.857142857142857,4.16,1.5,0,0
1.0,3.0,3.6666666666666665,3.0,Auditory,2.142857142857143,1.48,1.5,2,0
5.0,3.0,2.333333333333333,3.0,Auditory,3.857142857142857,4.16,2.175,0,0
1.0,3.0,3.6666666666666665,3.0,Auditory,2.142857142857143,1.48,2.175,2,0
5.0,5.0,2.333333333333333,3.0,Auditory,4.714285714285714,4.16,2.175,1,0
1.0,5.0,3.6666666666666665,3.0,Auditory,3.0,1.48,2.175,2,0
1.0,1.0,5.0,3.0,Visual,1.2857142857142858,2.0,1.5,2,2
5.0,1.0,1.0,3.0,Visual,3.0,4.36,1.5,0,2
5.0,1.0,1.0,3.0,Kinesthetic,3.0,2.12,1.5,0,1
5.0,1.0,3.6666666666666665,3.0,Auditory,3.0,1.44,1.5,0,0
1.0,3.0,5.0,3.0,Visual,2.142857142857143,2.0,1.5,2,2
5.0,3.0,5.0,3.0,Kinesthetic,3.857142857142857,1.4,1.5,0,1
5.0,3.0,1.0,3.0,Visual,3.857142857142857,4.36,1.5,0,2
5.0,3.0,1.0,3.0,Kinesthetic,3.857142857142857,2.12,1.5,0,1
5.0,3.0,3.6666666666666665,3.0,Auditory,3.857142857142857,1.44,1.5,0,0
1.0,3.0,5.0,3.0,Visual,2.142857142857143,2.0,2.175,2,2
5.0,3.0,5.0,3.0,Kinesthetic,3.857142857142857,1.4,2.175,0,1
5.0,3.0,1.0,3.0,Visual,3.857142857142857,4.36,2.175,0,2
5.0,3.0,1.0,3.0,Kinesthetic,3.857142857142857,2.12,2.175,0,1
5.0,5.0,5.0,3.0,Auditory,4.714285714285714,1.9600000000000002,2.175,1,0
5.0,5.0,1.0,3.0,Kinesthetic,4.714285714285714,4.4,2.175,1,1
5.0,3.0,5.0,3.0,Auditory,3.857142857142857,1.9600000000000002,1.5,0,0
5.0,3.0,1.0,3.0,Kinesthetic,3.857142857142857,4.4,1.5,0,1
5.0,3.0,5.0,3.0,Auditory,3.857142857142857,1.9600000000000002,2.175,0,0
5.0,3.0,1.0,3.0,Kinesthetic,3.857142857142857,4.4,2.175,0,1
5.0,5.0,5.0,3.0,Auditory,4.714285714285714,1.9600000000000002,1.5,1,0
5.0,5.0,1.0,3.0,Kinesthetic,4.714285714285714,4.4,1.5,1,1
1.0,3.0,2.333333333333333,3.0,Auditory,2.142857142857143,2.04,2.175,2,0
1.0,3.0,2.333333333333333,3.0,Auditory,2.142857142857143,2.04,1.5,2,0
1.0,5.0,2.333333333333333,3.0,Auditory,3.0,2.04,2.175,2,0
1.0,5.0,2.333333333333333,3.0,Auditory,3.0,2.04,1.5,2,0
1.0,5.0,2.333333333333333,3.0,Visual,3.0,1.72,2.175,2,2
1.0,5.0,5.0,3.0,Auditory,3.0,3.96,2.175,2,0
5.0,5.0,2.333333333333333,3.0,Auditory,4.714285714285714,4.5600000000000005,2.175,1,0
5.0,5.0,2.333333333333333,3.0,Visual,4.714285714285714,1.6800000000000002,1.5,1,2
1.0,1.0,3.6666666666666665,3.0,Auditory,1.2857142857142858,4.24,2.175,2,0
5.0,1.0,3.6666666666666665,3.0,Visual,3.0,4.36,2.175,0,2
1.0,3.0,3.6666666666666665,3.0,Auditory,2.142857142857143,4.24,1.5,2,0
5.0,3.0,3.6666666666666665,3.0,Visual,3.857142857142857,4.36,1.5,0,2
1.0,5.0,3.6666666666666665,3.0,Auditory,3.0,4.24,2.175,2,0
1.0,5.0,3.6666666666666665,3.0,Auditory,3.0,4.24,1.5,2,0
5.0,3.0,5.0,3.0,Auditory,3.857142857142857,4.279999999999999,1.5,0,0
5.0,5.0,5.0,3.0,Auditory,4.714285714285714,4.279999999999999,2.175,1,0
5.0,5.0,2.333333333333333,3.0,Auditory,4.714285714285714,4.36,2.175,1,0
5.0,3.0,2.333333333333333,3.0,Auditory,3.857142857142857,4.36,2.175,0,0
5.0,3.0,2.333333333333333,3.0,Auditory,3.857142857142857,4.36,1.5,0,0
5.0,1.0,2.333333333333333,3.0,Auditory,3.0,4.36,2.175,0,0
5.0,5.0,5.0,3.0,Auditory,4.714285714285714,1.48,1.5,1,0
5.0,3.0,5.0,3.0,Auditory,3.857142857142857,1.48,2.175,0,0
5.0,3.0,5.0,3.0,Auditory,3.857142857142857,1.48,1.5,0,0
5.0,3.0,3.6666666666666665,3.0,Visual,3.857142857142857,1.8800000000000001,1.5,0,2
5.0,5.0,1.0,3.0,Kinesthetic,4.714285714285714,2.12,2.175,1,1
1.0,3.0,5.0,3.0,Kinesthetic,2.142857142857143,4.08,1.5,2,1
5.0,3.0,5.0,3.0,Auditory,3.857142857142857,2.2,1.5,0,0
5.0,3.0,2.333333333333333,3.0,Visual,3.857142857142857,2.16,1.5,0,2
1.0,3.0,5.0,3.0,Kinesthetic,2.142857142857143,4.08,2.175,2,1
5.0,3.0,5.0,3.0,Auditory,3.857142857142857,2.2,2.175,0,0
5.0,3.0,2.333333333333333,3.0,Visual,3.857142857142857,2.16,2.175,0,2
5.0,5.0,3.6666666666666665,3.0,Auditory,4.714285714285714,4.32,2.175,1,0
1.0,3.0,1.0,3.0,Auditory,2.142857142857143,4.2,1.5,2,0
1.0,5.0,1.0,3.0,Auditory,3.0,4.2,2.175,2,0
5.0,3.0,2.333333333333333,3.0,Kinesthetic,3.857142857142857,1.64,2.175,0,1
5.0,1.0,2.333333333333333,3.0,Kinesthetic,3.0,1.64,1.5,0,1
5.0,1.0,2.333333333333333,3.0,Visual,3.0,4.5600000000000005,1.5,0,2
5.0,3.0,2.333333333333333,3.0,Kinesthetic,3.857142857142857,1.64,1.5,0,1
5.0,3.0,3.6666666666666665,3.0,Kinesthetic,3.857142857142857,2.08,1.5,0,1
5.0,3.0,2.333333333333333,3.0,Visual,3.857142857142857,4.5600000000000005,1.5,0,2
5.0,3.0,5.0,3.0,Kinesthetic,3.857142857142857,1.56,2.175,0,1
5.0,3.0,1.0,3.0,Kinesthetic,3.857142857142857,4.08,2.175,0,1
5.0,1.0,1.0,3.0,Kinesthetic,3.0,4.08,1.5,0,1
5.0,3.0,5.0,3.0,Visual,3.857142857142857,1.9600000000000002,2.175,0,2
5.0,5.0,5.0,3.0,Visual,4.714285714285714,1.9600000000000002,2.175,1,2
5.0,3.0,5.0,3.0,Visual,3.857142857142857,1.9600000000000002,1.5,0,2
5.0,3.0,5.0,3.0,Auditory,3.857142857142857,1.92,2.175,0,0
5.0,3.0,5.0,3.0,Auditory,3.857142857142857,1.92,1.5,0,0
5.0,5.0,5.0,3.0,Auditory,4.714285714285714,1.92,1.5,1,0
5.0,5.0,2.333333333333333,3.0,Auditory,4.714285714285714,4.16,1.5,1,0
1.0,3.0,1.0,3.0,Visual,2.142857142857143,4.5600000000000005,1.5,2,2
1.0,3.0,3.6666666666666665,3.0,Auditory,2.142857142857143,3.84,2.175,2,0
1.0,1.0,3.6666666666666665,3.0,Auditory,1.2857142857142858,3.84,2.175,2,0
5.0,3.0,5.0,3.0,Kinesthetic,3.857142857142857,2.04,1.5,0,1
5.0,3.0,3.6666666666666665,3.0,Kinesthetic,3.857142857142857,1.64,1.5,0,1
5.0,3.0,5.0,3.0,Kinesthetic,3.857142857142857,2.04,2.175,0,1
5.0,3.0,3.6666666666666665,3.0,Kinesthetic,3.857142857142857,1.64,2.175,0,1
5.0,3.0,1.0,3.0,Kinesthetic,3.857142857142857,4.279999999999999,2.175,0,1
5.0,3.0,1.0,3.0,Kinesthetic,3.857142857142857,4.279999999999999,1.5,0,1
5.0,5.0,3.6666666666666665,3.0,Kinesthetic,4.714285714285714,4.12,2.175,1,1
5.0,3.0,3.6666666666666665,3.0,Kinesthetic,3.857142857142857,4.12,2.175,0,1
5.0,5.0,5.0,3.0,Auditory,4.714285714285714,1.4,2.175,1,0
5.0,3.0,5.0,3.0,Auditory,3.857142857142857,1.4,2.175,0,0
5.0,1.0,5.0,3.0,Auditory,3.0,1.4,2.175,0,0
1.0,3.0,5.0,3.0,Auditory,2.142857142857143,4.2,1.5,2,0
5.0,3.0,5.0,3.0,Visual,3.857142857142857,1.64,1.5,0,2
1.0,3.0,5.0,3.0,Auditory,2.142857142857143,4.2,2.175,2,0
5.0,3.0,5.0,3.0,Visual,3.857142857142857,1.64,2.175,0,2
1.0,5.0,5.0,3.0,Auditory,3.0,4.2,2.175,2,0
5.0,5.0,5.0,3.0,Visual,4.714285714285714,1.64,2.175,1,2
1.0,1.0,5.0,3.0,Auditory,1.2857142857142858,4.2,2.175,2,0
5.0,1.0,5.0,3.0,Visual,3.0,1.64,2.175,0,2
5.0,1.0,1.0,3.0,Auditory,3.0,3.88,2.175,0,0
1.0,1.0,5.0,3.0,Auditory,1.2857142857142858,4.2,1.5,2,0
5.0,1.0,5.0,3.0,Visual,3.0,1.64,1.5,0,2
5.0,3.0,5.0,3.0,Visual,3.857142857142857,4.36,1.5,0,2
1.0,1.0,5.0,3.0,Auditory,1.2857142857142858,1.8800000000000001,2.175,2,0
5.0,1.0,5.0,3.0,Kinesthetic,3.0,1.8,2.175,0,1
5.0,5.0,3.6666666666666665,3.0,Visual,4.714285714285714,1.8,2.175,1,2
5.0,3.0,3.6666666666666665,3.0,Visual,3.857142857142857,1.8,2.175,0,2
5.0,3.0,3.6666666666666665,3.0,Visual,3.857142857142857,1.8,1.5,0,2
5.0,3.0,2.333333333333333,3.0,Kinesthetic,3.857142857142857,4.12,1.5,0,1
5.0,3.0,2.333333333333333,3.0,Kinesthetic,3.857142857142857,3.88,1.5,0,1
5.0,5.0,2.333333333333333,3.0,Kinesthetic,4.714285714285714,4.12,2.175,1,1
5.0,1.0,2.333333333333333,3.0,Kinesthetic,3.0,3.88,2.175,0,1
5.0,1.0,2.333333333333333,3.0,Kinesthetic,3.0,4.12,1.5,0,1
5.0,1.0,2.333333333333333,3.0,Kinesthetic,3.0,3.88,1.5,0,1
5.0,3.0,2.333333333333333,3.0,Visual,3.857142857142857,1.52,1.5,0,2
5.0,5.0,2.333333333333333,3.0,Visual,4.714285714285714,1.52,1.5,1,2
5.0,3.0,2.333333333333333,3.0,Visual,3.857142857142857,1.52,2.175,0,2
5.0,5.0,2.333333333333333,3.0,Visual,4.714285714285714,1.52,2.175,1,2
1.0,1.0,2.333333333333333,3.0,Auditory,1.2857142857142858,4.2,2.175,2,0
5.0,1.0,2.333333333333333,3.0,Visual,3.0,1.52,2.175,0,2
1.0,3.0,2.333333333333333,3.0,Auditory,2.142857142857143,4.4,2.175,2,0
1.0,3.0,1.0,3.0,Visual,2.142857142857143,4.5200000000000005,2.175,2,2
1.0,3.0,2.333333333333333,3.0,Auditory,2.142857142857143,4.4,1.5,2,0
1.0,3.0,1.0,3.0,Visual,2.142857142857143,4.5200000000000005,1.5,2,2
1.0,1.0,3.6666666666666665,3.0,Kinesthetic,1.2857142857142858,4.4399999999999995,1.5,2,1
5.0,1.0,5.0,3.0,Visual,3.0,1.48,1.5,0,2
1.0,3.0,3.6666666666666665,3.0,Kinesthetic,2.142857142857143,4.4399999999999995,1.5,2,1
5.0,3.0,5.0,3.0,Visual,3.857142857142857,1.48,1.5,0,2
1.0,5.0,3.6666666666666665,3.0,Kinesthetic,3.0,4.4399999999999995,1.5,2,1
5.0,5.0,5.0,3.0,Visual,4.714285714285714,1.48,1.5,1,2
5.0,3.0,5.0,3.0,Visual,3.857142857142857,1.48,2.175,0,2
1.0,5.0,3.6666666666666665,3.0,Kinesthetic,3.0,4.4399999999999995,2.175,2,1
5.0,5.0,5.0,3.0,Visual,4.714285714285714,1.48,2.175,1,2
5.0,3.0,5.0,3.0,Auditory,3.857142857142857,4.0,1.5,0,0
5.0,5.0,5.0,3.0,Auditory,4.714285714285714,4.0,2.175,1,0
5.0,1.0,5.0,3.0,Auditory,3.0,4.0,2.175,0,0
5.0,3.0,5.0,3.0,Auditory,3.857142857142857,4.0,2.175,0,0
5.0,3.0,3.6666666666666665,3.0,Auditory,3.857142857142857,4.24,1.5,0,0
5.0,3.0,3.6666666666666665,3.0,Auditory,3.857142857142857,4.24,2.175,0,0
5.0,1.0,3.6666666666666665,3.0,Auditory,3.0,4.24,2.175,0,0
5.0,5.0,2.333333333333333,3.0,Visual,4.714285714285714,1.64,2.175,1,2
1.0,5.0,2.333333333333333,3.0,Auditory,3.0,1.8399999999999999,2.175,2,0
5.0,3.0,2.333333333333333,3.0,Visual,3.857142857142857,1.64,1.5,0,2
1.0,3.0,2.333333333333333,3.0,Auditory,2.142857142857143,1.8399999999999999,1.5,2,0
5.0,1.0,2.333333333333333,3.0,Visual,3.0,1.64,1.5,0,2
1.0,1.0,2.333333333333333,3.0,Auditory,1.2857142857142858,1.8399999999999999,1.5,2,0
5.0,3.0,2.333333333333333,3.0,Visual,3.857142857142857,1.64,2.175,0,2
1.0,3.0,2.333333333333333,3.0,Auditory,2.142857142857143,1.8399999999999999,2.175,2,0
5.0,5.0,3.6666666666666665,3.0,Visual,4.714285714285714,1.56,1.5,1,2
5.0,5.0,2.333333333333333,3.0,Visual,4.714285714285714,1.64,1.5,1,2
1.0,5.0,2.333333333333333,3.0,Auditory,3.0,1.8399999999999999,1.5,2,0
5.0,5.0,1.0,3.0,Visual,4.714285714285714,4.4399999999999995,1.5,1,2
5.0,3.0,1.0,3.0,Visual,3.857142857142857,4.4399999999999995,1.5,0,2
1.0,1.0,1.0,3.0,Visual,1.2857142857142858,4.32,1.5,2,2
5.0,1.0,1.0,3.0,Visual,3.0,4.4399999999999995,1.5,0,2
5.0,5.0,1.0,3.0,Visual,4.714285714285714,4.4399999999999995,2.175,1,2
5.0,1.0,1.0,3.0,Kinesthetic,3.0,4.6,1.5,0,1
5.0,1.0,3.6666666666666665,3.0,Kinesthetic,3.0,1.52,1.5,0,1
5.0,3.0,1.0,3.0,Kinesthetic,3.857142857142857,4.6,1.5,0,1
5.0,3.0,3.6666666666666665,3.0,Kinesthetic,3.857142857142857,1.52,1.5,0,1
5.0,3.0,3.6666666666666665,3.0,Kinesthetic,3.857142857142857,1.52,2.175,0,1
5.0,3.0,2.333333333333333,3.0,Visual,3.857142857142857,4.08,1.5,0,2
5.0,1.0,2.333333333333333,3.0,Auditory,3.0,4.32,2.175,0,0
5.0,1.0,1.0,3.0,Auditory,3.0,3.8,2.175,0,0
5.0,3.0,3.6666666666666665,3.0,Auditory,3.857142857142857,4.2,2.175,0,0
5.0,1.0,2.333333333333333,3.0,Auditory,3.0,4.0,1.5,0,0
5.0,5.0,3.6666666666666665,3.0,Auditory,4.714285714285714,1.6800000000000002,2.175,1,0
5.0,3.0,3.6666666666666665,3.0,Auditory,3.857142857142857,1.6800000000000002,2.175,0,0
5.0,3.0,3.6666666666666665,3.0,Auditory,3.857142857142857,1.6800000000000002,1.5,0,0
1.0,1.0,1.0,3.0,Visual,1.2857142857142858,1.7600000000000002,1.5,2,2
5.0,1.0,2.333333333333333,3.0,Visual,3.0,3.9200000000000004,1.5,0,2
5.0,1.0,1.0,3.0,Kinesthetic,3.0,1.44,1.5,0,1
1.0,1.0,3.6666666666666665,3.0,Kinesthetic,1.2857142857142858,1.52,1.5,2,1
1.0,5.0,1.0,3.0,Visual,3.0,1.7600000000000002,2.175,2,2
5.0,5.0,2.333333333333333,3.0,Visual,4.714285714285714,3.9200000000000004,2.175,1,2
1.0,5.0,3.6666666666666665,3.0,Kinesthetic,3.0,1.52,2.175,2,1
1.0,3.0,1.0,3.0,Visual,2.142857142857143,1.7600000000000002,1.5,2,2
5.0,3.0,2.333333333333333,3.0,Visual,3.857142857142857,3.9200000000000004,1.5,0,2
5.0,3.0,1.0,3.0,Kinesthetic,3.857142857142857,1.44,1.5,0,1
1.0,3.0,3.6666666666666665,3.0,Kinesthetic,2.142857142857143,1.52,1.5,2,1
1.0,5.0,1.0,3.0,Visual,3.0,1.7600000000000002,1.5,2,2
5.0,5.0,2.333333333333333,3.0,Visual,4.714285714285714,3.9200000000000004,1.5,1,2
5.0,5.0,1.0,3.0,Kinesthetic,4.714285714285714,1.44,1.5,1,1
1.0,5.0,3.6666666666666665,3.0,Kinesthetic,3.0,1.52,1.5,2,1
1.0,3.0,1.0,3.0,Visual,2.142857142857143,1.7600000000000002,2.175,2,2
5.0,3.0,2.333333333333333,3.0,Visual,3.857142857142857,3.9200000000000004,2.175,0,2
1.0,3.0,3.6666666666666665,3.0,Kinesthetic,2.142857142857143,1.52,2.175,2,1
5.0,1.0,3.6666666666666665,3.0,Auditory,3.0,3.88,1.5,0,0
5.0,5.0,3.6666666666666665,3.0,Auditory,4.714285714285714,3.88,2.175,1,0
5.0,3.0,5.0,3.0,Auditory,3.857142857142857,1.72,2.175,0,0
5.0,3.0,3.6666666666666665,3.0,Auditory,3.857142857142857,3.84,2.175,0,0
1.0,3.0,5.0,3.0,Visual,2.142857142857143,4.279999999999999,2.175,2,2
1.0,3.0,5.0,3.0,Visual,2.142857142857143,4.279999999999999,1.5,2,2
1.0,1.0,5.0,3.0,Visual,1.2857142857142858,4.279999999999999,2.175,2,2
5.0,5.0,2.333333333333333,3.0,Visual,4.714285714285714,1.6,2.175,1,2
5.0,3.0,2.333333333333333,3.0,Visual,3.857142857142857,1.6,1.5,0,2
1.0,3.0,1.0,3.0,Auditory,2.142857142857143,4.12,2.175,2,0
1.0,1.0,1.0,3.0,Auditory,1.2857142857142858,4.12,1.5,2,0
5.0,1.0,1.0,3.0,Kinesthetic,3.0,1.48,1.5,0,1
1.0,1.0,1.0,3.0,Auditory,1.2857142857142858,4.12,2.175,2,0
5.0,1.0,1.0,3.0,Kinesthetic,3.0,1.48,2.175,0,1
1.0,3.0,1.0,3.0,Auditory,2.142857142857143,4.12,1.5,2,0
5.0,1.0,3.6666666666666665,3.0,Visual,3.0,1.72,1.5,0,2
5.0,3.0,5.0,3.0,Kinesthetic,3.857142857142857,1.72,1.5,0,1
5.0,3.0,3.6666666666666665,3.0,Kinesthetic,3.857142857142857,4.4399999999999995,1.5,0,1
1.0,3.0,5.0,3.0,Auditory,2.142857142857143,4.6,1.5,2,0
5.0,5.0,5.0,3.0,Kinesthetic,4.714285714285714,1.72,2.175,1,1
5.0,3.0,5.0,3.0,Kinesthetic,3.857142857142857,1.72,2.175,0,1
1.0,5.0,5.0,3.0,Kinesthetic,3.0,4.12,2.175,2,1
1.0,5.0,5.0,3.0,Kinesthetic,3.0,4.12,1.5,2,1
1.0,3.0,5.0,3.0,Kinesthetic,2.142857142857143,4.12,2.175,2,1
5.0,3.0,2.333333333333333,3.0,Visual,3.857142857142857,2.0,1.5,0,2
5.0,3.0,2.333333333333333,3.0,Visual,3.857142857142857,2.0,2.175,0,2
5.0,3.0,3.6666666666666665,3.0,Auditory,3.857142857142857,1.7600000000000002,1.5,0,0
1.0,3.0,5.0,3.0,Auditory,2.142857142857143,3.9200000000000004,1.5,2,0
5.0,5.0,3.6666666666666665,3.0,Auditory,4.714285714285714,1.7600000000000002,2.175,1,0
1.0,5.0,5.0,3.0,Auditory,3.0,3.9200000000000004,2.175,2,0
5.0,1.0,3.6666666666666665,3.0,Auditory,3.0,1.7600000000000002,2.175,0,0
1.0,1.0,5.0,3.0,Auditory,1.2857142857142858,3.9200000000000004,2.175,2,0
5.0,3.0,3.6666666666666665,3.0,Auditory,3.857142857142857,1.7600000000000002,2.175,0,0
1.0,3.0,5.0,3.0,Auditory,2.142857142857143,3.9200000000000004,2.175,2,0
1.0,3.0,1.0,3.0,Kinesthetic,2.142857142857143,1.8,2.175,2,1
1.0,3.0,5.0,3.0,Kinesthetic,2.142857142857143,4.2,2.175,2,1
1.0,3.0,1.0,3.0,Kinesthetic,2.142857142857143,1.8,1.5,2,1
1.0,3.0,5.0,3.0,Kinesthetic,2.142857142857143,4.2,1.5,2,1
5.0,3.0,2.333333333333333,3.0,Visual,3.857142857142857,1.72,1.5,0,2
1.0,3.0,2.333333333333333,3.0,Visual,2.142857142857143,2.0,1.5,2,2
5.0,3.0,3.6666666666666665,3.0,Visual,3.857142857142857,1.7600000000000002,1.5,0,2
5.0,5.0,2.333333333333333,3.0,Visual,4.714285714285714,1.72,2.175,1,2
1.0,3.0,3.6666666666666665,3.0,Kinesthetic,2.142857142857143,3.9200000000000004,2.175,2,1
5.0,3.0,1.0,3.0,Auditory,3.857142857142857,4.6,2.175,0,0
1.0,3.0,5.0,3.0,Visual,2.142857142857143,3.96,2.175,2,2
1.0,5.0,3.6666666666666665,3.0,Kinesthetic,3.0,3.9200000000000004,2.175,2,1
1.0,5.0,5.0,3.0,Visual,3.0,3.96,2.175,2,2
5.0,1.0,3.6666666666666665,3.0,Kinesthetic,3.0,4.5600000000000005,2.175,0,1
1.0,1.0,3.6666666666666665,3.0,Kinesthetic,1.2857142857142858,3.9200000000000004,2.175,2,1
1.0,1.0,5.0,3.0,Visual,1.2857142857142858,3.96,2.175,2,2
5.0,5.0,3.6666666666666665,3.0,Kinesthetic,4.714285714285714,4.5600000000000005,1.5,1,1
1.0,5.0,3.6666666666666665,3.0,Kinesthetic,3.0,3.9200000000000004,1.5,2,1
5.0,5.0,1.0,3.0,Auditory,4.714285714285714,4.6,1.5,1,0
1.0,5.0,5.0,3.0,Visual,3.0,3.96,1.5,2,2
5.0,1.0,2.333333333333333,3.0,Auditory,3.0,1.4,2.175,0,0
5.0,3.0,2.333333333333333,3.0,Auditory,3.857142857142857,1.4,2.175,0,0
5.0,5.0,2.333333333333333,3.0,Auditory,4.714285714285714,1.4,1.5,1,0
1.0,3.0,5.0,3.0,Auditory,2.142857142857143,1.8800000000000001,1.5,2,0
1.0,3.0,5.0,3.0,Auditory,2.142857142857143,1.8800000000000001,2.175,2,0
1.0,1.0,5.0,3.0,Auditory,1.2857142857142858,1.8800000000000001,1.5,2,0
5.0,1.0,3.6666666666666665,3.0,Kinesthetic,3.0,1.7600000000000002,2.175,0,1
5.0,1.0,1.0,3.0,Auditory,3.0,4.24,2.175,0,0
5.0,5.0,3.6666666666666665,3.0,Kinesthetic,4.714285714285714,1.7600000000000002,2.175,1,1
5.0,5.0,1.0,3.0,Auditory,4.714285714285714,4.24,2.175,1,0
5.0,5.0,3.6666666666666665,3.0,Kinesthetic,4.714285714285714,4.279999999999999,2.175,1,1
5.0,3.0,3.6666666666666665,3.0,Kinesthetic,3.857142857142857,1.7600000000000002,2.175,0,1
5.0,3.0,1.0,3.0,Auditory,3.857142857142857,4.24,2.175,0,0
5.0,3.0,3.6666666666666665,3.0,Kinesthetic,3.857142857142857,4.279999999999999,2.175,0,1
5.0,3.0,1.0,3.0,Kinesthetic,3.857142857142857,4.36,1.5,0,1
5.0,3.0,1.0,3.0,Kinesthetic,3.857142857142857,4.16,2.175,0,1
5.0,3.0,3.6666666666666665,3.0,Auditory,3.857142857142857,4.5600000000000005,2.175,0,0
5.0,3.0,1.0,3.0,Kinesthetic,3.857142857142857,4.16,1.5,0,1
5.0,5.0,1.0,3.0,Kinesthetic,4.714285714285714,4.16,1.5,1,1
5.0,1.0,1.0,3.0,Kinesthetic,3.0,4.16,1.5,0,1
5.0,1.0,3.6666666666666665,3.0,Auditory,3.0,4.5600000000000005,1.5,0,0
5.0,5.0,2.333333333333333,3.0,Kinesthetic,4.714285714285714,3.96,1.5,1,1
5.0,5.0,1.0,3.0,Visual,4.714285714285714,4.16,2.175,1,2
5.0,1.0,3.6666666666666665,3.0,Auditory,3.0,1.9600000000000002,1.5,0,0
5.0,1.0,3.6666666666666665,3.0,Auditory,3.0,1.9600000000000002,2.175,0,0
5.0,5.0,3.6666666666666665,3.0,Auditory,4.714285714285714,4.5200000000000005,1.5,1,0
5.0,3.0,3.6666666666666665,3.0,Auditory,3.857142857142857,1.8,2.175,0,0
5.0,1.0,3.6666666666666665,3.0,Auditory,3.0,1.8,2.175,0,0
5.0,3.0,3.6666666666666665,3.0,Auditory,3.857142857142857,1.8,1.5,0,0
1.0,3.0,5.0,3.0,Kinesthetic,2.142857142857143,3.9200000000000004,1.5,2,1
1.0,1.0,5.0,3.0,Kinesthetic,1.2857142857142858,3.9200000000000004,2.175,2,1
1.0,3.0,5.0,3.0,Visual,2.142857142857143,1.6800000000000002,2.175,2,2
1.0,1.0,5.0,3.0,Visual,1.2857142857142858,1.6800000000000002,2.175,2,2
1.0,5.0,5.0,3.0,Visual,3.0,1.6800000000000002,1.5,2,2
1.0,1.0,5.0,3.0,Visual,1.2857142857142858,1.6800000000000002,1.5,2,2
1.0,5.0,5.0,3.0,Auditory,3.0,4.04,1.5,2,0
1.0,3.0,5.0,3.0,Auditory,2.142857142857143,4.04,1.5,2,0
5.0,1.0,2.333333333333333,3.0,Auditory,3.0,4.4399999999999995,2.175,0,0
1.0,1.0,1.0,3.0,Kinesthetic,1.2857142857142858,1.8800000000000001,2.175,2,1
1.0,5.0,1.0,3.0,Kinesthetic,3.0,1.8800000000000001,2.175,2,1
1.0,3.0,1.0,3.0,Kinesthetic,2.142857142857143,1.8800000000000001,2.175,2,1
1.0,3.0,1.0,3.0,Kinesthetic,2.142857142857143,1.8800000000000001,1.5,2,1
1.0,5.0,1.0,3.0,Auditory,3.0,1.6,2.175,2,0
5.0,1.0,3.6666666666666665,3.0,Kinesthetic,3.0,4.4399999999999995,2.175,0,1
1.0,1.0,1.0,3.0,Auditory,1.2857142857142858,1.6,2.175,2,0
5.0,5.0,3.6666666666666665,3.0,Kinesthetic,4.714285714285714,1.7600000000000002,1.5,1,1
1.0,5.0,1.0,3.0,Auditory,3.0,1.6,1.5,2,0
5.0,3.0,3.6666666666666665,3.0,Kinesthetic,3.857142857142857,1.7600000000000002,1.5,0,1
1.0,3.0,1.0,3.0,Auditory,2.142857142857143,1.6,1.5,2,0
1.0,3.0,1.0,3.0,Auditory,2.142857142857143,1.6,2.175,2,0
5.0,3.0,2.333333333333333,3.0,Kinesthetic,3.857142857142857,2.04,2.175,0,1
5.0,5.0,2.333333333333333,3.0,Kinesthetic,4.714285714285714,2.04,2.175,1,1
5.0,5.0,5.0,3.0,Auditory,4.714285714285714,4.4,2.175,1,0
5.0,3.0,2.333333333333333,3.0,Kinesthetic,3.857142857142857,2.04,1.5,0,1
5.0,3.0,2.333333333333333,3.0,Kinesthetic,3.857142857142857,4.4,1.5,0,1
1.0,5.0,1.0,3.0,Visual,3.0,1.48,2.175,2,2
5.0,5.0,2.333333333333333,3.0,Auditory,4.714285714285714,3.88,2.175,1,0
5.0,3.0,3.6666666666666665,3.0,Visual,3.857142857142857,4.0,2.175,0,2
5.0,1.0,3.6666666666666665,3.0,Visual,3.0,4.0,1.5,0,2
5.0,3.0,3.6666666666666665,3.0,Visual,3.857142857142857,4.0,1.5,0,2
5.0,5.0,1.0,3.0,Auditory,4.714285714285714,4.16,2.175,1,0
5.0,5.0,3.6666666666666665,3.0,Visual,4.714285714285714,1.64,2.175,1,2
5.0,5.0,3.6666666666666665,3.0,Visual,4.714285714285714,1.64,1.5,1,2
5.0,1.0,1.0,3.0,Auditory,3.0,4.16,1.5,0,0
5.0,1.0,3.6666666666666665,3.0,Visual,3.0,1.64,1.5,0,2
5.0,3.0,1.0,3.0,Auditory,3.857142857142857,4.16,2.175,0,0
5.0,3.0,3.6666666666666665,3.0,Visual,3.857142857142857,1.64,2.175,0,2
5.0,1.0,1.0,3.0,Visual,3.0,1.92,2.175,0,2
5.0,1.0,3.6666666666666665,3.0,Kinesthetic,3.0,4.5200000000000005,2.175,0,1
5.0,3.0,3.6666666666666665,3.0,Kinesthetic,3.857142857142857,4.5200000000000005,2.175,0,1
5.0,3.0,3.6666666666666665,3.0,Kinesthetic,3.857142857142857,4.5200000000000005,1.5,0,1
5.0,1.0,1.0,3.0,Visual,3.0,1.92,1.5,0,2
5.0,1.0,3.6666666666666665,3.0,Kinesthetic,3.0,4.5200000000000005,1.5,0,1
1.0,3.0,5.0,3.0,Auditory,2.142857142857143,4.279999999999999,1.5,2,0
5.0,1.0,3.6666666666666665,3.0,Visual,3.0,3.96,1.5,0,2
5.0,1.0,3.6666666666666665,3.0,Kinesthetic,3.0,4.04,1.5,0,1
1.0,1.0,5.0,3.0,Auditory,1.2857142857142858,4.279999999999999,1.5,2,0
1.0,3.0,5.0,3.0,Visual,2.142857142857143,1.44,2.175,2,2
5.0,3.0,5.0,3.0,Kinesthetic,3.857142857142857,4.2,2.175,0,1
1.0,3.0,5.0,3.0,Visual,2.142857142857143,1.44,1.5,2,2
5.0,3.0,5.0,3.0,Kinesthetic,3.857142857142857,4.2,1.5,0,1
5.0,1.0,5.0,3.0,Kinesthetic,3.0,1.6800000000000002,1.5,0,1
5.0,3.0,3.6666666666666665,3.0,Visual,3.857142857142857,4.5200000000000005,2.175,0,2
5.0,5.0,1.0,3.0,Auditory,4.714285714285714,1.44,1.5,1,0
5.0,1.0,5.0,3.0,Visual,3.0,4.4,1.5,0,2
5.0,1.0,1.0,3.0,Auditory,3.0,1.44,1.5,0,0
5.0,3.0,5.0,3.0,Visual,3.857142857142857,4.4,1.5,0,2
5.0,3.0,1.0,3.0,Auditory,3.857142857142857,1.44,1.5,0,0
5.0,3.0,1.0,3.0,Auditory,3.857142857142857,3.84,2.175,0,0
5.0,1.0,1.0,3.0,Auditory,3.0,3.84,1.5,0,0
5.0,3.0,1.0,3.0,Auditory,3.857142857142857,3.84,1.5,0,0
5.0,1.0,1.0,3.0,Kinesthetic,3.0,2.04,1.5,0,1
5.0,3.0,1.0,3.0,Kinesthetic,3.857142857142857,2.04,1.5,0,1
5.0,5.0,1.0,3.0,Kinesthetic,4.714285714285714,2.04,2.175,1,1
5.0,5.0,3.6666666666666665,3.0,Auditory,4.714285714285714,4.36,2.175,1,0
1.0,5.0,2.333333333333333,3.0,Kinesthetic,3.0,1.8800000000000001,2.175,2,1
1.0,5.0,2.333333333333333,3.0,Kinesthetic,3.0,1.8800000000000001,1.5,2,1
1.0,1.0,2.333333333333333,3.0,Kinesthetic,1.2857142857142858,1.8800000000000001,2.175,2,1
5.0,1.0,1.0,3.0,Kinesthetic,3.0,4.4799999999999995,2.175,0,1
1.0,1.0,2.333333333333333,3.0,Auditory,1.2857142857142858,4.279999999999999,2.175,2,0
5.0,1.0,2.333333333333333,3.0,Kinesthetic,3.0,1.52,2.175,0,1
5.0,5.0,1.0,3.0,Kinesthetic,4.714285714285714,4.4799999999999995,2.175,1,1
1.0,5.0,2.333333333333333,3.0,Auditory,3.0,4.279999999999999,2.175,2,0
5.0,3.0,1.0,3.0,Kinesthetic,3.857142857142857,4.4799999999999995,2.175,0,1
1.0,3.0,2.333333333333333,3.0,Auditory,2.142857142857143,4.279999999999999,2.175,2,0
5.0,3.0,1.0,3.0,Kinesthetic,3.857142857142857,4.4799999999999995,1.5,0,1
1.0,3.0,2.333333333333333,3.0,Auditory,2.142857142857143,4.279999999999999,1.5,2,0
5.0,1.0,1.0,3.0,Kinesthetic,3.0,4.4799999999999995,1.5,0,1
1.0,1.0,2.333333333333333,3.0,Auditory,1.2857142857142858,4.279999999999999,1.5,2,0
5.0,1.0,2.333333333333333,3.0,Kinesthetic,3.0,1.52,1.5,0,1
5.0,3.0,5.0,3.0,Kinesthetic,3.857142857142857,4.5600000000000005,2.175,0,1
5.0,5.0,5.0,3.0,Kinesthetic,4.714285714285714,4.5600000000000005,1.5,1,1
5.0,3.0,5.0,3.0,Kinesthetic,3.857142857142857,4.5600000000000005,1.5,0,1
5.0,5.0,1.0,3.0,Kinesthetic,4.714285714285714,4.279999999999999,2.175,1,1
1.0,5.0,3.6666666666666665,3.0,Auditory,3.0,4.2,2.175,2,0
5.0,5.0,1.0,3.0,Kinesthetic,4.714285714285714,4.279999999999999,1.5,1,1
1.0,5.0,3.6666666666666665,3.0,Auditory,3.0,4.2,1.5,2,0
1.0,3.0,3.6666666666666665,3.0,Auditory,2.142857142857143,4.2,1.5,2,0
5.0,1.0,1.0,3.0,Kinesthetic,3.0,4.279999999999999,2.175,0,1
1.0,3.0,2.333333333333333,3.0,Kinesthetic,2.142857142857143,4.5200000000000005,1.5,2,1
5.0,3.0,2.333333333333333,3.0,Kinesthetic,3.857142857142857,4.36,1.5,0,1
1.0,5.0,2.333333333333333,3.0,Kinesthetic,3.0,4.5200000000000005,1.5,2,1
5.0,5.0,3.6666666666666665,3.0,Visual,4.714285714285714,4.4399999999999995,1.5,1,2
5.0,5.0,2.333333333333333,3.0,Kinesthetic,4.714285714285714,4.36,1.5,1,1
1.0,3.0,2.333333333333333,3.0,Kinesthetic,2.142857142857143,4.5200000000000005,2.175,2,1
5.0,3.0,2.333333333333333,3.0,Kinesthetic,3.857142857142857,4.36,2.175,0,1
5.0,3.0,5.0,3.0,Auditory,3.857142857142857,4.5600000000000005,1.5,0,0
1.0,5.0,1.0,3.0,Visual,3.0,1.6800000000000002,2.175,2,2
1.0,1.0,5.0,3.0,Auditory,1.2857142857142858,4.24,2.175,2,0
1.0,1.0,1.0,3.0,Visual,1.2857142857142858,1.6800000000000002,2.175,2,2
1.0,3.0,1.0,3.0,Visual,2.142857142857143,1.6800000000000002,2.175,2,2
1.0,3.0,5.0,3.0,Visual,2.142857142857143,2.08,1.5,2,2
1.0,5.0,5.0,3.0,Visual,3.0,2.08,2.175,2,2
1.0,3.0,5.0,3.0,Visual,2.142857142857143,2.08,2.175,2,2
5.0,1.0,3.6666666666666665,3.0,Kinesthetic,3.0,4.36,1.5,0,1
5.0,3.0,2.333333333333333,3.0,Kinesthetic,3.857142857142857,4.6,2.175,0,1
5.0,3.0,1.0,3.0,Auditory,3.857142857142857,1.56,2.175,0,0
5.0,5.0,1.0,3.0,Auditory,4.714285714285714,1.56,2.175,1,0
5.0,3.0,2.333333333333333,3.0,Kinesthetic,3.857142857142857,4.6,1.5,0,1
5.0,3.0,1.0,3.0,Auditory,3.857142857142857,1.56,1.5,0,0
5.0,5.0,1.0,3.0,Kinesthetic,4.714285714285714,4.24,1.5,1,1
5.0,1.0,1.0,3.0,Kinesthetic,3.0,4.24,2.175,0,1
5.0,1.0,5.0,3.0,Kinesthetic,3.0,4.279999999999999,2.175,0,1
5.0,3.0,5.0,3.0,Kinesthetic,3.857142857142857,4.279999999999999,2.175,0,1
5.0,5.0,2.333333333333333,3.0,Visual,4.714285714285714,4.2,1.5,1,2
5.0,5.0,2.333333333333333,3.0,Kinesthetic,4.714285714285714,4.6,1.5,1,1
5.0,1.0,2.333333333333333,3.0,Visual,3.0,4.2,2.175,0,2
5.0,1.0,2.333333333333333,3.0,Kinesthetic,3.0,4.6,2.175,0,1
5.0,5.0,2.333333333333333,3.0,Visual,4.714285714285714,4.2,2.175,1,2
5.0,3.0,1.0,3.0,Visual,3.857142857142857,2.2,1.5,0,2
5.0,3.0,5.0,3.0,Visual,3.857142857142857,4.36,2.175,0,2
5.0,1.0,5.0,3.0,Visual,3.0,4.12,1.5,0,2
5.0,5.0,5.0,3.0,Visual,4.714285714285714,4.12,1.5,1,2
5.0,3.0,5.0,3.0,Visual,3.857142857142857,4.12,1.5,0,2
1.0,3.0,5.0,3.0,Visual,2.142857142857143,4.04,2.175,2,2
1.0,3.0,1.0,3.0,Auditory,2.142857142857143,1.92,2.175,2,0
1.0,5.0,5.0,3.0,Visual,3.0,4.04,2.175,2,2
1.0,5.0,1.0,3.0,Auditory,3.0,1.92,2.175,2,0
5.0,5.0,2.333333333333333,3.0,Kinesthetic,4.714285714285714,3.8,2.175,1,1
5.0,5.0,2.333333333333333,3.0,Kinesthetic,4.714285714285714,4.36,2.175,1,1
5.0,5.0,1.0,3.0,Visual,4.714285714285714,4.12,2.175,1,2
1.0,5.0,3.6666666666666665,3.0,Visual,3.0,4.04,2.175,2,2
5.0,5.0,1.0,3.0,Visual,4.714285714285714,4.24,1.5,1,2
1.0,5.0,3.6666666666666665,3.0,Visual,3.0,4.2,2.175,2,2
1.0,3.0,5.0,3.0,Kinesthetic,2.142857142857143,3.88,1.5,2,1
1.0,1.0,5.0,3.0,Kinesthetic,1.2857142857142858,3.88,2.175,2,1
1.0,3.0,2.333333333333333,3.0,Auditory,2.142857142857143,2.0,2.175,2,0
5.0,3.0,5.0,3.0,Visual,3.857142857142857,2.08,2.175,0,2
1.0,5.0,2.333333333333333,3.0,Auditory,3.0,2.0,2.175,2,0
5.0,5.0,5.0,3.0,Visual,4.714285714285714,2.08,2.175,1,2
1.0,1.0,2.333333333333333,3.0,Auditory,1.2857142857142858,2.0,2.175,2,0
5.0,1.0,5.0,3.0,Visual,3.0,2.08,2.175,0,2
1.0,3.0,2.333333333333333,3.0,Auditory,2.142857142857143,2.0,1.5,2,0
5.0,3.0,5.0,3.0,Visual,3.857142857142857,2.08,1.5,0,2
5.0,5.0,3.6666666666666665,3.0,Auditory,4.714285714285714,3.88,1.5,1,0
1.0,5.0,5.0,3.0,Visual,3.0,4.6,1.5,2,2
1.0,3.0,5.0,3.0,Visual,2.142857142857143,1.8,1.5,2,2
1.0,5.0,5.0,3.0,Visual,3.0,1.8,2.175,2,2
1.0,1.0,5.0,3.0,Visual,1.2857142857142858,1.8,2.175,2,2
5.0,3.0,1.0,3.0,Auditory,3.857142857142857,2.08,1.5,0,0
5.0,5.0,1.0,3.0,Auditory,4.714285714285714,2.08,2.175,1,0
5.0,5.0,1.0,3.0,Visual,4.714285714285714,1.92,1.5,1,2
5.0,5.0,1.0,3.0,Visual,4.714285714285714,1.92,2.175,1,2
5.0,3.0,1.0,3.0,Auditory,3.857142857142857,1.9600000000000002,2.175,0,0
5.0,3.0,1.0,3.0,Auditory,3.857142857142857,1.9600000000000002,1.5,0,0
5.0,1.0,1.0,3.0,Auditory,3.0,1.9600000000000002,2.175,0,0
5.0,1.0,5.0,3.0,Kinesthetic,3.0,3.96,2.175,0,1
5.0,1.0,1.0,3.0,Visual,3.0,2.16,2.175,0,2
5.0,3.0,1.0,3.0,Visual,3.857142857142857,2.16,1.5,0,2
5.0,3.0,5.0,3.0,Visual,3.857142857142857,4.2,1.5,0,2
5.0,5.0,1.0,3.0,Visual,4.714285714285714,2.16,1.5,1,2
1.0,3.0,5.0,3.0,Kinesthetic,2.142857142857143,2.2,2.175,2,1
1.0,1.0,5.0,3.0,Kinesthetic,1.2857142857142858,2.2,1.5,2,1
5.0,3.0,3.6666666666666665,3.0,Auditory,3.857142857142857,4.32,1.5,0,0
5.0,3.0,3.6666666666666665,3.0,Visual,3.857142857142857,4.24,1.5,0,2
5.0,3.0,3.6666666666666665,3.0,Visual,3.857142857142857,4.24,2.175,0,2
5.0,5.0,3.6666666666666665,3.0,Visual,4.714285714285714,4.24,2.175,1,2
5.0,1.0,5.0,3.0,Kinesthetic,3.0,1.64,2.175,0,1
5.0,3.0,2.333333333333333,3.0,Auditory,3.857142857142857,1.56,2.175,0,0
5.0,5.0,2.333333333333333,3.0,Auditory,4.714285714285714,1.56,1.5,1,0
5.0,1.0,2.333333333333333,3.0,Auditory,3.0,1.56,2.175,0,0
5.0,3.0,2.333333333333333,3.0,Auditory,3.857142857142857,1.56,1.5,0,0
5.0,3.0,2.333333333333333,3.0,Kinesthetic,3.857142857142857,4.5200000000000005,2.175,0,1
5.0,3.0,2.333333333333333,3.0,Kinesthetic,3.857142857142857,4.5200000000000005,1.5,0,1
5.0,1.0,5.0,3.0,Kinesthetic,3.0,4.0,2.175,0,1
5.0,3.0,5.0,3.0,Kinesthetic,3.857142857142857,4.0,1.5,0,1
1.0,5.0,3.6666666666666665,3.0,Auditory,3.0,2.16,1.5,2,0
1.0,1.0,3.6666666666666665,3.0,Auditory,1.2857142857142858,2.16,2.175,2,0
1.0,1.0,3.6666666666666665,3.0,Auditory,1.2857142857142858,2.16,1.5,2,0
1.0,3.0,3.6666666666666665,3.0,Auditory,2.142857142857143,2.16,2.175,2,0
1.0,3.0,3.6666666666666665,3.0,Auditory,2.142857142857143,2.2,1.5,2,0
1.0,3.0,3.6666666666666665,3.0,Auditory,2.142857142857143,2.2,2.175,2,0
5.0,1.0,3.6666666666666665,3.0,Visual,3.0,4.4799999999999995,1.5,0,2
1.0,1.0,3.6666666666666665,3.0,Auditory,1.2857142857142858,2.2,1.5,2,0
5.0,1.0,3.6666666666666665,3.0,Auditory,3.0,4.24,1.5,0,0
1.0,3.0,3.6666666666666665,3.0,Kinesthetic,2.142857142857143,4.0,2.175,2,1
5.0,3.0,3.6666666666666665,3.0,Auditory,3.857142857142857,1.52,2.175,0,0
1.0,5.0,3.6666666666666665,3.0,Visual,3.0,4.279999999999999,1.5,2,2
5.0,5.0,3.6666666666666665,3.0,Auditory,4.714285714285714,1.52,1.5,1,0
1.0,5.0,3.6666666666666665,3.0,Visual,3.0,4.279999999999999,2.175,2,2
5.0,5.0,3.6666666666666665,3.0,Auditory,4.714285714285714,1.52,2.175,1,0
5.0,1.0,5.0,3.0,Kinesthetic,3.0,3.88,1.5,0,1
1.0,3.0,5.0,3.0,Visual,2.142857142857143,4.4399999999999995,1.5,2,2
1.0,5.0,5.0,3.0,Visual,3.0,4.4399999999999995,2.175,2,2
1.0,3.0,5.0,3.0,Visual,2.142857142857143,4.4399999999999995,2.175,2,2
1.0,5.0,5.0,3.0,Visual,3.0,4.4399999999999995,1.5,2,2
5.0,3.0,5.0,3.0,Kinesthetic,3.857142857142857,4.08,1.5,0,1
1.0,3.0,2.333333333333333,3.0,Auditory,2.142857142857143,2.16,1.5,2,0
5.0,5.0,5.0,3.0,Kinesthetic,4.714285714285714,4.08,2.175,1,1
1.0,5.0,2.333333333333333,3.0,Auditory,3.0,2.16,2.175,2,0
1.0,5.0,2.333333333333333,3.0,Auditory,3.0,4.36,2.175,2,0
5.0,1.0,5.0,3.0,Kinesthetic,3.0,4.36,1.5,0,1
5.0,1.0,5.0,3.0,Kinesthetic,3.0,4.08,1.5,0,1
1.0,1.0,2.333333333333333,3.0,Auditory,1.2857142857142858,2.16,1.5,2,0
1.0,1.0,2.333333333333333,3.0,Auditory,1.2857142857142858,4.36,1.5,2,0
1.0,1.0,2.333333333333333,3.0,Auditory,1.2857142857142858,4.36,2.175,2,0
5.0,3.0,5.0,3.0,Kinesthetic,3.857142857142857,4.36,2.175,0,1
5.0,3.0,5.0,3.0,Visual,3.857142857142857,2.2,1.5,0,2
5.0,3.0,5.0,3.0,Visual,3.857142857142857,2.2,2.175,0,2
5.0,1.0,2.333333333333333,3.0,Auditory,3.0,4.32,1.5,0,0
5.0,5.0,1.0,3.0,Kinesthetic,4.714285714285714,4.2,2.175,1,1
5.0,5.0,3.6666666666666665,3.0,Kinesthetic,4.714285714285714,4.4799999999999995,1.5,1,1
5.0,1.0,3.6666666666666665,3.0,Kinesthetic,3.0,4.4799999999999995,2.175,0,1
5.0,3.0,3.6666666666666665,3.0,Kinesthetic,3.857142857142857,4.4799999999999995,2.175,0,1
5.0,3.0,3.6666666666666665,3.0,Kinesthetic,3.857142857142857,4.4799999999999995,1.5,0,1
5.0,1.0,5.0,3.0,Kinesthetic,3.0,3.84,2.175,0,1
5.0,3.0,5.0,3.0,Kinesthetic,3.857142857142857,3.84,1.5,0,1
5.0,5.0,5.0,3.0,Kinesthetic,4.714285714285714,3.84,1.5,1,1
5.0,3.0,5.0,3.0,Kinesthetic,3.857142857142857,3.84,2.175,0,1
5.0,1.0,2.333333333333333,3.0,Visual,3.0,2.0,2.175,0,2
5.0,5.0,2.333333333333333,3.0,Visual,4.714285714285714,2.0,2.175,1,2
5.0,1.0,2.333333333333333,3.0,Visual,3.0,2.0,1.5,0,2
5.0,1.0,3.6666666666666665,3.0,Visual,3.0,4.0,2.175,0,2
5.0,5.0,3.6666666666666665,3.0,Visual,4.714285714285714,4.0,2.175,1,2
1.0,3.0,2.333333333333333,3.0,Visual,2.142857142857143,1.6800000000000002,1.5,2,2
1.0,1.0,2.333333333333333,3.0,Visual,1.2857142857142858,1.6800000000000002,1.5,2,2
5.0,1.0,5.0,3.0,Visual,3.0,4.5600000000000005,1.5,0,2
1.0,3.0,2.333333333333333,3.0,Visual,2.142857142857143,1.6800000000000002,2.175,2,2
1.0,3.0,5.0,3.0,Kinesthetic,2.142857142857143,1.8,1.5,2,1
5.0,1.0,3.6666666666666665,3.0,Visual,3.0,4.24,1.5,0,2
5.0,5.0,3.6666666666666665,3.0,Visual,4.714285714285714,4.24,1.5,1,2
1.0,1.0,3.6666666666666665,3.0,Kinesthetic,1.2857142857142858,3.8,2.175,2,1
1.0,1.0,2.333333333333333,3.0,Kinesthetic,1.2857142857142858,3.8,1.5,2,1
5.0,1.0,5.0,3.0,Visual,3.0,4.16,2.175,0,2
1.0,1.0,1.0,3.0,Visual,1.2857142857142858,4.08,2.175,2,2
5.0,5.0,5.0,3.0,Visual,4.714285714285714,4.16,2.175,1,2
1.0,5.0,1.0,3.0,Visual,3.0,4.08,2.175,2,2
5.0,5.0,5.0,3.0,Visual,4.714285714285714,4.16,1.5,1,2
1.0,5.0,1.0,3.0,Visual,3.0,4.08,1.5,2,2
5.0,3.0,5.0,3.0,Visual,3.857142857142857,4.16,2.175,0,2
1.0,3.0,1.0,3.0,Visual,2.142857142857143,4.08,2.175,2,2
5.0,5.0,3.6666666666666665,3.0,Kinesthetic,4.714285714285714,4.5200000000000005,2.175,1,1
5.0,1.0,5.0,3.0,Auditory,3.0,1.4,1.5,0,0
5.0,3.0,5.0,3.0,Auditory,3.857142857142857,4.5200000000000005,2.175,0,0
1.0,3.0,2.333333333333333,3.0,Kinesthetic,2.142857142857143,2.04,2.175,2,1
5.0,1.0,5.0,3.0,Auditory,3.0,4.5200000000000005,1.5,0,0
1.0,1.0,2.333333333333333,3.0,Kinesthetic,1.2857142857142858,2.04,1.5,2,1
5.0,1.0,1.0,3.0,Visual,3.0,3.9200000000000004,1.5,0,2
5.0,1.0,2.333333333333333,3.0,Auditory,3.0,1.4,1.5,0,0
5.0,1.0,5.0,3.0,Auditory,3.0,4.5200000000000005,2.175,0,0
1.0,1.0,2.333333333333333,3.0,Kinesthetic,1.2857142857142858,2.04,2.175,2,1
5.0,1.0,3.6666666666666665,3.0,Visual,3.0,2.12,2.175,0,2
5.0,5.0,3.6666666666666665,3.0,Visual,4.714285714285714,2.12,2.175,1,2
1.0,5.0,1.0,3.0,Visual,3.0,2.08,1.5,2,2
1.0,1.0,1.0,3.0,Visual,1.2857142857142858,2.08,1.5,2,2
1.0,3.0,1.0,3.0,Visual,2.142857142857143,2.08,2.175,2,2
5.0,3.0,5.0,3.0,Auditory,3.857142857142857,4.08,1.5,0,0
5.0,5.0,5.0,3.0,Auditory,4.714285714285714,4.08,2.175,1,0
5.0,3.0,5.0,3.0,Auditory,3.857142857142857,4.08,2.175,0,0
1.0,5.0,5.0,3.0,Kinesthetic,3.0,2.2,2.175,2,1
1.0,5.0,5.0,3.0,Kinesthetic,3.0,2.2,1.5,2,1
5.0,1.0,3.6666666666666665,3.0,Auditory,3.0,3.88,2.175,0,0
1.0,1.0,2.333333333333333,3.0,Kinesthetic,1.2857142857142858,1.48,2.175,2,1
5.0,1.0,2.333333333333333,3.0,Auditory,3.0,4.4,1.5,0,0
5.0,1.0,2.333333333333333,3.0,Kinesthetic,3.0,4.5200000000000005,1.5,0,1
5.0,5.0,2.333333333333333,3.0,Auditory,4.714285714285714,4.4,1.5,1,0
5.0,5.0,2.333333333333333,3.0,Visual,4.714285714285714,1.44,1.5,1,2
5.0,5.0,3.6666666666666665,3.0,Auditory,4.714285714285714,3.84,2.175,1,0
5.0,3.0,3.6666666666666665,3.0,Auditory,3.857142857142857,3.84,1.5,0,0
5.0,1.0,3.6666666666666665,3.0,Auditory,3.0,3.84,1.5,0,0
5.0,3.0,5.0,3.0,Auditory,3.857142857142857,1.8399999999999999,2.175,0,0
1.0,1.0,2.333333333333333,3.0,Auditory,1.2857142857142858,1.7600000000000002,2.175,2,0
5.0,1.0,5.0,3.0,Auditory,3.0,1.8399999999999999,2.175,0,0
5.0,3.0,2.333333333333333,3.0,Auditory,3.857142857142857,1.52,1.5,0,0
5.0,5.0,3.6666666666666665,3.0,Visual,4.714285714285714,4.2,1.5,1,2
1.0,5.0,3.6666666666666665,3.0,Visual,3.0,4.4,1.5,2,2
5.0,1.0,3.6666666666666665,3.0,Visual,3.0,4.2,2.175,0,2
5.0,1.0,1.0,3.0,Auditory,3.0,4.12,2.175,0,0
5.0,1.0,2.333333333333333,3.0,Kinesthetic,3.0,4.32,2.175,0,1
1.0,1.0,5.0,3.0,Auditory,1.2857142857142858,4.5600000000000005,2.175,2,0
1.0,3.0,1.0,3.0,Visual,2.142857142857143,4.04,1.5,2,2
1.0,3.0,1.0,3.0,Visual,2.142857142857143,1.4,1.5,2,2
1.0,1.0,1.0,3.0,Visual,1.2857142857142858,1.4,2.175,2,2
1.0,3.0,1.0,3.0,Visual,2.142857142857143,4.04,2.175,2,2
1.0,3.0,1.0,3.0,Visual,2.142857142857143,1.4,2.175,2,2
1.0,5.0,2.333333333333333,3.0,Auditory,3.0,3.9200000000000004,1.5,2,0
1.0,1.0,2.333333333333333,3.0,Auditory,1.2857142857142858,3.9200000000000004,2.175,2,0
1.0,3.0,2.333333333333333,3.0,Auditory,2.142857142857143,3.9200000000000004,1.5,2,0
1.0,3.0,3.6666666666666665,3.0,Kinesthetic,2.142857142857143,2.08,2.175,2,1
1.0,3.0,3.6666666666666665,3.0,Visual,2.142857142857143,1.56,2.175,2,2
1.0,5.0,3.6666666666666665,3.0,Kinesthetic,3.0,2.08,2.175,2,1
1.0,5.0,3.6666666666666665,3.0,Visual,3.0,1.56,2.175,2,2
5.0,5.0,5.0,3.0,Kinesthetic,4.714285714285714,1.6,2.175,1,1
5.0,3.0,5.0,3.0,Kinesthetic,3.857142857142857,1.8,1.5,0,1
1.0,1.0,2.333333333333333,3.0,Kinesthetic,1.2857142857142858,4.4,2.175,2,1
1.0,1.0,1.0,3.0,Kinesthetic,1.2857142857142858,4.04,2.175,2,1
1.0,3.0,2.333333333333333,3.0,Kinesthetic,2.142857142857143,4.4,1.5,2,1
1.0,3.0,2.333333333333333,3.0,Kinesthetic,2.142857142857143,4.4,2.175,2,1
1.0,3.0,1.0,3.0,Kinesthetic,2.142857142857143,4.04,2.175,2,1
5.0,5.0,5.0,3.0,Kinesthetic,4.714285714285714,1.56,1.5,1,1
1.0,5.0,1.0,3.0,Auditory,3.0,4.279999999999999,1.5,2,0
5.0,3.0,5.0,3.0,Kinesthetic,3.857142857142857,1.56,1.5,0,1
1.0,3.0,1.0,3.0,Auditory,2.142857142857143,4.279999999999999,1.5,2,0
5.0,1.0,5.0,3.0,Kinesthetic,3.0,1.56,1.5,0,1
1.0,1.0,1.0,3.0,Auditory,1.2857142857142858,4.279999999999999,1.5,2,0
5.0,5.0,5.0,3.0,Kinesthetic,4.714285714285714,1.56,2.175,1,1
1.0,5.0,1.0,3.0,Auditory,3.0,4.279999999999999,2.175,2,0
1.0,3.0,1.0,3.0,Auditory,2.142857142857143,4.279999999999999,2.175,2,0
5.0,5.0,2.333333333333333,3.0,Kinesthetic,4.714285714285714,4.08,2.175,1,1
5.0,3.0,2.333333333333333,3.0,Kinesthetic,3.857142857142857,4.08,2.175,0,1
5.0,3.0,3.6666666666666665,3.0,Auditory,3.857142857142857,4.12,2.175,0,0
5.0,1.0,3.6666666666666665,3.0,Auditory,3.0,4.12,2.175,0,0
1.0,5.0,3.6666666666666665,3.0,Visual,3.0,2.16,1.5,2,2
1.0,3.0,3.6666666666666665,3.0,Visual,2.142857142857143,2.16,2.175,2,2
1.0,3.0,3.6666666666666665,3.0,Visual,2.142857142857143,2.16,1.5,2,2
1.0,1.0,3.6666666666666665,3.0,Visual,1.2857142857142858,2.16,2.175,2,2
5.0,1.0,3.6666666666666665,3.0,Visual,3.0,4.24,2.175,0,2
5.0,1.0,2.333333333333333,3.0,Visual,3.0,4.4399999999999995,2.175,0,2
1.0,1.0,5.0,3.0,Auditory,1.2857142857142858,1.6,2.175,2,0
1.0,5.0,5.0,3.0,Auditory,3.0,1.6,1.5,2,0
1.0,5.0,3.6666666666666665,3.0,Kinesthetic,3.0,3.96,2.175,2,1
1.0,3.0,3.6666666666666665,3.0,Kinesthetic,2.142857142857143,3.96,2.175,2,1
5.0,5.0,2.333333333333333,3.0,Visual,4.714285714285714,2.2,1.5,1,2
1.0,5.0,1.0,3.0,Kinesthetic,3.0,1.6,1.5,2,1
5.0,1.0,2.333333333333333,3.0,Visual,3.0,2.2,2.175,0,2
1.0,1.0,1.0,3.0,Kinesthetic,1.2857142857142858,1.6,2.175,2,1
1.0,5.0,3.6666666666666665,3.0,Visual,3.0,1.92,2.175,2,2
1.0,3.0,3.6666666666666665,3.0,Visual,2.142857142857143,1.92,1.5,2,2
1.0,1.0,3.6666666666666665,3.0,Visual,1.2857142857142858,1.92,2.175,2,2
1.0,3.0,1.0,3.0,Auditory,2.142857142857143,1.64,2.175,2,0
5.0,3.0,3.6666666666666665,3.0,Auditory,3.857142857142857,4.16,2.175,0,0
5.0,1.0,3.6666666666666665,3.0,Auditory,3.0,1.4,2.175,0,0
5.0,1.0,3.6666666666666665,3.0,Auditory,3.0,4.16,2.175,0,0
1.0,1.0,1.0,3.0,Auditory,1.2857142857142858,1.64,1.5,2,0
5.0,1.0,3.6666666666666665,3.0,Auditory,3.0,1.4,1.5,0,0
5.0,1.0,3.6666666666666665,3.0,Auditory,3.0,4.16,1.5,0,0
1.0,3.0,1.0,3.0,Auditory,2.142857142857143,3.88,2.175,2,0
1.0,1.0,1.0,3.0,Auditory,1.2857142857142858,3.88,2.175,2,0
1.0,5.0,1.0,3.0,Auditory,3.0,3.88,2.175,2,0
5.0,5.0,5.0,3.0,Kinesthetic,4.714285714285714,4.6,1.5,1,1
1.0,1.0,1.0,3.0,Visual,1.2857142857142858,4.4799999999999995,2.175,2,2
1.0,3.0,1.0,3.0,Visual,2.142857142857143,4.4799999999999995,2.175,2,2
1.0,5.0,1.0,3.0,Visual,3.0,4.4799999999999995,1.5,2,2
1.0,5.0,1.0,3.0,Visual,3.0,4.4799999999999995,2.175,2,2
5.0,3.0,1.0,3.0,Auditory,3.857142857142857,1.72,1.5,0,0
5.0,3.0,2.333333333333333,3.0,Auditory,3.857142857142857,4.5200000000000005,1.5,0,0
5.0,1.0,1.0,3.0,Auditory,3.0,1.72,1.5,0,0
5.0,1.0,2.333333333333333,3.0,Auditory,3.0,4.5200000000000005,1.5,0,0
5.0,1.0,1.0,3.0,Auditory,3.0,1.72,2.175,0,0
5.0,1.0,2.333333333333333,3.0,Auditory,3.0,4.5200000000000005,2.175,0,0
5.0,5.0,1.0,3.0,Visual,4.714285714285714,1.6,1.5,1,2
1.0,5.0,5.0,3.0,Visual,3.0,4.16,1.5,2,2
1.0,5.0,5.0,3.0,Visual,3.0,4.16,2.175,2,2
1.0,3.0,5.0,3.0,Visual,2.142857142857143,4.16,2.175,2,2
5.0,5.0,3.6666666666666665,3.0,Auditory,4.714285714285714,4.0,2.175,1,0
1.0,5.0,2.333333333333333,3.0,Kinesthetic,3.0,4.4,1.5,2,1
1.0,5.0,2.333333333333333,3.0,Kinesthetic,3.0,4.4,2.175,2,1
1.0,3.0,1.0,3.0,Visual,2.142857142857143,1.48,2.175,2,2
1.0,3.0,1.0,3.0,Visual,2.142857142857143,1.48,1.5,2,2
1.0,3.0,1.0,3.0,Kinesthetic,2.142857142857143,4.36,1.5,2,1
1.0,3.0,1.0,3.0,Kinesthetic,2.142857142857143,4.36,2.175,2,1
5.0,3.0,5.0,3.0,Visual,3.857142857142857,3.8,2.175,0,2
5.0,5.0,5.0,3.0,Visual,4.714285714285714,3.8,1.5,1,2
5.0,5.0,1.0,3.0,Auditory,4.714285714285714,1.48,2.175,1,0
1.0,5.0,2.333333333333333,3.0,Auditory,3.0,4.08,2.175,2,0
5.0,5.0,3.6666666666666665,3.0,Auditory,4.714285714285714,1.6800000000000002,1.5,1,0
5.0,1.0,5.0,3.0,Kinesthetic,3.0,1.56,2.175,0,1
5.0,1.0,3.6666666666666665,3.0,Auditory,3.0,1.6800000000000002,2.175,0,0
5.0,1.0,1.0,3.0,Visual,3.0,4.2,2.175,0,2
5.0,3.0,1.0,3.0,Visual,3.857142857142857,4.2,2.175,0,2
5.0,5.0,3.6666666666666665,3.0,Visual,4.714285714285714,3.96,1.5,1,2
1.0,3.0,3.6666666666666665,3.0,Kinesthetic,2.142857142857143,1.64,1.5,2,1
5.0,5.0,1.0,3.0,Kinesthetic,4.714285714285714,1.72,1.5,1,1
5.0,5.0,1.0,3.0,Kinesthetic,4.714285714285714,4.16,2.175,1,1
1.0,5.0,1.0,3.0,Visual,3.0,4.12,2.175,2,2
5.0,5.0,3.6666666666666665,3.0,Kinesthetic,4.714285714285714,2.12,2.175,1,1
5.0,1.0,3.6666666666666665,3.0,Kinesthetic,3.0,2.12,2.175,0,1
5.0,3.0,3.6666666666666665,3.0,Kinesthetic,3.857142857142857,2.12,2.175,0,1
1.0,3.0,1.0,3.0,Auditory,2.142857142857143,4.0,2.175,2,0
1.0,3.0,2.333333333333333,3.0,Auditory,2.142857142857143,1.64,2.175,2,0
1.0,3.0,3.6666666666666665,3.0,Auditory,2.142857142857143,3.8,2.175,2,0
1.0,5.0,2.333333333333333,3.0,Auditory,3.0,1.64,1.5,2,0
5.0,5.0,1.0,3.0,Kinesthetic,4.714285714285714,4.4799999999999995,1.5,1,1
1.0,5.0,3.6666666666666665,3.0,Auditory,3.0,3.8,1.5,2,0
5.0,5.0,1.0,3.0,Auditory,4.714285714285714,1.56,1.5,1,0
5.0,5.0,2.333333333333333,3.0,Auditory,4.714285714285714,4.4399999999999995,1.5,1,0
5.0,5.0,2.333333333333333,3.0,Visual,4.714285714285714,2.0,1.5,1,2
5.0,3.0,5.0,3.0,Kinesthetic,3.857142857142857,4.32,1.5,0,1
5.0,5.0,5.0,3.0,Kinesthetic,4.714285714285714,4.32,2.175,1,1
5.0,3.0,5.0,3.0,Kinesthetic,3.857142857142857,4.32,2.175,0,1
5.0,1.0,5.0,3.0,Kinesthetic,3.0,4.32,1.5,0,1
5.0,3.0,2.333333333333333,3.0,Visual,3.857142857142857,4.24,1.5,0,2
5.0,1.0,2.333333333333333,3.0,Visual,3.0,4.24,1.5,0,2
5.0,3.0,2.333333333333333,3.0,Kinesthetic,3.857142857142857,4.5600000000000005,2.175,0,1
5.0,3.0,2.333333333333333,3.0,Auditory,3.857142857142857,2.12,2.175,0,0
5.0,1.0,2.333333333333333,3.0,Kinesthetic,3.0,4.5600000000000005,2.175,0,1
5.0,1.0,2.333333333333333,3.0,Auditory,3.0,2.12,2.175,0,0
5.0,1.0,2.333333333333333,3.0,Visual,3.0,4.5600000000000005,2.175,0,2
5.0,3.0,2.333333333333333,3.0,Kinesthetic,3.857142857142857,4.5600000000000005,1.5,0,1
5.0,3.0,2.333333333333333,3.0,Auditory,3.857142857142857,2.12,1.5,0,0
1.0,1.0,1.0,3.0,Auditory,1.2857142857142858,1.4,1.5,2,0
1.0,3.0,1.0,3.0,Auditory,2.142857142857143,1.4,2.175,2,0
5.0,5.0,1.0,3.0,Kinesthetic,4.714285714285714,3.9200000000000004,2.175,1,1
5.0,1.0,1.0,3.0,Kinesthetic,3.0,3.9200000000000004,2.175,0,1
5.0,5.0,3.6666666666666665,3.0,Kinesthetic,4.714285714285714,3.84,1.5,1,1
5.0,5.0,3.6666666666666665,3.0,Visual,4.714285714285714,1.92,2.175,1,2
5.0,5.0,2.333333333333333,3.0,Auditory,4.714285714285714,3.84,2.175,1,0
5.0,1.0,1.0,3.0,Kinesthetic,3.0,2.2,2.175,0,1
1.0,1.0,1.0,3.0,Visual,1.2857142857142858,1.92,2.175,2,2
5.0,1.0,5.0,3.0,Auditory,3.0,1.9600000000000002,1.5,0,0
5.0,1.0,5.0,3.0,Auditory,3.0,1.9600000000000002,2.175,0,0
1.0,5.0,5.0,3.0,Visual,3.0,2.2,1.5,2,2
1.0,3.0,5.0,3.0,Visual,2.142857142857143,2.2,2.175,2,2
1.0,3.0,5.0,3.0,Visual,2.142857142857143,2.2,1.5,2,2
1.0,1.0,5.0,3.0,Visual,1.2857142857142858,2.2,2.175,2,2
5.0,5.0,3.6666666666666665,3.0,Auditory,4.714285714285714,4.0,1.5,1,0
1.0,5.0,1.0,3.0,Kinesthetic,3.0,3.8,1.5,2,1
5.0,5.0,5.0,3.0,Kinesthetic,4.714285714285714,4.24,1.5,1,1
1.0,3.0,3.6666666666666665,3.0,Kinesthetic,2.142857142857143,4.5600000000000005,2.175,2,1
5.0,1.0,5.0,3.0,Kinesthetic,3.0,4.16,2.175,0,1
5.0,1.0,2.333333333333333,3.0,Kinesthetic,3.0,3.9200000000000004,2.175,0,1
5.0,1.0,3.6666666666666665,3.0,Visual,3.0,1.8800000000000001,2.175,0,2
1.0,3.0,2.333333333333333,3.0,Kinesthetic,2.142857142857143,2.0,1.5,2,1
1.0,5.0,3.6666666666666665,3.0,Kinesthetic,3.0,3.84,2.175,2,1
1.0,5.0,2.333333333333333,3.0,Kinesthetic,3.0,2.0,2.175,2,1
1.0,3.0,3.6666666666666665,3.0,Kinesthetic,2.142857142857143,3.84,2.175,2,1
1.0,3.0,2.333333333333333,3.0,Kinesthetic,2.142857142857143,2.0,2.175,2,1
1.0,5.0,3.6666666666666665,3.0,Kinesthetic,3.0,3.84,1.5,2,1
1.0,5.0,2.333333333333333,3.0,Kinesthetic,3.0,2.0,1.5,2,1
5.0,5.0,1.0,3.0,Kinesthetic,4.714285714285714,4.32,1.5,1,1
5.0,5.0,3.6666666666666665,3.0,Visual,4.714285714285714,4.6,1.5,1,2
5.0,1.0,1.0,3.0,Kinesthetic,3.0,1.6,1.5,0,1
5.0,1.0,1.0,3.0,Kinesthetic,3.0,4.32,1.5,0,1
5.0,1.0,3.6666666666666665,3.0,Visual,3.0,4.6,1.5,0,2
5.0,3.0,1.0,3.0,Kinesthetic,3.857142857142857,1.6,2.175,0,1
5.0,3.0,1.0,3.0,Kinesthetic,3.857142857142857,4.32,2.175,0,1
5.0,3.0,3.6666666666666665,3.0,Visual,3.857142857142857,4.6,2.175,0,2
5.0,1.0,3.6666666666666665,3.0,Auditory,3.0,3.84,2.175,0,0
1.0,1.0,3.6666666666666665,3.0,Auditory,1.2857142857142858,2.04,2.175,2,0
5.0,1.0,5.0,3.0,Auditory,3.0,1.8399999999999999,1.5,0,0
1.0,1.0,3.6666666666666665,3.0,Auditory,1.2857142857142858,2.04,1.5,2,0
5.0,1.0,1.0,3.0,Auditory,3.0,3.8,1.5,0,0
1.0,3.0,3.6666666666666665,3.0,Auditory,2.142857142857143,2.04,2.175,2,0
5.0,3.0,1.0,3.0,Kinesthetic,3.857142857142857,1.52,1.5,0,1
5.0,3.0,3.6666666666666665,3.0,Kinesthetic,3.857142857142857,2.2,1.5,0,1
5.0,1.0,1.0,3.0,Kinesthetic,3.0,1.52,2.175,0,1
5.0,1.0,3.6666666666666665,3.0,Kinesthetic,3.0,2.2,2.175,0,1
5.0,5.0,2.333333333333333,3.0,Visual,4.714285714285714,3.88,1.5,1,2
5.0,1.0,5.0,3.0,Auditory,3.0,1.56,2.175,0,0
5.0,3.0,5.0,3.0,Auditory,3.857142857142857,1.56,1.5,0,0
5.0,1.0,2.333333333333333,3.0,Auditory,3.0,1.8399999999999999,2.175,0,0
5.0,1.0,2.333333333333333,3.0,Kinesthetic,3.0,2.08,2.175,0,1
5.0,5.0,2.333333333333333,3.0,Kinesthetic,4.714285714285714,2.08,2.175,1,1
5.0,5.0,2.333333333333333,3.0,Auditory,4.714285714285714,1.8399999999999999,1.5,1,0
5.0,5.0,2.333333333333333,3.0,Kinesthetic,4.714285714285714,2.08,1.5,1,1
5.0,3.0,2.333333333333333,3.0,Kinesthetic,3.857142857142857,2.08,2.175,0,1
5.0,3.0,1.0,3.0,Visual,3.857142857142857,1.7600000000000002,2.175,0,2
1.0,3.0,5.0,3.0,Kinesthetic,2.142857142857143,1.8,2.175,2,1
1.0,5.0,5.0,3.0,Kinesthetic,3.0,1.8,2.175,2,1
1.0,1.0,3.6666666666666665,3.0,Kinesthetic,1.2857142857142858,4.279999999999999,2.175,2,1
1.0,1.0,3.6666666666666665,3.0,Visual,1.2857142857142858,4.279999999999999,2.175,2,2
1.0,1.0,5.0,3.0,Kinesthetic,1.2857142857142858,1.8,2.175,2,1
1.0,5.0,1.0,3.0,Visual,3.0,1.52,1.5,2,2
1.0,5.0,1.0,3.0,Visual,3.0,1.52,2.175,2,2
1.0,1.0,1.0,3.0,Visual,1.2857142857142858,1.52,2.175,2,2
1.0,5.0,5.0,3.0,Kinesthetic,3.0,4.24,1.5,2,1
1.0,3.0,5.0,3.0,Kinesthetic,2.142857142857143,4.24,2.175,2,1
1.0,3.0,5.0,3.0,Kinesthetic,2.142857142857143,4.24,1.5,2,1
1.0,1.0,5.0,3.0,Kinesthetic,1.2857142857142858,4.24,2.175,2,1
5.0,3.0,1.0,3.0,Visual,3.857142857142857,4.0,1.5,0,2
5.0,3.0,1.0,3.0,Visual,3.857142857142857,1.6800000000000002,1.5,0,2
5.0,1.0,1.0,3.0,Visual,3.0,1.6800000000000002,2.175,0,2
5.0,5.0,1.0,3.0,Visual,4.714285714285714,1.6800000000000002,1.5,1,2
1.0,3.0,2.333333333333333,3.0,Kinesthetic,2.142857142857143,4.4399999999999995,2.175,2,1
1.0,3.0,5.0,3.0,Visual,2.142857142857143,4.08,2.175,2,2
1.0,1.0,2.333333333333333,3.0,Kinesthetic,1.2857142857142858,4.4399999999999995,2.175,2,1
5.0,1.0,1.0,3.0,Kinesthetic,3.0,4.2,2.175,0,1
1.0,1.0,5.0,3.0,Visual,1.2857142857142858,4.08,2.175,2,2
1.0,3.0,2.333333333333333,3.0,Kinesthetic,2.142857142857143,4.4399999999999995,1.5,2,1
1.0,3.0,5.0,3.0,Visual,2.142857142857143,4.08,1.5,2,2
5.0,1.0,3.6666666666666665,3.0,Visual,3.0,1.8,2.175,0,2
5.0,5.0,5.0,3.0,Visual,4.714285714285714,3.84,1.5,1,2
5.0,1.0,5.0,3.0,Visual,3.0,3.84,1.5,0,2
5.0,1.0,5.0,3.0,Visual,3.0,3.84,2.175,0,2
5.0,3.0,2.333333333333333,3.0,Auditory,3.857142857142857,1.6,1.5,0,0
1.0,3.0,3.6666666666666665,3.0,Auditory,2.142857142857143,1.92,1.5,2,0
5.0,1.0,5.0,3.0,Visual,3.0,1.4,2.175,0,2
1.0,1.0,1.0,3.0,Kinesthetic,1.2857142857142858,4.24,2.175,2,1
1.0,5.0,1.0,3.0,Kinesthetic,3.0,4.24,2.175,2,1
1.0,5.0,1.0,3.0,Auditory,3.0,4.5200000000000005,1.5,2,0
1.0,5.0,5.0,3.0,Kinesthetic,3.0,4.5200000000000005,1.5,2,1
1.0,1.0,1.0,3.0,Auditory,1.2857142857142858,4.5200000000000005,1.5,2,0
1.0,1.0,5.0,3.0,Kinesthetic,1.2857142857142858,4.5200000000000005,1.5,2,1
1.0,5.0,1.0,3.0,Auditory,3.0,4.5200000000000005,2.175,2,0
1.0,5.0,5.0,3.0,Kinesthetic,3.0,4.5200000000000005,2.175,2,1
1.0,3.0,1.0,3.0,Auditory,2.142857142857143,4.5200000000000005,2.175,2,0
1.0,3.0,5.0,3.0,Kinesthetic,2.142857142857143,4.5200000000000005,2.175,2,1
5.0,3.0,2.333333333333333,3.0,Kinesthetic,3.857142857142857,3.9200000000000004,1.5,0,1
1.0,3.0,3.6666666666666665,3.0,Kinesthetic,2.142857142857143,4.16,1.5,2,1
5.0,3.0,1.0,3.0,Kinesthetic,3.857142857142857,1.8,1.5,0,1
1.0,5.0,3.6666666666666665,3.0,Kinesthetic,3.0,4.16,2.175,2,1
5.0,5.0,1.0,3.0,Kinesthetic,4.714285714285714,1.8,2.175,1,1
1.0,1.0,3.6666666666666665,3.0,Kinesthetic,1.2857142857142858,4.16,1.5,2,1
5.0,1.0,1.0,3.0,Kinesthetic,3.0,1.8,1.5,0,1
1.0,5.0,2.333333333333333,3.0,Auditory,3.0,3.88,2.175,2,0
1.0,1.0,2.333333333333333,3.0,Auditory,1.2857142857142858,3.88,2.175,2,0
1.0,1.0,5.0,3.0,Kinesthetic,1.2857142857142858,4.5200000000000005,2.175,2,1
5.0,5.0,3.6666666666666665,3.0,Auditory,4.714285714285714,4.4799999999999995,1.5,1,0
5.0,5.0,2.333333333333333,3.0,Kinesthetic,4.714285714285714,4.4399999999999995,1.5,1,1
5.0,5.0,2.333333333333333,3.0,Kinesthetic,4.714285714285714,1.48,1.5,1,1
5.0,5.0,2.333333333333333,3.0,Auditory,4.714285714285714,4.5600000000000005,1.5,1,0
5.0,5.0,2.333333333333333,3.0,Kinesthetic,4.714285714285714,4.4,1.5,1,1
5.0,1.0,2.333333333333333,3.0,Kinesthetic,3.0,4.4399999999999995,1.5,0,1
5.0,1.0,2.333333333333333,3.0,Kinesthetic,3.0,1.48,1.5,0,1
5.0,1.0,2.333333333333333,3.0,Kinesthetic,3.0,1.48,2.175,0,1
5.0,1.0,2.333333333333333,3.0,Auditory,3.0,4.5600000000000005,2.175,0,0
5.0,1.0,2.333333333333333,3.0,Kinesthetic,3.0,4.4,2.175,0,1
1.0,1.0,1.0,3.0,Auditory,1.2857142857142858,4.4,1.5,2,0
1.0,1.0,1.0,3.0,Auditory,1.2857142857142858,4.4,2.175,2,0
1.0,3.0,1.0,3.0,Auditory,2.142857142857143,4.4,1.5,2,0
1.0,3.0,1.0,3.0,Auditory,2.142857142857143,4.5200000000000005,1.5,2,0
5.0,3.0,2.333333333333333,3.0,Visual,3.857142857142857,4.0,1.5,0,2
5.0,3.0,2.333333333333333,3.0,Visual,3.857142857142857,4.0,2.175,0,2
5.0,5.0,2.333333333333333,3.0,Kinesthetic,4.714285714285714,3.88,1.5,1,1
5.0,1.0,1.0,3.0,Auditory,3.0,4.279999999999999,2.175,0,0
5.0,3.0,1.0,3.0,Auditory,3.857142857142857,4.279999999999999,2.175,0,0
1.0,1.0,2.333333333333333,3.0,Kinesthetic,1.2857142857142858,1.92,1.5,2,1
1.0,3.0,2.333333333333333,3.0,Kinesthetic,2.142857142857143,1.92,2.175,2,1
5.0,3.0,3.6666666666666665,3.0,Kinesthetic,3.857142857142857,1.8,1.5,0,1
5.0,3.0,5.0,3.0,Kinesthetic,3.857142857142857,4.4,1.5,0,1
5.0,3.0,3.6666666666666665,3.0,Kinesthetic,3.857142857142857,1.8,2.175,0,1
5.0,3.0,5.0,3.0,Kinesthetic,3.857142857142857,4.4,2.175,0,1
5.0,1.0,5.0,3.0,Visual,3.0,4.32,1.5,0,2
5.0,5.0,5.0,3.0,Visual,4.714285714285714,4.32,1.5,1,2
5.0,1.0,5.0,3.0,Visual,3.0,4.32,2.175,0,2
5.0,5.0,5.0,3.0,Visual,4.714285714285714,4.32,2.175,1,2
5.0,5.0,2.333333333333333,3.0,Visual,4.714285714285714,4.5600000000000005,1.5,1,2
1.0,5.0,5.0,3.0,Visual,3.0,4.24,1.5,2,2
1.0,5.0,5.0,3.0,Kinesthetic,3.0,4.2,1.5,2,1
1.0,1.0,1.0,3.0,Visual,1.2857142857142858,4.5600000000000005,2.175,2,2
5.0,5.0,1.0,3.0,Auditory,4.714285714285714,4.24,1.5,1,0
5.0,5.0,2.333333333333333,3.0,Visual,4.714285714285714,4.5200000000000005,1.5,1,2
1.0,3.0,3.6666666666666665,3.0,Kinesthetic,2.142857142857143,3.88,2.175,2,1
1.0,1.0,3.6666666666666665,3.0,Kinesthetic,1.2857142857142858,3.88,2.175,2,1
1.0,1.0,3.6666666666666665,3.0,Auditory,1.2857142857142858,1.8,2.175,2,0
1.0,3.0,3.6666666666666665,3.0,Auditory,2.142857142857143,1.8,1.5,2,0
1.0,3.0,1.0,3.0,Kinesthetic,2.142857142857143,1.6,1.5,2,1
1.0,3.0,3.6666666666666665,3.0,Auditory,2.142857142857143,4.24,2.175,2,0
1.0,5.0,1.0,3.0,Auditory,3.0,2.12,2.175,2,0
1.0,3.0,1.0,3.0,Auditory,2.142857142857143,2.12,1.5,2,0
1.0,3.0,1.0,3.0,Auditory,2.142857142857143,2.12,2.175,2,0
1.0,5.0,1.0,3.0,Auditory,3.0,2.12,1.5,2,0
5.0,1.0,3.6666666666666665,3.0,Kinesthetic,3.0,4.4399999999999995,1.5,0,1
5.0,1.0,5.0,3.0,Kinesthetic,3.0,1.72,1.5,0,1
1.0,5.0,2.333333333333333,3.0,Kinesthetic,3.0,2.12,2.175,2,1
5.0,5.0,5.0,3.0,Visual,4.714285714285714,4.04,1.5,1,2
5.0,3.0,5.0,3.0,Visual,3.857142857142857,4.04,2.175,0,2
5.0,3.0,5.0,3.0,Visual,3.857142857142857,4.04,1.5,0,2
1.0,5.0,5.0,3.0,Visual,3.0,2.04,2.175,2,2
5.0,1.0,3.6666666666666665,3.0,Kinesthetic,3.0,4.32,2.175,0,1
5.0,1.0,3.6666666666666665,3.0,Kinesthetic,3.0,4.32,1.5,0,1
5.0,5.0,1.0,3.0,Kinesthetic,4.714285714285714,2.08,1.5,1,1
1.0,5.0,2.333333333333333,3.0,Kinesthetic,3.0,4.4399999999999995,1.5,2,1
1.0,5.0,2.333333333333333,3.0,Kinesthetic,3.0,4.24,1.5,2,1
1.0,1.0,2.333333333333333,3.0,Kinesthetic,1.2857142857142858,4.24,2.175,2,1
1.0,1.0,2.333333333333333,3.0,Kinesthetic,1.2857142857142858,4.24,1.5,2,1
1.0,5.0,2.333333333333333,3.0,Kinesthetic,3.0,4.24,2.175,2,1
5.0,5.0,5.0,3.0,Visual,4.714285714285714,2.2,1.5,1,2
5.0,5.0,5.0,3.0,Visual,4.714285714285714,2.2,2.175,1,2
5.0,3.0,1.0,3.0,Visual,3.857142857142857,1.44,2.175,0,2
1.0,3.0,5.0,3.0,Auditory,2.142857142857143,4.12,2.175,2,0
5.0,5.0,1.0,3.0,Visual,4.714285714285714,1.44,1.5,1,2
1.0,5.0,5.0,3.0,Auditory,3.0,4.12,1.5,2,0
5.0,5.0,3.6666666666666665,3.0,Auditory,4.714285714285714,1.9600000000000002,1.5,1,0
5.0,5.0,5.0,3.0,Visual,4.714285714285714,3.88,1.5,1,2
5.0,5.0,3.6666666666666665,3.0,Kinesthetic,4.714285714285714,4.4,1.5,1,1
1.0,5.0,3.6666666666666665,3.0,Visual,3.0,4.08,1.5,2,2
5.0,3.0,5.0,3.0,Visual,3.857142857142857,3.88,1.5,0,2
1.0,3.0,3.6666666666666665,3.0,Visual,2.142857142857143,4.08,1.5,2,2
1.0,3.0,3.6666666666666665,3.0,Visual,2.142857142857143,1.8399999999999999,1.5,2,2
1.0,3.0,3.6666666666666665,3.0,Visual,2.142857142857143,1.8399999999999999,2.175,2,2
1.0,3.0,5.0,3.0,Visual,2.142857142857143,3.88,2.175,2,2
1.0,1.0,5.0,3.0,Visual,1.2857142857142858,3.88,2.175,2,2
1.0,3.0,5.0,3.0,Visual,2.142857142857143,3.88,1.5,2,2
1.0,1.0,5.0,3.0,Visual,1.2857142857142858,3.88,1.5,2,2
1.0,5.0,5.0,3.0,Visual,3.0,3.88,2.175,2,2
5.0,1.0,1.0,3.0,Auditory,3.0,2.2,2.175,0,0
5.0,3.0,1.0,3.0,Auditory,3.857142857142857,2.2,1.5,0,0
5.0,5.0,1.0,3.0,Auditory,4.714285714285714,2.2,2.175,1,0
1.0,5.0,3.6666666666666665,3.0,Visual,3.0,1.92,1.5,2,2
5.0,5.0,1.0,3.0,Auditory,4.714285714285714,2.2,1.5,1,0
5.0,5.0,1.0,3.0,Visual,4.714285714285714,4.32,2.175,1,2
5.0,5.0,1.0,3.0,Kinesthetic,4.714285714285714,3.84,2.175,1,1
5.0,1.0,1.0,3.0,Visual,3.0,4.32,1.5,0,2
1.0,1.0,5.0,3.0,Auditory,1.2857142857142858,4.4,1.5,2,0
5.0,5.0,5.0,3.0,Visual,4.714285714285714,4.08,1.5,1,2
1.0,5.0,5.0,3.0,Visual,3.0,3.8,2.175,2,2
1.0,3.0,1.0,3.0,Kinesthetic,2.142857142857143,4.0,2.175,2,1
1.0,1.0,3.6666666666666665,3.0,Visual,1.2857142857142858,2.16,1.5,2,2
1.0,3.0,2.333333333333333,3.0,Auditory,2.142857142857143,4.5600000000000005,1.5,2,0
1.0,1.0,2.333333333333333,3.0,Auditory,1.2857142857142858,4.5600000000000005,2.175,2,0
1.0,1.0,2.333333333333333,3.0,Auditory,1.2857142857142858,4.5600000000000005,1.5,2,0
5.0,1.0,3.6666666666666665,3.0,Auditory,3.0,1.52,2.175,0,0
5.0,3.0,3.6666666666666665,3.0,Auditory,3.857142857142857,1.52,1.5,0,0
5.0,5.0,3.6666666666666665,3.0,Visual,4.714285714285714,1.8800000000000001,2.175,1,2
5.0,1.0,3.6666666666666665,3.0,Visual,3.0,1.8800000000000001,1.5,0,2
1.0,3.0,3.6666666666666665,3.0,Visual,2.142857142857143,3.84,1.5,2,2
5.0,3.0,2.333333333333333,3.0,Visual,3.857142857142857,1.44,1.5,0,2
1.0,3.0,1.0,3.0,Kinesthetic,2.142857142857143,3.96,1.5,2,1
5.0,5.0,1.0,3.0,Kinesthetic,4.714285714285714,4.6,1.5,1,1
5.0,5.0,1.0,3.0,Visual,4.714285714285714,4.6,1.5,1,2
5.0,1.0,3.6666666666666665,3.0,Auditory,3.0,4.12,1.5,0,0
1.0,1.0,2.333333333333333,3.0,Visual,1.2857142857142858,4.0,1.5,2,2
5.0,1.0,3.6666666666666665,3.0,Auditory,3.0,4.08,1.5,0,0
1.0,3.0,2.333333333333333,3.0,Visual,2.142857142857143,4.0,2.175,2,2
5.0,3.0,3.6666666666666665,3.0,Auditory,3.857142857142857,4.08,2.175,0,0
5.0,3.0,3.6666666666666665,3.0,Auditory,3.857142857142857,4.12,1.5,0,0
1.0,3.0,2.333333333333333,3.0,Visual,2.142857142857143,4.0,1.5,2,2
5.0,3.0,3.6666666666666665,3.0,Auditory,3.857142857142857,4.08,1.5,0,0
1.0,5.0,2.333333333333333,3.0,Visual,3.0,4.0,2.175,2,2
5.0,5.0,3.6666666666666665,3.0,Auditory,4.714285714285714,4.08,2.175,1,0
5.0,3.0,5.0,3.0,Auditory,3.857142857142857,3.9200000000000004,2.175,0,0
5.0,5.0,1.0,3.0,Auditory,4.714285714285714,4.5600000000000005,2.175,1,0
1.0,1.0,3.6666666666666665,3.0,Auditory,1.2857142857142858,4.5600000000000005,2.175,2,0
5.0,5.0,2.333333333333333,3.0,Visual,4.714285714285714,4.08,1.5,1,2
5.0,1.0,2.333333333333333,3.0,Kinesthetic,3.0,4.36,2.175,0,1
5.0,3.0,2.333333333333333,3.0,Kinesthetic,3.857142857142857,4.08,1.5,0,1
5.0,1.0,1.0,3.0,Auditory,3.0,1.8,1.5,0,0
5.0,3.0,3.6666666666666665,3.0,Auditory,3.857142857142857,1.72,1.5,0,0
5.0,3.0,3.6666666666666665,3.0,Kinesthetic,3.857142857142857,4.32,1.5,0,1
5.0,3.0,1.0,3.0,Visual,3.857142857142857,2.08,1.5,0,2
5.0,3.0,3.6666666666666665,3.0,Auditory,3.857142857142857,1.72,2.175,0,0
5.0,3.0,3.6666666666666665,3.0,Kinesthetic,3.857142857142857,4.32,2.175,0,1
1.0,5.0,2.333333333333333,3.0,Auditory,3.0,1.8,1.5,2,0
1.0,1.0,1.0,3.0,Kinesthetic,1.2857142857142858,3.84,2.175,2,1
1.0,1.0,2.333333333333333,3.0,Auditory,1.2857142857142858,1.8,2.175,2,0
1.0,3.0,2.333333333333333,3.0,Auditory,2.142857142857143,1.8,1.5,2,0
1.0,5.0,1.0,3.0,Kinesthetic,3.0,2.0,2.175,2,1
1.0,1.0,1.0,3.0,Kinesthetic,1.2857142857142858,2.0,1.5,2,1
1.0,3.0,1.0,3.0,Kinesthetic,2.142857142857143,2.0,1.5,2,1
1.0,3.0,1.0,3.0,Kinesthetic,2.142857142857143,2.0,2.175,2,1
5.0,3.0,2.333333333333333,3.0,Kinesthetic,3.857142857142857,1.9600000000000002,1.5,0,1
5.0,5.0,2.333333333333333,3.0,Kinesthetic,4.714285714285714,1.9600000000000002,2.175,1,1
1.0,3.0,2.333333333333333,3.0,Visual,2.142857142857143,4.5600000000000005,2.175,2,2
5.0,3.0,5.0,3.0,Visual,3.857142857142857,2.0,2.175,0,2
5.0,3.0,2.333333333333333,3.0,Kinesthetic,3.857142857142857,1.9600000000000002,2.175,0,1
5.0,5.0,5.0,3.0,Auditory,4.714285714285714,1.56,1.5,1,0
5.0,5.0,5.0,3.0,Visual,4.714285714285714,2.0,1.5,1,2
5.0,5.0,2.333333333333333,3.0,Kinesthetic,4.714285714285714,1.9600000000000002,1.5,1,1
5.0,3.0,5.0,3.0,Kinesthetic,3.857142857142857,4.04,1.5,0,1
5.0,5.0,5.0,3.0,Kinesthetic,4.714285714285714,4.04,1.5,1,1
5.0,1.0,5.0,3.0,Kinesthetic,3.0,4.04,2.175,0,1
5.0,5.0,1.0,3.0,Kinesthetic,4.714285714285714,1.6800000000000002,2.175,1,1
5.0,3.0,1.0,3.0,Kinesthetic,3.857142857142857,1.6800000000000002,1.5,0,1
5.0,1.0,1.0,3.0,Kinesthetic,3.0,1.6800000000000002,2.175,0,1
1.0,3.0,2.333333333333333,3.0,Kinesthetic,2.142857142857143,1.6,1.5,2,1
1.0,3.0,1.0,3.0,Kinesthetic,2.142857142857143,4.279999999999999,1.5,2,1
5.0,3.0,5.0,3.0,Visual,3.857142857142857,3.88,2.175,0,2
1.0,3.0,2.333333333333333,3.0,Kinesthetic,2.142857142857143,1.6,2.175,2,1
1.0,3.0,1.0,3.0,Kinesthetic,2.142857142857143,4.279999999999999,2.175,2,1
5.0,5.0,5.0,3.0,Visual,4.714285714285714,4.0,2.175,1,2
5.0,5.0,5.0,3.0,Visual,4.714285714285714,3.88,2.175,1,2
1.0,5.0,2.333333333333333,3.0,Kinesthetic,3.0,1.6,2.175,2,1
5.0,5.0,2.333333333333333,3.0,Kinesthetic,4.714285714285714,4.5600000000000005,2.175,1,1
1.0,5.0,1.0,3.0,Kinesthetic,3.0,4.279999999999999,2.175,2,1
5.0,3.0,3.6666666666666665,3.0,Auditory,3.857142857142857,4.32,2.175,0,0
5.0,1.0,5.0,3.0,Kinesthetic,3.0,4.32,2.175,0,1
5.0,1.0,5.0,3.0,Visual,3.0,2.04,2.175,0,2
5.0,5.0,5.0,3.0,Kinesthetic,4.714285714285714,4.32,1.5,1,1
5.0,5.0,5.0,3.0,Visual,4.714285714285714,2.04,1.5,1,2
5.0,5.0,1.0,3.0,Auditory,4.714285714285714,3.8,1.5,1,0
1.0,3.0,5.0,3.0,Kinesthetic,2.142857142857143,1.48,2.175,2,1
1.0,1.0,5.0,3.0,Kinesthetic,1.2857142857142858,1.48,2.175,2,1
1.0,5.0,5.0,3.0,Kinesthetic,3.0,1.48,2.175,2,1
5.0,5.0,2.333333333333333,3.0,Kinesthetic,4.714285714285714,3.9200000000000004,2.175,1,1
5.0,5.0,5.0,3.0,Auditory,4.714285714285714,2.04,2.175,1,0
5.0,3.0,2.333333333333333,3.0,Kinesthetic,3.857142857142857,3.9200000000000004,2.175,0,1
5.0,3.0,5.0,3.0,Auditory,3.857142857142857,2.04,2.175,0,0
5.0,5.0,2.333333333333333,3.0,Kinesthetic,4.714285714285714,3.9200000000000004,1.5,1,1
5.0,5.0,5.0,3.0,Auditory,4.714285714285714,2.04,1.5,1,0
1.0,1.0,1.0,3.0,Visual,1.2857142857142858,4.279999999999999,1.5,2,2
1.0,5.0,3.6666666666666665,3.0,Visual,3.0,3.8,2.175,2,2
5.0,5.0,1.0,3.0,Auditory,4.714285714285714,1.6,1.5,1,0
1.0,3.0,3.6666666666666665,3.0,Visual,2.142857142857143,3.8,1.5,2,2
1.0,3.0,3.6666666666666665,3.0,Visual,2.142857142857143,2.04,1.5,2,2
1.0,5.0,3.6666666666666665,3.0,Visual,3.0,2.04,1.5,2,2
1.0,3.0,3.6666666666666665,3.0,Visual,2.142857142857143,2.04,2.175,2,2
5.0,5.0,2.333333333333333,3.0,Auditory,4.714285714285714,1.92,2.175,1,0
5.0,3.0,2.333333333333333,3.0,Auditory,3.857142857142857,1.92,2.175,0,0
5.0,3.0,2.333333333333333,3.0,Auditory,3.857142857142857,1.92,1.5,0,0
5.0,3.0,3.6666666666666665,3.0,Visual,3.857142857142857,1.4,2.175,0,2
5.0,3.0,1.0,3.0,Auditory,3.857142857142857,4.5200000000000005,2.175,0,0
1.0,5.0,3.6666666666666665,3.0,Kinesthetic,3.0,2.12,2.175,2,1
5.0,5.0,2.333333333333333,3.0,Visual,4.714285714285714,4.4799999999999995,1.5,1,2
1.0,5.0,2.333333333333333,3.0,Auditory,3.0,2.0,1.5,2,0
1.0,1.0,2.333333333333333,3.0,Auditory,1.2857142857142858,1.52,1.5,2,0
5.0,1.0,1.0,3.0,Kinesthetic,3.0,4.279999999999999,1.5,0,1
1.0,5.0,2.333333333333333,3.0,Auditory,3.0,1.52,1.5,2,0
1.0,3.0,2.333333333333333,3.0,Auditory,2.142857142857143,1.52,2.175,2,0
1.0,3.0,5.0,3.0,Auditory,2.142857142857143,4.08,1.5,2,0
1.0,5.0,5.0,3.0,Auditory,3.0,4.08,2.175,2,0
1.0,1.0,5.0,3.0,Auditory,1.2857142857142858,4.08,2.175,2,0
1.0,3.0,5.0,3.0,Auditory,2.142857142857143,4.08,2.175,2,0
1.0,5.0,3.6666666666666665,3.0,Auditory,3.0,3.8,2.175,2,0
1.0,3.0,3.6666666666666665,3.0,Auditory,2.142857142857143,3.8,1.5,2,0
1.0,5.0,1.0,3.0,Kinesthetic,3.0,4.4,2.175,2,1
5.0,3.0,3.6666666666666665,3.0,Visual,3.857142857142857,3.8,2.175,0,2
5.0,5.0,3.6666666666666665,3.0,Visual,4.714285714285714,3.8,2.175,1,2
5.0,5.0,3.6666666666666665,3.0,Auditory,4.714285714285714,4.32,1.5,1,0
1.0,5.0,2.333333333333333,3.0,Kinesthetic,3.0,4.5200000000000005,2.175,2,1
1.0,1.0,3.6666666666666665,3.0,Auditory,1.2857142857142858,4.279999999999999,1.5,2,0
1.0,1.0,2.333333333333333,3.0,Kinesthetic,1.2857142857142858,4.5200000000000005,1.5,2,1
5.0,1.0,3.6666666666666665,3.0,Kinesthetic,3.0,1.92,1.5,0,1
1.0,1.0,1.0,3.0,Auditory,1.2857142857142858,4.0,1.5,2,0
5.0,3.0,3.6666666666666665,3.0,Kinesthetic,3.857142857142857,1.92,1.5,0,1
5.0,1.0,5.0,3.0,Kinesthetic,3.0,3.96,1.5,0,1
5.0,5.0,3.6666666666666665,3.0,Auditory,4.714285714285714,2.08,1.5,1,0
5.0,3.0,3.6666666666666665,3.0,Auditory,3.857142857142857,2.08,2.175,0,0
5.0,5.0,3.6666666666666665,3.0,Auditory,4.714285714285714,2.08,2.175,1,0
1.0,3.0,3.6666666666666665,3.0,Kinesthetic,2.142857142857143,1.8800000000000001,2.175,2,1
5.0,3.0,5.0,3.0,Auditory,3.857142857142857,4.5600000000000005,2.175,0,0
1.0,1.0,3.6666666666666665,3.0,Kinesthetic,1.2857142857142858,1.8800000000000001,2.175,2,1
5.0,1.0,5.0,3.0,Auditory,3.0,4.5600000000000005,2.175,0,0
5.0,1.0,5.0,3.0,Auditory,3.0,1.48,2.175,0,0
1.0,5.0,3.6666666666666665,3.0,Kinesthetic,3.0,1.8800000000000001,2.175,2,1
5.0,5.0,5.0,3.0,Auditory,4.714285714285714,4.5600000000000005,2.175,1,0
5.0,5.0,5.0,3.0,Auditory,4.714285714285714,1.48,2.175,1,0
5.0,3.0,5.0,3.0,Kinesthetic,3.857142857142857,4.04,2.175,0,1
5.0,5.0,5.0,3.0,Kinesthetic,4.714285714285714,4.04,2.175,1,1
1.0,3.0,2.333333333333333,3.0,Kinesthetic,2.142857142857143,1.8,1.5,2,1
5.0,5.0,2.333333333333333,3.0,Visual,4.714285714285714,4.24,1.5,1,2
1.0,5.0,2.333333333333333,3.0,Kinesthetic,3.0,1.8,1.5,2,1
1.0,3.0,2.333333333333333,3.0,Kinesthetic,2.142857142857143,4.16,1.5,2,1
1.0,5.0,2.333333333333333,3.0,Kinesthetic,3.0,4.16,2.175,2,1
1.0,3.0,2.333333333333333,3.0,Visual,2.142857142857143,2.04,1.5,2,2
1.0,3.0,2.333333333333333,3.0,Visual,2.142857142857143,2.04,2.175,2,2
5.0,5.0,1.0,3.0,Auditory,4.714285714285714,1.6800000000000002,1.5,1,0
5.0,5.0,3.6666666666666665,3.0,Auditory,4.714285714285714,1.8399999999999999,1.5,1,0
1.0,3.0,2.333333333333333,3.0,Auditory,2.142857142857143,3.9200000000000004,2.175,2,0
5.0,3.0,1.0,3.0,Auditory,3.857142857142857,1.6800000000000002,2.175,0,0
5.0,3.0,3.6666666666666665,3.0,Visual,3.857142857142857,3.84,2.175,0,2
1.0,1.0,3.6666666666666665,3.0,Auditory,1.2857142857142858,4.5600000000000005,1.5,2,0
5.0,1.0,2.333333333333333,3.0,Auditory,3.0,4.6,1.5,0,0
5.0,5.0,2.333333333333333,3.0,Auditory,4.714285714285714,4.6,2.175,1,0
5.0,3.0,2.333333333333333,3.0,Auditory,3.857142857142857,4.6,1.5,0,0
1.0,3.0,1.0,3.0,Auditory,2.142857142857143,1.72,2.175,2,0
1.0,3.0,1.0,3.0,Auditory,2.142857142857143,1.72,1.5,2,0
1.0,1.0,1.0,3.0,Auditory,1.2857142857142858,1.72,1.5,2,0
5.0,1.0,3.6666666666666665,3.0,Visual,3.0,4.4399999999999995,1.5,0,2
5.0,5.0,5.0,3.0,Visual,4.714285714285714,4.5600000000000005,1.5,1,2
1.0,3.0,2.333333333333333,3.0,Kinesthetic,2.142857142857143,1.7600000000000002,1.5,2,1
1.0,3.0,2.333333333333333,3.0,Kinesthetic,2.142857142857143,1.7600000000000002,2.175,2,1
1.0,5.0,2.333333333333333,3.0,Kinesthetic,3.0,1.7600000000000002,2.175,2,1
1.0,1.0,2.333333333333333,3.0,Kinesthetic,1.2857142857142858,1.7600000000000002,2.175,2,1
1.0,5.0,2.333333333333333,3.0,Kinesthetic,3.0,1.7600000000000002,1.5,2,1
5.0,5.0,2.333333333333333,3.0,Visual,4.714285714285714,3.8,1.5,1,2
1.0,5.0,1.0,3.0,Auditory,3.0,4.4,1.5,2,0
5.0,1.0,2.333333333333333,3.0,Visual,3.0,3.8,2.175,0,2
5.0,1.0,2.333333333333333,3.0,Visual,3.0,3.8,1.5,0,2
1.0,3.0,1.0,3.0,Visual,2.142857142857143,2.04,1.5,2,2
1.0,5.0,1.0,3.0,Visual,3.0,2.04,2.175,2,2
1.0,1.0,1.0,3.0,Visual,1.2857142857142858,2.04,2.175,2,2
1.0,3.0,2.333333333333333,3.0,Kinesthetic,2.142857142857143,4.0,1.5,2,1
1.0,1.0,5.0,3.0,Auditory,1.2857142857142858,4.5200000000000005,2.175,2,0
1.0,5.0,5.0,3.0,Auditory,3.0,4.5200000000000005,2.175,2,0
1.0,5.0,5.0,3.0,Visual,3.0,3.88,1.5,2,2
5.0,3.0,1.0,3.0,Auditory,3.857142857142857,2.04,1.5,0,0
5.0,5.0,3.6666666666666665,3.0,Visual,4.714285714285714,4.08,1.5,1,2
5.0,5.0,2.333333333333333,3.0,Auditory,4.714285714285714,4.36,1.5,1,0
5.0,5.0,3.6666666666666665,3.0,Visual,4.714285714285714,4.08,2.175,1,2
5.0,5.0,1.0,3.0,Auditory,4.714285714285714,3.96,2.175,1,0
1.0,3.0,1.0,3.0,Visual,2.142857142857143,1.44,1.5,2,2
1.0,3.0,2.333333333333333,3.0,Kinesthetic,2.142857142857143,4.16,2.175,2,1
1.0,1.0,2.333333333333333,3.0,Kinesthetic,1.2857142857142858,4.16,1.5,2,1
5.0,5.0,3.6666666666666665,3.0,Visual,4.714285714285714,2.16,2.175,1,2
1.0,5.0,5.0,3.0,Kinesthetic,3.0,1.64,2.175,2,1
1.0,5.0,1.0,3.0,Visual,3.0,1.72,2.175,2,2
5.0,3.0,3.6666666666666665,3.0,Visual,3.857142857142857,2.16,2.175,0,2
1.0,3.0,5.0,3.0,Kinesthetic,2.142857142857143,1.64,2.175,2,1
1.0,3.0,1.0,3.0,Visual,2.142857142857143,1.72,2.175,2,2
5.0,3.0,3.6666666666666665,3.0,Visual,3.857142857142857,2.16,1.5,0,2
1.0,3.0,5.0,3.0,Kinesthetic,2.142857142857143,1.64,1.5,2,1
1.0,3.0,1.0,3.0,Visual,2.142857142857143,1.72,1.5,2,2
1.0,5.0,3.6666666666666665,3.0,Kinesthetic,3.0,4.5600000000000005,1.5,2,1
5.0,5.0,2.333333333333333,3.0,Visual,4.714285714285714,4.16,1.5,1,2
1.0,5.0,2.333333333333333,3.0,Visual,3.0,2.16,1.5,2,2
5.0,1.0,3.6666666666666665,3.0,Kinesthetic,3.0,1.64,2.175,0,1
5.0,3.0,2.333333333333333,3.0,Kinesthetic,3.857142857142857,1.6800000000000002,1.5,0,1
1.0,1.0,1.0,3.0,Kinesthetic,1.2857142857142858,3.84,1.5,2,1
5.0,1.0,1.0,3.0,Kinesthetic,3.0,4.12,1.5,0,1
5.0,5.0,2.333333333333333,3.0,Kinesthetic,4.714285714285714,1.6800000000000002,1.5,1,1
5.0,3.0,5.0,3.0,Kinesthetic,3.857142857142857,3.9200000000000004,2.175,0,1
5.0,3.0,5.0,3.0,Kinesthetic,3.857142857142857,1.8800000000000001,2.175,0,1
5.0,1.0,5.0,3.0,Kinesthetic,3.0,1.8800000000000001,2.175,0,1
5.0,5.0,5.0,3.0,Kinesthetic,4.714285714285714,3.9200000000000004,1.5,1,1
5.0,5.0,5.0,3.0,Kinesthetic,4.714285714285714,1.8800000000000001,1.5,1,1
1.0,5.0,1.0,3.0,Visual,3.0,2.12,1.5,2,2
1.0,3.0,5.0,3.0,Kinesthetic,2.142857142857143,2.0,1.5,2,1
1.0,3.0,1.0,3.0,Visual,2.142857142857143,4.6,1.5,2,2
1.0,1.0,5.0,3.0,Kinesthetic,1.2857142857142858,2.0,1.5,2,1
1.0,1.0,1.0,3.0,Visual,1.2857142857142858,4.6,1.5,2,2
5.0,5.0,3.6666666666666665,3.0,Visual,4.714285714285714,1.92,1.5,1,2
1.0,5.0,5.0,3.0,Kinesthetic,3.0,2.0,1.5,2,1
1.0,5.0,5.0,3.0,Kinesthetic,3.0,2.0,2.175,2,1
1.0,5.0,1.0,3.0,Visual,3.0,4.6,2.175,2,2
1.0,3.0,5.0,3.0,Kinesthetic,2.142857142857143,2.0,2.175,2,1
1.0,3.0,1.0,3.0,Visual,2.142857142857143,4.6,2.175,2,2
1.0,3.0,5.0,3.0,Kinesthetic,2.142857142857143,1.92,2.175,2,1
1.0,3.0,5.0,3.0,Visual,2.142857142857143,1.64,2.175,2,2
5.0,3.0,2.333333333333333,3.0,Auditory,3.857142857142857,3.9200000000000004,2.175,0,0
5.0,5.0,2.333333333333333,3.0,Auditory,4.714285714285714,3.9200000000000004,1.5,1,0
1.0,5.0,2.333333333333333,3.0,Visual,3.0,1.6,1.5,2,2
5.0,5.0,3.6666666666666665,3.0,Kinesthetic,4.714285714285714,1.8399999999999999,1.5,1,1
1.0,3.0,1.0,3.0,Auditory,2.142857142857143,1.48,1.5,2,0
1.0,5.0,1.0,3.0,Auditory,3.0,1.48,1.5,2,0
1.0,3.0,1.0,3.0,Auditory,2.142857142857143,1.48,2.175,2,0
1.0,3.0,1.0,3.0,Visual,2.142857142857143,2.2,2.175,2,2
5.0,1.0,5.0,3.0,Auditory,3.0,1.48,1.5,0,0
5.0,1.0,3.6666666666666665,3.0,Visual,3.0,4.08,1.5,0,2
5.0,1.0,3.6666666666666665,3.0,Auditory,3.0,4.4799999999999995,2.175,0,0
5.0,3.0,3.6666666666666665,3.0,Auditory,3.857142857142857,4.4799999999999995,1.5,0,0
5.0,3.0,1.0,3.0,Auditory,3.857142857142857,1.48,2.175,0,0
5.0,1.0,5.0,3.0,Visual,3.0,3.88,1.5,0,2
5.0,3.0,1.0,3.0,Auditory,3.857142857142857,1.44,2.175,0,0
1.0,3.0,3.6666666666666665,3.0,Visual,2.142857142857143,1.7600000000000002,2.175,2,2
1.0,5.0,3.6666666666666665,3.0,Visual,3.0,1.7600000000000002,2.175,2,2
1.0,1.0,3.6666666666666665,3.0,Visual,1.2857142857142858,1.7600000000000002,2.175,2,2
5.0,1.0,5.0,3.0,Kinesthetic,3.0,3.8,2.175,0,1
5.0,1.0,3.6666666666666665,3.0,Visual,3.0,4.08,2.175,0,2
1.0,3.0,3.6666666666666665,3.0,Visual,2.142857142857143,1.7600000000000002,1.5,2,2
5.0,3.0,5.0,3.0,Kinesthetic,3.857142857142857,3.8,1.5,0,1
1.0,3.0,5.0,3.0,Auditory,2.142857142857143,1.9600000000000002,1.5,2,0
1.0,3.0,1.0,3.0,Auditory,2.142857142857143,4.6,1.5,2,0
1.0,3.0,5.0,3.0,Auditory,2.142857142857143,1.9600000000000002,2.175,2,0
1.0,3.0,1.0,3.0,Auditory,2.142857142857143,4.6,2.175,2,0
1.0,3.0,5.0,3.0,Auditory,2.142857142857143,4.0,2.175,2,0
1.0,5.0,5.0,3.0,Kinesthetic,3.0,3.8,1.5,2,1
1.0,5.0,5.0,3.0,Auditory,3.0,4.0,1.5,2,0
1.0,3.0,5.0,3.0,Auditory,2.142857142857143,4.0,1.5,2,0
1.0,5.0,1.0,3.0,Kinesthetic,3.0,4.0,2.175,2,1
1.0,5.0,2.333333333333333,3.0,Kinesthetic,3.0,4.5600000000000005,2.175,2,1
1.0,5.0,2.333333333333333,3.0,Visual,3.0,4.4399999999999995,2.175,2,2
5.0,3.0,3.6666666666666665,3.0,Auditory,3.857142857142857,1.8800000000000001,2.175,0,0
5.0,3.0,5.0,3.0,Auditory,3.857142857142857,3.96,2.175,0,0
5.0,5.0,3.6666666666666665,3.0,Auditory,4.714285714285714,1.8800000000000001,2.175,1,0
5.0,5.0,5.0,3.0,Auditory,4.714285714285714,3.96,2.175,1,0
5.0,5.0,3.6666666666666665,3.0,Visual,4.714285714285714,4.6,2.175,1,2
5.0,3.0,3.6666666666666665,3.0,Visual,3.857142857142857,1.6800000000000002,1.5,0,2
5.0,1.0,3.6666666666666665,3.0,Visual,3.0,1.6800000000000002,1.5,0,2
5.0,3.0,3.6666666666666665,3.0,Visual,3.857142857142857,1.6800000000000002,2.175,0,2
5.0,3.0,1.0,3.0,Auditory,3.857142857142857,1.92,1.5,0,0
5.0,5.0,1.0,3.0,Auditory,4.714285714285714,1.72,2.175,1,0
5.0,1.0,3.6666666666666665,3.0,Visual,3.0,2.12,1.5,0,2
1.0,1.0,3.6666666666666665,3.0,Auditory,1.2857142857142858,4.2,1.5,2,0
1.0,3.0,1.0,3.0,Kinesthetic,2.142857142857143,1.8399999999999999,2.175,2,1
1.0,3.0,1.0,3.0,Kinesthetic,2.142857142857143,1.8399999999999999,1.5,2,1
1.0,1.0,1.0,3.0,Kinesthetic,1.2857142857142858,1.8399999999999999,2.175,2,1
1.0,5.0,1.0,3.0,Kinesthetic,3.0,1.8399999999999999,2.175,2,1
1.0,5.0,1.0,3.0,Kinesthetic,3.0,1.8399999999999999,1.5,2,1
5.0,5.0,5.0,3.0,Visual,4.714285714285714,1.4,1.5,1,2
1.0,3.0,5.0,3.0,Auditory,2.142857142857143,1.92,2.175,2,0
5.0,3.0,5.0,3.0,Visual,3.857142857142857,4.08,1.5,0,2
1.0,3.0,5.0,3.0,Auditory,2.142857142857143,1.92,1.5,2,0
5.0,1.0,5.0,3.0,Visual,3.0,4.08,1.5,0,2
1.0,1.0,2.333333333333333,3.0,Kinesthetic,1.2857142857142858,1.7600000000000002,1.5,2,1
1.0,1.0,5.0,3.0,Auditory,1.2857142857142858,1.92,1.5,2,0
1.0,5.0,5.0,3.0,Auditory,3.0,1.92,2.175,2,0
5.0,1.0,3.6666666666666665,3.0,Visual,3.0,3.9200000000000004,2.175,0,2
1.0,1.0,3.6666666666666665,3.0,Visual,1.2857142857142858,4.16,2.175,2,2
5.0,1.0,3.6666666666666665,3.0,Visual,3.0,3.88,2.175,0,2
1.0,3.0,3.6666666666666665,3.0,Visual,2.142857142857143,4.16,1.5,2,2
5.0,3.0,3.6666666666666665,3.0,Visual,3.857142857142857,3.88,1.5,0,2
5.0,3.0,3.6666666666666665,3.0,Visual,3.857142857142857,3.9200000000000004,2.175,0,2
1.0,3.0,3.6666666666666665,3.0,Visual,2.142857142857143,4.16,2.175,2,2
5.0,5.0,3.6666666666666665,3.0,Visual,4.714285714285714,3.9200000000000004,1.5,1,2
1.0,5.0,3.6666666666666665,3.0,Visual,3.0,4.16,1.5,2,2
5.0,5.0,3.6666666666666665,3.0,Kinesthetic,4.714285714285714,1.72,1.5,1,1
5.0,5.0,3.6666666666666665,3.0,Visual,4.714285714285714,3.88,1.5,1,2
1.0,3.0,2.333333333333333,3.0,Kinesthetic,2.142857142857143,1.44,2.175,2,1
1.0,3.0,2.333333333333333,3.0,Kinesthetic,2.142857142857143,1.44,1.5,2,1
1.0,3.0,2.333333333333333,3.0,Kinesthetic,2.142857142857143,3.9200000000000004,2.175,2,1
5.0,3.0,5.0,3.0,Visual,3.857142857142857,3.8,1.5,0,2
5.0,3.0,1.0,3.0,Auditory,3.857142857142857,2.16,1.5,0,0
5.0,1.0,5.0,3.0,Visual,3.0,3.8,2.175,0,2
5.0,1.0,1.0,3.0,Auditory,3.0,2.16,2.175,0,0
5.0,5.0,1.0,3.0,Auditory,4.714285714285714,2.16,1.5,1,0
5.0,5.0,5.0,3.0,Visual,4.714285714285714,3.8,2.175,1,2
1.0,3.0,1.0,3.0,Kinesthetic,2.142857142857143,4.4399999999999995,2.175,2,1
1.0,5.0,1.0,3.0,Kinesthetic,3.0,4.4399999999999995,1.5,2,1
1.0,3.0,1.0,3.0,Kinesthetic,2.142857142857143,4.4399999999999995,1.5,2,1
5.0,1.0,2.333333333333333,3.0,Kinesthetic,3.0,1.8800000000000001,2.175,0,1
1.0,1.0,3.6666666666666665,3.0,Auditory,1.2857142857142858,3.8,2.175,2,0
5.0,5.0,2.333333333333333,3.0,Kinesthetic,4.714285714285714,1.8800000000000001,1.5,1,1
5.0,1.0,2.333333333333333,3.0,Kinesthetic,3.0,1.8800000000000001,1.5,0,1
1.0,1.0,3.6666666666666665,3.0,Auditory,1.2857142857142858,3.8,1.5,2,0
5.0,3.0,3.6666666666666665,3.0,Kinesthetic,3.857142857142857,1.6800000000000002,2.175,0,1
5.0,3.0,3.6666666666666665,3.0,Kinesthetic,3.857142857142857,1.6800000000000002,1.5,0,1
5.0,5.0,3.6666666666666665,3.0,Kinesthetic,4.714285714285714,1.6800000000000002,2.175,1,1
5.0,5.0,3.6666666666666665,3.0,Kinesthetic,4.714285714285714,1.6800000000000002,1.5,1,1
1.0,3.0,1.0,3.0,Kinesthetic,2.142857142857143,4.24,2.175,2,1
1.0,3.0,1.0,3.0,Kinesthetic,2.142857142857143,4.24,1.5,2,1
1.0,5.0,1.0,3.0,Kinesthetic,3.0,4.24,1.5,2,1
1.0,1.0,1.0,3.0,Kinesthetic,1.2857142857142858,4.24,1.5,2,1
1.0,5.0,1.0,3.0,Auditory,3.0,4.4399999999999995,2.175,2,0
5.0,1.0,2.333333333333333,3.0,Visual,3.0,4.16,2.175,0,2
5.0,3.0,2.333333333333333,3.0,Visual,3.857142857142857,4.16,2.175,0,2
5.0,1.0,2.333333333333333,3.0,Kinesthetic,3.0,1.56,1.5,0,1
5.0,1.0,5.0,3.0,Kinesthetic,3.0,4.0,1.5,0,1
5.0,5.0,2.333333333333333,3.0,Kinesthetic,4.714285714285714,1.56,1.5,1,1
5.0,5.0,5.0,3.0,Kinesthetic,4.714285714285714,4.0,1.5,1,1
5.0,1.0,1.0,3.0,Kinesthetic,3.0,4.6,2.175,0,1
5.0,3.0,1.0,3.0,Auditory,3.857142857142857,2.2,2.175,0,0
5.0,3.0,2.333333333333333,3.0,Kinesthetic,3.857142857142857,1.8399999999999999,1.5,0,1
5.0,3.0,2.333333333333333,3.0,Kinesthetic,3.857142857142857,1.8399999999999999,2.175,0,1
5.0,5.0,2.333333333333333,3.0,Kinesthetic,4.714285714285714,1.8399999999999999,2.175,1,1
5.0,1.0,2.333333333333333,3.0,Kinesthetic,3.0,1.8399999999999999,1.5,0,1
5.0,1.0,2.333333333333333,3.0,Kinesthetic,3.0,1.8399999999999999,2.175,0,1
1.0,3.0,5.0,3.0,Auditory,2.142857142857143,2.08,2.175,2,0
1.0,5.0,3.6666666666666665,3.0,Visual,3.0,2.08,2.175,2,2
1.0,5.0,5.0,3.0,Auditory,3.0,2.08,2.175,2,0
5.0,5.0,5.0,3.0,Auditory,4.714285714285714,4.08,1.5,1,0
1.0,5.0,5.0,3.0,Auditory,3.0,2.08,1.5,2,0
5.0,1.0,1.0,3.0,Visual,3.0,4.6,2.175,0,2
5.0,1.0,5.0,3.0,Auditory,3.0,4.08,2.175,0,0
1.0,1.0,5.0,3.0,Auditory,1.2857142857142858,2.08,2.175,2,0
1.0,3.0,3.6666666666666665,3.0,Visual,2.142857142857143,2.08,1.5,2,2
1.0,3.0,5.0,3.0,Auditory,2.142857142857143,2.08,1.5,2,0
5.0,1.0,1.0,3.0,Kinesthetic,3.0,4.5600000000000005,2.175,0,1
5.0,5.0,1.0,3.0,Kinesthetic,4.714285714285714,1.52,2.175,1,1
5.0,5.0,1.0,3.0,Kinesthetic,4.714285714285714,4.5600000000000005,2.175,1,1
5.0,3.0,1.0,3.0,Kinesthetic,3.857142857142857,4.5600000000000005,1.5,0,1
5.0,1.0,1.0,3.0,Kinesthetic,3.0,1.52,1.5,0,1
5.0,1.0,1.0,3.0,Kinesthetic,3.0,4.5600000000000005,1.5,0,1
5.0,5.0,1.0,3.0,Kinesthetic,4.714285714285714,1.52,1.5,1,1
5.0,5.0,1.0,3.0,Kinesthetic,4.714285714285714,4.5600000000000005,1.5,1,1
5.0,1.0,5.0,3.0,Auditory,3.0,2.16,2.175,0,0
1.0,1.0,1.0,3.0,Kinesthetic,1.2857142857142858,1.48,2.175,2,1
5.0,5.0,5.0,3.0,Auditory,4.714285714285714,2.16,2.175,1,0
1.0,5.0,1.0,3.0,Kinesthetic,3.0,1.48,2.175,2,1
5.0,3.0,5.0,3.0,Auditory,3.857142857142857,2.16,1.5,0,0
1.0,3.0,1.0,3.0,Kinesthetic,2.142857142857143,1.48,1.5,2,1
5.0,3.0,5.0,3.0,Auditory,3.857142857142857,2.16,2.175,0,0
1.0,3.0,1.0,3.0,Kinesthetic,2.142857142857143,1.48,2.175,2,1
5.0,5.0,1.0,3.0,Visual,4.714285714285714,1.8800000000000001,2.175,1,2
5.0,3.0,1.0,3.0,Visual,3.857142857142857,1.8800000000000001,2.175,0,2
5.0,5.0,2.333333333333333,3.0,Visual,4.714285714285714,3.84,2.175,1,2
5.0,1.0,2.333333333333333,3.0,Visual,3.0,4.5200000000000005,1.5,0,2
1.0,1.0,3.6666666666666665,3.0,Kinesthetic,1.2857142857142858,4.5600000000000005,1.5,2,1
5.0,1.0,2.333333333333333,3.0,Visual,3.0,4.32,1.5,0,2
5.0,1.0,2.333333333333333,3.0,Visual,3.0,2.04,1.5,0,2
1.0,1.0,3.6666666666666665,3.0,Kinesthetic,1.2857142857142858,4.5600000000000005,2.175,2,1
5.0,1.0,2.333333333333333,3.0,Visual,3.0,2.04,2.175,0,2
5.0,1.0,1.0,3.0,Auditory,3.0,4.4,1.5,0,0
5.0,1.0,1.0,3.0,Auditory,3.0,4.4,2.175,0,0
5.0,1.0,1.0,3.0,Kinesthetic,3.0,1.56,2.175,0,1
1.0,5.0,1.0,3.0,Visual,3.0,4.24,2.175,2,2
1.0,1.0,1.0,3.0,Visual,1.2857142857142858,4.24,2.175,2,2
1.0,3.0,1.0,3.0,Visual,2.142857142857143,4.24,2.175,2,2
1.0,3.0,2.333333333333333,3.0,Auditory,2.142857142857143,1.6800000000000002,1.5,2,0
5.0,5.0,2.333333333333333,3.0,Kinesthetic,4.714285714285714,1.44,2.175,1,1
5.0,1.0,2.333333333333333,3.0,Kinesthetic,3.0,1.44,1.5,0,1
1.0,3.0,3.6666666666666665,3.0,Kinesthetic,2.142857142857143,4.24,1.5,2,1
5.0,5.0,1.0,3.0,Kinesthetic,4.714285714285714,1.8399999999999999,2.175,1,1
1.0,3.0,3.6666666666666665,3.0,Kinesthetic,2.142857142857143,4.5200000000000005,1.5,2,1
1.0,3.0,3.6666666666666665,3.0,Kinesthetic,2.142857142857143,4.5200000000000005,2.175,2,1
1.0,5.0,3.6666666666666665,3.0,Kinesthetic,3.0,4.5200000000000005,1.5,2,1
5.0,1.0,1.0,3.0,Kinesthetic,3.0,3.8,1.5,0,1
5.0,5.0,2.333333333333333,3.0,Visual,4.714285714285714,4.32,1.5,1,2
5.0,3.0,2.333333333333333,3.0,Visual,3.857142857142857,4.32,2.175,0,2
1.0,5.0,3.6666666666666665,3.0,Visual,3.0,4.4799999999999995,1.5,2,2
1.0,5.0,5.0,3.0,Visual,3.0,1.44,1.5,2,2
1.0,1.0,5.0,3.0,Visual,1.2857142857142858,1.44,1.5,2,2
1.0,3.0,5.0,3.0,Visual,2.142857142857143,2.16,2.175,2,2
1.0,3.0,5.0,3.0,Visual,2.142857142857143,2.16,1.5,2,2
1.0,5.0,5.0,3.0,Visual,3.0,2.16,2.175,2,2
5.0,3.0,2.333333333333333,3.0,Visual,3.857142857142857,4.2,2.175,0,2
5.0,1.0,5.0,3.0,Visual,3.0,3.9200000000000004,2.175,0,2
5.0,1.0,1.0,3.0,Auditory,3.0,4.36,2.175,0,0
5.0,3.0,2.333333333333333,3.0,Visual,3.857142857142857,4.2,1.5,0,2
5.0,3.0,5.0,3.0,Visual,3.857142857142857,3.9200000000000004,1.5,0,2
5.0,5.0,5.0,3.0,Kinesthetic,4.714285714285714,4.16,1.5,1,1
5.0,1.0,3.6666666666666665,3.0,Kinesthetic,3.0,1.8800000000000001,2.175,0,1
5.0,5.0,3.6666666666666665,3.0,Auditory,4.714285714285714,4.4399999999999995,2.175,1,0
1.0,1.0,1.0,3.0,Auditory,1.2857142857142858,4.279999999999999,2.175,2,0
5.0,3.0,2.333333333333333,3.0,Kinesthetic,3.857142857142857,1.8,2.175,0,1
5.0,3.0,2.333333333333333,3.0,Kinesthetic,3.857142857142857,1.8,1.5,0,1
1.0,3.0,5.0,3.0,Kinesthetic,2.142857142857143,3.9200000000000004,2.175,2,1
1.0,1.0,5.0,3.0,Kinesthetic,1.2857142857142858,3.9200000000000004,1.5,2,1
1.0,3.0,3.6666666666666665,3.0,Visual,2.142857142857143,4.04,2.175,2,2
1.0,1.0,3.6666666666666665,3.0,Visual,1.2857142857142858,4.04,2.175,2,2
1.0,1.0,1.0,3.0,Auditory,1.2857142857142858,4.5200000000000005,2.175,2,0
1.0,1.0,3.6666666666666665,3.0,Visual,1.2857142857142858,4.04,1.5,2,2
1.0,3.0,2.333333333333333,3.0,Visual,2.142857142857143,3.96,1.5,2,2
1.0,3.0,5.0,3.0,Visual,2.142857142857143,1.64,1.5,2,2
5.0,1.0,2.333333333333333,3.0,Visual,3.0,1.56,1.5,0,2
1.0,1.0,2.333333333333333,3.0,Auditory,1.2857142857142858,1.44,1.5,2,0
1.0,3.0,2.333333333333333,3.0,Auditory,2.142857142857143,4.5600000000000005,2.175,2,0
5.0,5.0,2.333333333333333,3.0,Visual,4.714285714285714,1.56,2.175,1,2
1.0,5.0,2.333333333333333,3.0,Auditory,3.0,4.5600000000000005,2.175,2,0
1.0,5.0,2.333333333333333,3.0,Auditory,3.0,1.44,2.175,2,0
1.0,5.0,2.333333333333333,3.0,Auditory,3.0,4.5600000000000005,1.5,2,0
1.0,5.0,2.333333333333333,3.0,Auditory,3.0,1.44,1.5,2,0
1.0,3.0,1.0,3.0,Auditory,2.142857142857143,1.56,1.5,2,0
1.0,3.0,3.6666666666666665,3.0,Kinesthetic,2.142857142857143,3.96,1.5,2,1
1.0,3.0,1.0,3.0,Auditory,2.142857142857143,1.56,2.175,2,0
1.0,5.0,2.333333333333333,3.0,Kinesthetic,3.0,1.6,1.5,2,1
5.0,3.0,3.6666666666666665,3.0,Kinesthetic,3.857142857142857,2.0,2.175,0,1
5.0,3.0,2.333333333333333,3.0,Auditory,3.857142857142857,1.7600000000000002,2.175,0,0
1.0,1.0,3.6666666666666665,3.0,Auditory,1.2857142857142858,4.12,1.5,2,0
5.0,1.0,5.0,3.0,Visual,3.0,1.8,1.5,0,2
1.0,5.0,3.6666666666666665,3.0,Auditory,3.0,4.12,2.175,2,0
5.0,5.0,5.0,3.0,Visual,4.714285714285714,1.8,2.175,1,2
5.0,5.0,3.6666666666666665,3.0,Auditory,4.714285714285714,4.24,2.175,1,0
1.0,3.0,3.6666666666666665,3.0,Auditory,2.142857142857143,4.12,2.175,2,0
5.0,3.0,5.0,3.0,Visual,3.857142857142857,1.8,2.175,0,2
1.0,3.0,5.0,3.0,Auditory,2.142857142857143,2.04,1.5,2,0
1.0,1.0,5.0,3.0,Auditory,1.2857142857142858,2.04,1.5,2,0
1.0,5.0,5.0,3.0,Auditory,3.0,2.04,2.175,2,0
5.0,5.0,2.333333333333333,3.0,Auditory,4.714285714285714,1.8800000000000001,2.175,1,0
5.0,5.0,1.0,3.0,Visual,4.714285714285714,1.44,2.175,1,2
5.0,5.0,1.0,3.0,Visual,4.714285714285714,1.56,2.175,1,2
5.0,1.0,1.0,3.0,Visual,3.0,1.56,1.5,0,2
5.0,1.0,1.0,3.0,Visual,3.0,1.56,2.175,0,2
5.0,3.0,1.0,3.0,Visual,3.857142857142857,1.56,2.175,0,2
1.0,1.0,2.333333333333333,3.0,Auditory,1.2857142857142858,2.08,2.175,2,0
1.0,3.0,2.333333333333333,3.0,Auditory,2.142857142857143,2.08,1.5,2,0
1.0,3.0,2.333333333333333,3.0,Auditory,2.142857142857143,2.08,2.175,2,0
1.0,5.0,2.333333333333333,3.0,Auditory,3.0,2.08,1.5,2,0
5.0,5.0,5.0,3.0,Auditory,4.714285714285714,4.5600000000000005,1.5,1,0
5.0,5.0,5.0,3.0,Kinesthetic,4.714285714285714,1.4,1.5,1,1
5.0,1.0,5.0,3.0,Kinesthetic,3.0,1.4,2.175,0,1
5.0,5.0,2.333333333333333,3.0,Auditory,4.714285714285714,4.279999999999999,2.175,1,0
5.0,1.0,2.333333333333333,3.0,Auditory,3.0,4.279999999999999,1.5,0,0
1.0,5.0,1.0,3.0,Kinesthetic,3.0,4.12,1.5,2,1
1.0,5.0,1.0,3.0,Kinesthetic,3.0,4.12,2.175,2,1
1.0,3.0,1.0,3.0,Kinesthetic,2.142857142857143,4.12,2.175,2,1
5.0,3.0,3.6666666666666665,3.0,Kinesthetic,3.857142857142857,1.92,2.175,0,1
1.0,1.0,1.0,3.0,Kinesthetic,1.2857142857142858,4.12,2.175,2,1
1.0,1.0,1.0,3.0,Kinesthetic,1.2857142857142858,4.12,1.5,2,1
5.0,3.0,2.333333333333333,3.0,Auditory,3.857142857142857,1.7600000000000002,1.5,0,0
5.0,1.0,2.333333333333333,3.0,Auditory,3.0,1.7600000000000002,1.5,0,0
5.0,3.0,3.6666666666666665,3.0,Visual,3.857142857142857,1.4,1.5,0,2
5.0,5.0,3.6666666666666665,3.0,Visual,4.714285714285714,1.4,2.175,1,2
5.0,1.0,3.6666666666666665,3.0,Visual,3.0,1.4,1.5,0,2
1.0,3.0,2.333333333333333,3.0,Kinesthetic,2.142857142857143,3.96,2.175,2,1
1.0,3.0,5.0,3.0,Kinesthetic,2.142857142857143,1.6,2.175,2,1
5.0,1.0,1.0,3.0,Kinesthetic,3.0,4.08,2.175,0,1
5.0,5.0,1.0,3.0,Kinesthetic,4.714285714285714,4.08,1.5,1,1
5.0,3.0,1.0,3.0,Kinesthetic,3.857142857142857,4.08,1.5,0,1
5.0,3.0,1.0,3.0,Kinesthetic,3.857142857142857,1.9600000000000002,1.5,0,1
5.0,3.0,2.333333333333333,3.0,Kinesthetic,3.857142857142857,2.08,1.5,0,1
5.0,3.0,1.0,3.0,Kinesthetic,3.857142857142857,1.9600000000000002,2.175,0,1
5.0,5.0,5.0,3.0,Visual,4.714285714285714,1.6800000000000002,1.5,1,2
5.0,5.0,2.333333333333333,3.0,Visual,4.714285714285714,2.12,1.5,1,2
5.0,3.0,5.0,3.0,Visual,3.857142857142857,1.6800000000000002,2.175,0,2
5.0,3.0,2.333333333333333,3.0,Visual,3.857142857142857,2.12,2.175,0,2
5.0,3.0,5.0,3.0,Visual,3.857142857142857,1.6800000000000002,1.5,0,2
5.0,3.0,2.333333333333333,3.0,Visual,3.857142857142857,2.12,1.5,0,2
5.0,1.0,5.0,3.0,Visual,3.0,1.6800000000000002,2.175,0,2
5.0,1.0,2.333333333333333,3.0,Visual,3.0,2.12,2.175,0,2
5.0,1.0,5.0,3.0,Visual,3.0,1.56,1.5,0,2
5.0,3.0,2.333333333333333,3.0,Auditory,3.857142857142857,1.64,1.5,0,0
1.0,3.0,3.6666666666666665,3.0,Kinesthetic,2.142857142857143,4.24,2.175,2,1
1.0,5.0,3.6666666666666665,3.0,Kinesthetic,3.0,4.24,2.175,2,1
1.0,1.0,3.6666666666666665,3.0,Kinesthetic,1.2857142857142858,4.24,1.5,2,1
5.0,5.0,2.333333333333333,3.0,Kinesthetic,4.714285714285714,1.8399999999999999,1.5,1,1
5.0,5.0,3.6666666666666665,3.0,Visual,4.714285714285714,1.44,1.5,1,2
1.0,5.0,5.0,3.0,Visual,3.0,1.92,1.5,2,2
5.0,3.0,3.6666666666666665,3.0,Auditory,3.857142857142857,1.6,2.175,0,0
5.0,3.0,2.333333333333333,3.0,Kinesthetic,3.857142857142857,4.4399999999999995,1.5,0,1
5.0,3.0,5.0,3.0,Visual,3.857142857142857,4.32,1.5,0,2
1.0,3.0,3.6666666666666665,3.0,Visual,2.142857142857143,4.0,1.5,2,2
1.0,1.0,3.6666666666666665,3.0,Visual,1.2857142857142858,4.0,2.175,2,2
1.0,5.0,3.6666666666666665,3.0,Visual,3.0,4.0,1.5,2,2
5.0,3.0,5.0,3.0,Kinesthetic,3.857142857142857,3.9200000000000004,1.5,0,1
5.0,1.0,2.333333333333333,3.0,Kinesthetic,3.0,4.279999999999999,1.5,0,1
5.0,1.0,3.6666666666666665,3.0,Visual,3.0,1.8399999999999999,1.5,0,2
5.0,1.0,5.0,3.0,Kinesthetic,3.0,3.8,1.5,0,1
5.0,1.0,1.0,3.0,Kinesthetic,3.0,4.4,2.175,0,1
1.0,3.0,2.333333333333333,3.0,Visual,2.142857142857143,1.72,1.5,2,2
1.0,5.0,2.333333333333333,3.0,Visual,3.0,1.72,1.5,2,2
5.0,5.0,3.6666666666666665,3.0,Visual,4.714285714285714,4.4799999999999995,1.5,1,2
1.0,3.0,2.333333333333333,3.0,Visual,2.142857142857143,1.72,2.175,2,2
1.0,3.0,5.0,3.0,Auditory,2.142857142857143,4.4,2.175,2,0
5.0,3.0,3.6666666666666665,3.0,Visual,3.857142857142857,1.6,1.5,0,2
5.0,3.0,2.333333333333333,3.0,Auditory,3.857142857142857,4.0,1.5,0,0
5.0,3.0,3.6666666666666665,3.0,Visual,3.857142857142857,1.6,2.175,0,2
5.0,3.0,2.333333333333333,3.0,Auditory,3.857142857142857,4.0,2.175,0,0
1.0,5.0,1.0,3.0,Kinesthetic,3.0,3.88,1.5,2,1
1.0,5.0,1.0,3.0,Kinesthetic,3.0,3.88,2.175,2,1
1.0,3.0,1.0,3.0,Kinesthetic,2.142857142857143,3.88,1.5,2,1
5.0,5.0,5.0,3.0,Auditory,4.714285714285714,3.8,2.175,1,0
1.0,3.0,2.333333333333333,3.0,Auditory,2.142857142857143,1.64,1.5,2,0
1.0,1.0,2.333333333333333,3.0,Auditory,1.2857142857142858,1.64,2.175,2,0
1.0,1.0,5.0,3.0,Auditory,1.2857142857142858,3.8,2.175,2,0
1.0,5.0,2.333333333333333,3.0,Auditory,3.0,1.64,2.175,2,0
5.0,1.0,3.6666666666666665,3.0,Auditory,3.0,3.8,1.5,0,0
1.0,1.0,5.0,3.0,Auditory,1.2857142857142858,4.16,1.5,2,0
5.0,1.0,1.0,3.0,Kinesthetic,3.0,1.8399999999999999,1.5,0,1
1.0,3.0,1.0,3.0,Auditory,2.142857142857143,4.16,2.175,2,0
5.0,3.0,2.333333333333333,3.0,Auditory,3.857142857142857,4.12,2.175,0,0
1.0,1.0,1.0,3.0,Auditory,1.2857142857142858,4.16,1.5,2,0
5.0,1.0,2.333333333333333,3.0,Kinesthetic,3.0,2.08,1.5,0,1
5.0,1.0,3.6666666666666665,3.0,Visual,3.0,4.5200000000000005,1.5,0,2
5.0,1.0,2.333333333333333,3.0,Auditory,3.0,4.12,1.5,0,0
5.0,1.0,3.6666666666666665,3.0,Auditory,3.0,1.92,1.5,0,0
1.0,3.0,1.0,3.0,Auditory,2.142857142857143,4.16,1.5,2,0
1.0,5.0,1.0,3.0,Auditory,3.0,4.16,2.175,2,0
5.0,5.0,2.333333333333333,3.0,Auditory,4.714285714285714,4.12,2.175,1,0
5.0,5.0,2.333333333333333,3.0,Auditory,4.714285714285714,1.7600000000000002,2.175,1,0
5.0,1.0,2.333333333333333,3.0,Auditory,3.0,1.7600000000000002,2.175,0,0
5.0,5.0,2.333333333333333,3.0,Auditory,4.714285714285714,1.7600000000000002,1.5,1,0
1.0,5.0,1.0,3.0,Visual,3.0,1.9600000000000002,2.175,2,2
5.0,3.0,5.0,3.0,Auditory,3.857142857142857,1.6,2.175,0,0
5.0,3.0,1.0,3.0,Visual,3.857142857142857,2.0,2.175,0,2
1.0,3.0,2.333333333333333,3.0,Auditory,2.142857142857143,4.4799999999999995,2.175,2,0
1.0,1.0,2.333333333333333,3.0,Auditory,1.2857142857142858,4.4799999999999995,2.175,2,0
1.0,5.0,2.333333333333333,3.0,Auditory,3.0,4.4799999999999995,1.5,2,0
1.0,1.0,2.333333333333333,3.0,Auditory,1.2857142857142858,4.4799999999999995,1.5,2,0
5.0,5.0,5.0,3.0,Visual,4.714285714285714,4.4799999999999995,2.175,1,2
1.0,5.0,5.0,3.0,Visual,3.0,1.6800000000000002,2.175,2,2
1.0,5.0,2.333333333333333,3.0,Visual,3.0,4.5200000000000005,2.175,2,2
5.0,1.0,5.0,3.0,Visual,3.0,4.4799999999999995,2.175,0,2
1.0,1.0,2.333333333333333,3.0,Visual,1.2857142857142858,4.5200000000000005,2.175,2,2
5.0,5.0,3.6666666666666665,3.0,Visual,4.714285714285714,1.44,2.175,1,2
5.0,5.0,5.0,3.0,Visual,4.714285714285714,1.92,2.175,1,2
5.0,5.0,5.0,3.0,Auditory,4.714285714285714,1.64,2.175,1,0
5.0,1.0,1.0,3.0,Auditory,3.0,4.6,1.5,0,0
5.0,3.0,2.333333333333333,3.0,Visual,3.857142857142857,1.4,2.175,0,2
5.0,3.0,5.0,3.0,Visual,3.857142857142857,4.4799999999999995,1.5,0,2
5.0,1.0,5.0,3.0,Kinesthetic,3.0,1.8,1.5,0,1
5.0,1.0,5.0,3.0,Visual,3.0,4.4799999999999995,1.5,0,2
5.0,5.0,5.0,3.0,Kinesthetic,4.714285714285714,1.8,2.175,1,1
5.0,3.0,5.0,3.0,Kinesthetic,3.857142857142857,1.8,2.175,0,1
5.0,3.0,5.0,3.0,Visual,3.857142857142857,4.4799999999999995,2.175,0,2
1.0,3.0,3.6666666666666665,3.0,Kinesthetic,2.142857142857143,1.4,2.175,2,1
5.0,5.0,1.0,3.0,Visual,4.714285714285714,1.56,1.5,1,2
5.0,3.0,5.0,3.0,Visual,3.857142857142857,1.44,2.175,0,2
1.0,3.0,5.0,3.0,Auditory,2.142857142857143,4.12,1.5,2,0
5.0,3.0,5.0,3.0,Visual,3.857142857142857,1.44,1.5,0,2
1.0,5.0,5.0,3.0,Auditory,3.0,4.12,2.175,2,0
5.0,5.0,5.0,3.0,Visual,4.714285714285714,1.44,2.175,1,2
1.0,1.0,5.0,3.0,Auditory,1.2857142857142858,4.12,2.175,2,0
5.0,1.0,5.0,3.0,Visual,3.0,1.44,2.175,0,2
5.0,5.0,5.0,3.0,Kinesthetic,4.714285714285714,4.36,1.5,1,1
5.0,1.0,3.6666666666666665,3.0,Auditory,3.0,1.8,1.5,0,0
5.0,5.0,3.6666666666666665,3.0,Auditory,4.714285714285714,1.8,2.175,1,0
5.0,5.0,3.6666666666666665,3.0,Auditory,4.714285714285714,1.8,1.5,1,0
5.0,3.0,5.0,3.0,Visual,3.857142857142857,1.72,2.175,0,2
5.0,5.0,5.0,3.0,Visual,4.714285714285714,1.72,2.175,1,2
5.0,3.0,5.0,3.0,Visual,3.857142857142857,1.72,1.5,0,2
5.0,5.0,2.333333333333333,3.0,Visual,4.714285714285714,4.0,2.175,1,2
1.0,5.0,3.6666666666666665,3.0,Auditory,3.0,4.16,2.175,2,0
1.0,5.0,1.0,3.0,Visual,3.0,3.88,2.175,2,2
1.0,3.0,5.0,3.0,Visual,2.142857142857143,3.8,1.5,2,2
5.0,5.0,5.0,3.0,Auditory,4.714285714285714,1.6800000000000002,2.175,1,0
5.0,3.0,5.0,3.0,Auditory,3.857142857142857,1.6800000000000002,1.5,0,0
5.0,1.0,5.0,3.0,Visual,3.0,1.72,2.175,0,2
5.0,5.0,5.0,3.0,Kinesthetic,4.714285714285714,4.2,1.5,1,1
1.0,3.0,3.6666666666666665,3.0,Auditory,2.142857142857143,4.4799999999999995,2.175,2,0
1.0,1.0,3.6666666666666665,3.0,Auditory,1.2857142857142858,4.4799999999999995,2.175,2,0
5.0,1.0,3.6666666666666665,3.0,Kinesthetic,3.0,4.4,2.175,0,1
1.0,3.0,1.0,3.0,Visual,2.142857142857143,4.12,2.175,2,2
1.0,3.0,3.6666666666666665,3.0,Auditory,2.142857142857143,4.04,1.5,2,0
5.0,3.0,2.333333333333333,3.0,Auditory,3.857142857142857,3.88,2.175,0,0
1.0,3.0,3.6666666666666665,3.0,Kinesthetic,2.142857142857143,4.32,2.175,2,1
1.0,5.0,3.6666666666666665,3.0,Kinesthetic,3.0,4.32,2.175,2,1
5.0,3.0,2.333333333333333,3.0,Auditory,3.857142857142857,3.88,1.5,0,0
1.0,3.0,3.6666666666666665,3.0,Kinesthetic,2.142857142857143,4.32,1.5,2,1
5.0,1.0,2.333333333333333,3.0,Visual,3.0,1.52,1.5,0,2
5.0,5.0,3.6666666666666665,3.0,Auditory,4.714285714285714,3.84,1.5,1,0
1.0,3.0,1.0,3.0,Auditory,2.142857142857143,2.08,1.5,2,0
1.0,3.0,2.333333333333333,3.0,Auditory,2.142857142857143,4.16,1.5,2,0
1.0,3.0,1.0,3.0,Auditory,2.142857142857143,2.08,2.175,2,0
1.0,3.0,2.333333333333333,3.0,Auditory,2.142857142857143,4.16,2.175,2,0
1.0,3.0,3.6666666666666665,3.0,Auditory,2.142857142857143,1.4,1.5,2,0
1.0,5.0,3.6666666666666665,3.0,Auditory,3.0,1.4,2.175,2,0
5.0,1.0,1.0,3.0,Visual,3.0,1.7600000000000002,1.5,0,2
5.0,3.0,2.333333333333333,3.0,Visual,3.857142857142857,3.8,1.5,0,2
5.0,3.0,1.0,3.0,Visual,3.857142857142857,1.7600000000000002,1.5,0,2
1.0,1.0,1.0,3.0,Kinesthetic,1.2857142857142858,3.96,2.175,2,1
1.0,3.0,5.0,3.0,Kinesthetic,2.142857142857143,4.4799999999999995,2.175,2,1
5.0,3.0,1.0,3.0,Auditory,3.857142857142857,1.8399999999999999,2.175,0,0
1.0,1.0,5.0,3.0,Kinesthetic,1.2857142857142858,4.4799999999999995,2.175,2,1
5.0,1.0,1.0,3.0,Auditory,3.0,1.8399999999999999,2.175,0,0
1.0,3.0,5.0,3.0,Kinesthetic,2.142857142857143,4.4799999999999995,1.5,2,1
5.0,3.0,1.0,3.0,Auditory,3.857142857142857,1.8399999999999999,1.5,0,0
5.0,5.0,3.6666666666666665,3.0,Visual,4.714285714285714,2.12,1.5,1,2
5.0,1.0,1.0,3.0,Visual,3.0,4.04,1.5,0,2
5.0,5.0,1.0,3.0,Kinesthetic,4.714285714285714,4.36,1.5,1,1
5.0,3.0,5.0,3.0,Kinesthetic,3.857142857142857,1.8800000000000001,1.5,0,1
1.0,3.0,3.6666666666666665,3.0,Auditory,2.142857142857143,2.12,2.175,2,0
1.0,3.0,3.6666666666666665,3.0,Auditory,2.142857142857143,3.96,2.175,2,0
1.0,1.0,3.6666666666666665,3.0,Auditory,1.2857142857142858,2.12,1.5,2,0
1.0,1.0,3.6666666666666665,3.0,Auditory,1.2857142857142858,3.96,1.5,2,0
1.0,3.0,3.6666666666666665,3.0,Auditory,2.142857142857143,2.12,1.5,2,0
1.0,3.0,3.6666666666666665,3.0,Auditory,2.142857142857143,3.96,1.5,2,0
1.0,3.0,1.0,3.0,Auditory,2.142857142857143,3.84,1.5,2,0
1.0,5.0,1.0,3.0,Kinesthetic,3.0,1.7600000000000002,1.5,2,1
1.0,1.0,1.0,3.0,Kinesthetic,1.2857142857142858,1.7600000000000002,2.175,2,1
5.0,3.0,5.0,3.0,Visual,3.857142857142857,3.96,1.5,0,2
5.0,5.0,2.333333333333333,3.0,Kinesthetic,4.714285714285714,4.279999999999999,1.5,1,1
1.0,3.0,2.333333333333333,3.0,Kinesthetic,2.142857142857143,4.04,2.175,2,1
1.0,5.0,2.333333333333333,3.0,Kinesthetic,3.0,4.04,1.5,2,1
1.0,5.0,5.0,3.0,Kinesthetic,3.0,4.0,2.175,2,1
5.0,1.0,5.0,3.0,Visual,3.0,4.5200000000000005,2.175,0,2
1.0,3.0,2.333333333333333,3.0,Visual,2.142857142857143,4.12,1.5,2,2
5.0,1.0,2.333333333333333,3.0,Visual,3.0,4.0,2.175,0,2
1.0,3.0,5.0,3.0,Kinesthetic,2.142857142857143,1.44,2.175,2,1
1.0,1.0,5.0,3.0,Visual,1.2857142857142858,3.8,2.175,2,2
5.0,1.0,3.6666666666666665,3.0,Auditory,3.0,1.72,2.175,0,0
1.0,1.0,5.0,3.0,Kinesthetic,1.2857142857142858,1.44,2.175,2,1
1.0,3.0,5.0,3.0,Kinesthetic,2.142857142857143,1.44,1.5,2,1
1.0,5.0,2.333333333333333,3.0,Visual,3.0,2.04,2.175,2,2
5.0,5.0,5.0,3.0,Kinesthetic,4.714285714285714,4.2,2.175,1,1
1.0,5.0,5.0,3.0,Visual,3.0,4.279999999999999,2.175,2,2
5.0,3.0,5.0,3.0,Kinesthetic,3.857142857142857,1.92,2.175,0,1
5.0,1.0,5.0,3.0,Kinesthetic,3.0,1.92,2.175,0,1
5.0,1.0,3.6666666666666665,3.0,Auditory,3.0,3.9200000000000004,2.175,0,0
5.0,5.0,5.0,3.0,Kinesthetic,4.714285714285714,1.92,2.175,1,1
5.0,5.0,2.333333333333333,3.0,Kinesthetic,4.714285714285714,4.5600000000000005,1.5,1,1
1.0,3.0,2.333333333333333,3.0,Kinesthetic,2.142857142857143,1.52,2.175,2,1
1.0,3.0,5.0,3.0,Visual,2.142857142857143,4.2,2.175,2,2
1.0,1.0,2.333333333333333,3.0,Kinesthetic,1.2857142857142858,1.52,2.175,2,1
1.0,1.0,5.0,3.0,Visual,1.2857142857142858,4.2,2.175,2,2
5.0,5.0,5.0,3.0,Auditory,4.714285714285714,1.6,2.175,1,0
1.0,3.0,3.6666666666666665,3.0,Kinesthetic,2.142857142857143,4.12,1.5,2,1
1.0,5.0,3.6666666666666665,3.0,Kinesthetic,3.0,4.12,2.175,2,1
1.0,5.0,2.333333333333333,3.0,Kinesthetic,3.0,1.52,2.175,2,1
1.0,1.0,2.333333333333333,3.0,Kinesthetic,1.2857142857142858,1.52,1.5,2,1
5.0,3.0,3.6666666666666665,3.0,Auditory,3.857142857142857,2.0,2.175,0,0
5.0,3.0,3.6666666666666665,3.0,Auditory,3.857142857142857,2.0,1.5,0,0
1.0,5.0,5.0,3.0,Auditory,3.0,4.2,1.5,2,0
5.0,5.0,1.0,3.0,Kinesthetic,4.714285714285714,4.32,2.175,1,1
1.0,3.0,5.0,3.0,Kinesthetic,2.142857142857143,4.6,1.5,2,1
1.0,3.0,2.333333333333333,3.0,Visual,2.142857142857143,1.4,1.5,2,2
5.0,3.0,2.333333333333333,3.0,Kinesthetic,3.857142857142857,1.44,1.5,0,1
1.0,5.0,3.6666666666666665,3.0,Kinesthetic,3.0,1.9600000000000002,2.175,2,1
1.0,3.0,3.6666666666666665,3.0,Kinesthetic,2.142857142857143,1.9600000000000002,2.175,2,1
1.0,3.0,3.6666666666666665,3.0,Visual,2.142857142857143,2.2,2.175,2,2
1.0,5.0,3.6666666666666665,3.0,Visual,3.0,2.2,1.5,2,2
5.0,3.0,2.333333333333333,3.0,Kinesthetic,3.857142857142857,1.92,2.175,0,1
5.0,5.0,2.333333333333333,3.0,Kinesthetic,4.714285714285714,1.92,2.175,1,1
5.0,1.0,2.333333333333333,3.0,Kinesthetic,3.0,3.96,1.5,0,1
5.0,1.0,2.333333333333333,3.0,Kinesthetic,3.0,1.92,1.5,0,1
5.0,3.0,2.333333333333333,3.0,Kinesthetic,3.857142857142857,1.92,1.5,0,1
5.0,3.0,3.6666666666666665,3.0,Auditory,3.857142857142857,4.16,1.5,0,0
1.0,5.0,5.0,3.0,Auditory,3.0,3.88,2.175,2,0
1.0,3.0,5.0,3.0,Auditory,2.142857142857143,3.88,2.175,2,0
1.0,1.0,5.0,3.0,Auditory,1.2857142857142858,3.88,1.5,2,0
5.0,1.0,3.6666666666666665,3.0,Auditory,3.0,1.7600000000000002,1.5,0,0
1.0,1.0,2.333333333333333,3.0,Auditory,1.2857142857142858,3.88,1.5,2,0
5.0,1.0,1.0,3.0,Auditory,3.0,1.92,1.5,0,0
1.0,1.0,1.0,3.0,Visual,1.2857142857142858,1.4,1.5,2,2
1.0,5.0,1.0,3.0,Visual,3.0,1.4,1.5,2,2
5.0,1.0,2.333333333333333,3.0,Auditory,3.0,4.08,2.175,0,0
1.0,1.0,3.6666666666666665,3.0,Visual,1.2857142857142858,1.72,1.5,2,2
5.0,1.0,1.0,3.0,Auditory,3.0,4.2,1.5,0,0
1.0,5.0,3.6666666666666665,3.0,Visual,3.0,1.72,1.5,2,2
1.0,5.0,3.6666666666666665,3.0,Visual,3.0,1.72,2.175,2,2
5.0,5.0,1.0,3.0,Auditory,4.714285714285714,4.2,2.175,1,0
5.0,5.0,5.0,3.0,Visual,4.714285714285714,4.4799999999999995,1.5,1,2
5.0,5.0,1.0,3.0,Auditory,4.714285714285714,4.12,2.175,1,0
5.0,1.0,5.0,3.0,Auditory,3.0,4.279999999999999,2.175,0,0
5.0,3.0,1.0,3.0,Kinesthetic,3.857142857142857,1.8800000000000001,2.175,0,1
5.0,1.0,1.0,3.0,Kinesthetic,3.0,1.8800000000000001,2.175,0,1
5.0,5.0,3.6666666666666665,3.0,Kinesthetic,4.714285714285714,4.24,2.175,1,1
5.0,1.0,5.0,3.0,Auditory,3.0,1.8800000000000001,2.175,0,0
1.0,3.0,3.6666666666666665,3.0,Kinesthetic,2.142857142857143,1.9600000000000002,1.5,2,1
5.0,1.0,3.6666666666666665,3.0,Visual,3.0,1.7600000000000002,2.175,0,2
5.0,5.0,3.6666666666666665,3.0,Auditory,4.714285714285714,2.16,2.175,1,0
1.0,5.0,1.0,3.0,Kinesthetic,3.0,1.44,2.175,2,1
5.0,5.0,3.6666666666666665,3.0,Auditory,4.714285714285714,2.16,1.5,1,0
1.0,5.0,1.0,3.0,Kinesthetic,3.0,1.44,1.5,2,1
1.0,5.0,5.0,3.0,Visual,3.0,4.0,2.175,2,2
5.0,5.0,2.333333333333333,3.0,Kinesthetic,4.714285714285714,1.6,2.175,1,1
5.0,5.0,3.6666666666666665,3.0,Visual,4.714285714285714,4.2,2.175,1,2
5.0,5.0,5.0,3.0,Kinesthetic,4.714285714285714,1.8800000000000001,2.175,1,1
1.0,5.0,5.0,3.0,Kinesthetic,3.0,4.4799999999999995,1.5,2,1
1.0,5.0,5.0,3.0,Kinesthetic,3.0,4.4799999999999995,2.175,2,1
5.0,5.0,5.0,3.0,Auditory,4.714285714285714,4.4799999999999995,2.175,1,0
1.0,1.0,5.0,3.0,Kinesthetic,1.2857142857142858,3.8,2.175,2,1
5.0,1.0,3.6666666666666665,3.0,Kinesthetic,3.0,4.12,2.175,0,1
5.0,5.0,5.0,3.0,Auditory,4.714285714285714,1.8800000000000001,2.175,1,0
5.0,3.0,3.6666666666666665,3.0,Kinesthetic,3.857142857142857,1.56,2.175,0,1
5.0,1.0,3.6666666666666665,3.0,Kinesthetic,3.0,1.56,1.5,0,1
5.0,1.0,1.0,3.0,Visual,3.0,2.08,1.5,0,2
5.0,3.0,2.333333333333333,3.0,Kinesthetic,3.857142857142857,2.16,2.175,0,1
5.0,5.0,1.0,3.0,Auditory,4.714285714285714,2.12,1.5,1,0
5.0,5.0,2.333333333333333,3.0,Kinesthetic,4.714285714285714,2.16,1.5,1,1
5.0,5.0,1.0,3.0,Visual,4.714285714285714,1.8,1.5,1,2
5.0,1.0,5.0,3.0,Visual,3.0,2.04,1.5,0,2
5.0,1.0,1.0,3.0,Auditory,3.0,2.12,1.5,0,0
5.0,1.0,2.333333333333333,3.0,Kinesthetic,3.0,2.16,1.5,0,1
5.0,3.0,2.333333333333333,3.0,Visual,3.857142857142857,2.2,1.5,0,2
5.0,3.0,1.0,3.0,Visual,3.857142857142857,4.279999999999999,1.5,0,2
5.0,3.0,1.0,3.0,Kinesthetic,3.857142857142857,3.84,1.5,0,1
1.0,5.0,5.0,3.0,Auditory,3.0,3.88,1.5,2,0
1.0,3.0,5.0,3.0,Auditory,2.142857142857143,3.88,1.5,2,0
5.0,1.0,1.0,3.0,Auditory,3.0,2.2,1.5,0,0
5.0,5.0,2.333333333333333,3.0,Kinesthetic,4.714285714285714,1.92,1.5,1,1
5.0,1.0,2.333333333333333,3.0,Kinesthetic,3.0,1.92,2.175,0,1
1.0,5.0,3.6666666666666665,3.0,Auditory,3.0,4.4399999999999995,2.175,2,0
5.0,3.0,1.0,3.0,Auditory,3.857142857142857,3.96,2.175,0,0
1.0,1.0,1.0,3.0,Auditory,1.2857142857142858,3.96,2.175,2,0
1.0,3.0,1.0,3.0,Auditory,2.142857142857143,3.96,1.5,2,0
1.0,3.0,1.0,3.0,Auditory,2.142857142857143,3.96,2.175,2,0
5.0,3.0,2.333333333333333,3.0,Auditory,3.857142857142857,4.4799999999999995,1.5,0,0
5.0,1.0,5.0,3.0,Kinesthetic,3.0,4.12,1.5,0,1
5.0,1.0,2.333333333333333,3.0,Auditory,3.0,4.4799999999999995,1.5,0,0
5.0,3.0,2.333333333333333,3.0,Auditory,3.857142857142857,4.4799999999999995,2.175,0,0
5.0,3.0,5.0,3.0,Visual,3.857142857142857,4.279999999999999,2.175,0,2
5.0,5.0,5.0,3.0,Auditory,4.714285714285714,1.64,1.5,1,0
5.0,3.0,5.0,3.0,Auditory,3.857142857142857,1.64,2.175,0,0
5.0,1.0,5.0,3.0,Auditory,3.0,1.64,1.5,0,0
1.0,3.0,5.0,3.0,Kinesthetic,2.142857142857143,1.7600000000000002,2.175,2,1
1.0,1.0,5.0,3.0,Kinesthetic,1.2857142857142858,1.7600000000000002,1.5,2,1
1.0,5.0,5.0,3.0,Kinesthetic,3.0,1.7600000000000002,2.175,2,1
1.0,3.0,5.0,3.0,Kinesthetic,2.142857142857143,1.7600000000000002,1.5,2,1
5.0,5.0,5.0,3.0,Visual,4.714285714285714,1.8800000000000001,2.175,1,2
5.0,3.0,5.0,3.0,Auditory,3.857142857142857,4.5200000000000005,1.5,0,0
5.0,5.0,5.0,3.0,Auditory,4.714285714285714,4.5200000000000005,1.5,1,0
1.0,3.0,1.0,3.0,Kinesthetic,2.142857142857143,4.12,1.5,2,1
1.0,5.0,1.0,3.0,Auditory,3.0,1.8800000000000001,1.5,2,0
5.0,5.0,3.6666666666666665,3.0,Auditory,4.714285714285714,2.12,1.5,1,0
5.0,5.0,3.6666666666666665,3.0,Auditory,4.714285714285714,2.12,2.175,1,0
1.0,1.0,1.0,3.0,Auditory,1.2857142857142858,1.8800000000000001,1.5,2,0
5.0,1.0,3.6666666666666665,3.0,Auditory,3.0,2.12,1.5,0,0
1.0,3.0,1.0,3.0,Auditory,2.142857142857143,1.8800000000000001,1.5,2,0
5.0,1.0,1.0,3.0,Visual,3.0,4.04,2.175,0,2
5.0,3.0,3.6666666666666665,3.0,Kinesthetic,3.857142857142857,1.8800000000000001,1.5,0,1
5.0,5.0,3.6666666666666665,3.0,Visual,4.714285714285714,1.6800000000000002,1.5,1,2
5.0,1.0,5.0,3.0,Kinesthetic,3.0,1.48,1.5,0,1
5.0,3.0,5.0,3.0,Kinesthetic,3.857142857142857,1.48,2.175,0,1
5.0,3.0,5.0,3.0,Kinesthetic,3.857142857142857,1.48,1.5,0,1
5.0,1.0,1.0,3.0,Auditory,3.0,1.7600000000000002,1.5,0,0
5.0,3.0,1.0,3.0,Auditory,3.857142857142857,1.7600000000000002,1.5,0,0
5.0,1.0,1.0,3.0,Auditory,3.0,1.92,2.175,0,0
5.0,3.0,2.333333333333333,3.0,Visual,3.857142857142857,2.08,2.175,0,2
1.0,3.0,3.6666666666666665,3.0,Auditory,2.142857142857143,4.36,1.5,2,0
1.0,1.0,3.6666666666666665,3.0,Auditory,1.2857142857142858,1.56,1.5,2,0
1.0,3.0,3.6666666666666665,3.0,Visual,2.142857142857143,4.08,2.175,2,2
1.0,1.0,3.6666666666666665,3.0,Kinesthetic,1.2857142857142858,3.96,2.175,2,1
1.0,1.0,5.0,3.0,Kinesthetic,1.2857142857142858,4.08,2.175,2,1
5.0,3.0,3.6666666666666665,3.0,Visual,3.857142857142857,3.8,1.5,0,2
1.0,3.0,2.333333333333333,3.0,Visual,2.142857142857143,4.4399999999999995,2.175,2,2
5.0,5.0,5.0,3.0,Auditory,4.714285714285714,2.16,1.5,1,0
1.0,5.0,2.333333333333333,3.0,Kinesthetic,3.0,4.4799999999999995,1.5,2,1
5.0,1.0,2.333333333333333,3.0,Kinesthetic,3.0,4.24,1.5,0,1
5.0,5.0,1.0,3.0,Kinesthetic,4.714285714285714,2.12,1.5,1,1
5.0,5.0,2.333333333333333,3.0,Kinesthetic,4.714285714285714,4.24,1.5,1,1
5.0,3.0,2.333333333333333,3.0,Kinesthetic,3.857142857142857,4.24,1.5,0,1
5.0,1.0,1.0,3.0,Kinesthetic,3.0,2.12,2.175,0,1
5.0,1.0,2.333333333333333,3.0,Kinesthetic,3.0,4.24,2.175,0,1
1.0,5.0,5.0,3.0,Auditory,3.0,3.84,2.175,2,0
5.0,5.0,3.6666666666666665,3.0,Visual,4.714285714285714,1.6800000000000002,2.175,1,2
1.0,1.0,5.0,3.0,Kinesthetic,1.2857142857142858,4.24,1.5,2,1
1.0,3.0,5.0,3.0,Kinesthetic,2.142857142857143,4.4399999999999995,1.5,2,1
1.0,5.0,2.333333333333333,3.0,Kinesthetic,3.0,2.12,1.5,2,1
1.0,5.0,5.0,3.0,Kinesthetic,3.0,4.4399999999999995,1.5,2,1
5.0,3.0,3.6666666666666665,3.0,Kinesthetic,3.857142857142857,1.9600000000000002,2.175,0,1
1.0,5.0,3.6666666666666665,3.0,Auditory,3.0,4.08,1.5,2,0
5.0,5.0,3.6666666666666665,3.0,Kinesthetic,4.714285714285714,1.9600000000000002,1.5,1,1
1.0,1.0,3.6666666666666665,3.0,Auditory,1.2857142857142858,4.08,1.5,2,0
5.0,1.0,3.6666666666666665,3.0,Kinesthetic,3.0,1.9600000000000002,1.5,0,1
1.0,3.0,3.6666666666666665,3.0,Auditory,2.142857142857143,4.4799999999999995,1.5,2,0
5.0,1.0,1.0,3.0,Kinesthetic,3.0,4.36,1.5,0,1
1.0,1.0,3.6666666666666665,3.0,Auditory,1.2857142857142858,4.4799999999999995,1.5,2,0
5.0,1.0,3.6666666666666665,3.0,Visual,3.0,1.48,1.5,0,2
1.0,3.0,5.0,3.0,Auditory,2.142857142857143,4.5200000000000005,1.5,2,0
1.0,1.0,5.0,3.0,Auditory,1.2857142857142858,4.5200000000000005,1.5,2,0
1.0,1.0,3.6666666666666665,3.0,Kinesthetic,1.2857142857142858,1.8800000000000001,1.5,2,1
5.0,5.0,1.0,3.0,Auditory,4.714285714285714,1.7600000000000002,2.175,1,0
1.0,5.0,1.0,3.0,Visual,3.0,2.2,2.175,2,2
1.0,1.0,5.0,3.0,Kinesthetic,1.2857142857142858,1.6800000000000002,2.175,2,1
5.0,1.0,5.0,3.0,Auditory,3.0,4.24,2.175,0,0
1.0,5.0,5.0,3.0,Kinesthetic,3.0,1.6800000000000002,2.175,2,1
1.0,5.0,5.0,3.0,Kinesthetic,3.0,1.6800000000000002,1.5,2,1
5.0,5.0,5.0,3.0,Auditory,4.714285714285714,4.24,1.5,1,0
1.0,3.0,5.0,3.0,Kinesthetic,2.142857142857143,1.6800000000000002,1.5,2,1
5.0,1.0,2.333333333333333,3.0,Auditory,3.0,3.88,2.175,0,0
5.0,5.0,2.333333333333333,3.0,Auditory,4.714285714285714,3.88,1.5,1,0
1.0,5.0,3.6666666666666665,3.0,Kinesthetic,3.0,4.4799999999999995,2.175,2,1
5.0,5.0,3.6666666666666665,3.0,Auditory,4.714285714285714,4.04,2.175,1,0
1.0,5.0,3.6666666666666665,3.0,Auditory,3.0,3.84,2.175,2,0
1.0,5.0,3.6666666666666665,3.0,Visual,3.0,1.8800000000000001,2.175,2,2
5.0,1.0,5.0,3.0,Visual,3.0,4.0,2.175,0,2
1.0,5.0,3.6666666666666665,3.0,Kinesthetic,3.0,3.88,1.5,2,1
5.0,1.0,5.0,3.0,Visual,3.0,4.24,1.5,0,2
1.0,3.0,2.333333333333333,3.0,Visual,2.142857142857143,1.7600000000000002,1.5,2,2
1.0,1.0,2.333333333333333,3.0,Visual,1.2857142857142858,1.7600000000000002,2.175,2,2
1.0,5.0,2.333333333333333,3.0,Auditory,3.0,1.8800000000000001,2.175,2,0
1.0,5.0,1.0,3.0,Auditory,3.0,3.84,2.175,2,0
1.0,3.0,1.0,3.0,Visual,2.142857142857143,4.4399999999999995,2.175,2,2
5.0,1.0,3.6666666666666665,3.0,Auditory,3.0,4.0,1.5,0,0
1.0,1.0,1.0,3.0,Visual,1.2857142857142858,4.4399999999999995,1.5,2,2
1.0,5.0,1.0,3.0,Visual,3.0,4.279999999999999,2.175,2,2
1.0,3.0,1.0,3.0,Visual,2.142857142857143,4.279999999999999,2.175,2,2
1.0,5.0,2.333333333333333,3.0,Kinesthetic,3.0,1.6800000000000002,2.175,2,1
1.0,3.0,2.333333333333333,3.0,Kinesthetic,2.142857142857143,1.6800000000000002,1.5,2,1
1.0,5.0,1.0,3.0,Visual,3.0,4.4399999999999995,1.5,2,2
1.0,5.0,5.0,3.0,Auditory,3.0,4.6,1.5,2,0
1.0,5.0,1.0,3.0,Visual,3.0,4.4399999999999995,2.175,2,2
1.0,1.0,1.0,3.0,Kinesthetic,1.2857142857142858,3.9200000000000004,2.175,2,1
1.0,1.0,1.0,3.0,Kinesthetic,1.2857142857142858,3.9200000000000004,1.5,2,1
1.0,3.0,1.0,3.0,Kinesthetic,2.142857142857143,3.9200000000000004,2.175,2,1
1.0,3.0,1.0,3.0,Visual,2.142857142857143,4.16,2.175,2,2
5.0,3.0,1.0,3.0,Kinesthetic,3.857142857142857,3.84,2.175,0,1
1.0,5.0,2.333333333333333,3.0,Visual,3.0,4.4799999999999995,2.175,2,2
1.0,3.0,3.6666666666666665,3.0,Kinesthetic,2.142857142857143,1.6800000000000002,1.5,2,1
1.0,1.0,3.6666666666666665,3.0,Kinesthetic,1.2857142857142858,1.6800000000000002,2.175,2,1
1.0,3.0,3.6666666666666665,3.0,Kinesthetic,2.142857142857143,1.6800000000000002,2.175,2,1
1.0,5.0,1.0,3.0,Kinesthetic,3.0,4.5600000000000005,1.5,2,1
1.0,5.0,1.0,3.0,Visual,3.0,1.48,1.5,2,2
1.0,5.0,2.333333333333333,3.0,Visual,3.0,1.7600000000000002,1.5,2,2
1.0,3.0,5.0,3.0,Auditory,2.142857142857143,4.4799999999999995,2.175,2,0
1.0,5.0,2.333333333333333,3.0,Visual,3.0,4.5200000000000005,1.5,2,2
5.0,5.0,5.0,3.0,Auditory,4.714285714285714,1.6800000000000002,1.5,1,0
1.0,3.0,2.333333333333333,3.0,Visual,2.142857142857143,4.5200000000000005,1.5,2,2
1.0,3.0,2.333333333333333,3.0,Visual,2.142857142857143,1.4,2.175,2,2
5.0,3.0,2.333333333333333,3.0,Auditory,3.857142857142857,1.48,2.175,0,0
1.0,3.0,2.333333333333333,3.0,Auditory,2.142857142857143,4.0,2.175,2,0
1.0,5.0,2.333333333333333,3.0,Visual,3.0,1.4,2.175,2,2
5.0,5.0,2.333333333333333,3.0,Auditory,4.714285714285714,1.48,2.175,1,0
5.0,5.0,1.0,3.0,Kinesthetic,4.714285714285714,1.72,2.175,1,1
1.0,5.0,2.333333333333333,3.0,Auditory,3.0,4.0,2.175,2,0
1.0,1.0,2.333333333333333,3.0,Visual,1.2857142857142858,1.4,2.175,2,2
5.0,1.0,2.333333333333333,3.0,Auditory,3.0,1.48,2.175,0,0
5.0,1.0,1.0,3.0,Kinesthetic,3.0,1.72,2.175,0,1
1.0,1.0,2.333333333333333,3.0,Auditory,1.2857142857142858,4.0,2.175,2,0
1.0,5.0,3.6666666666666665,3.0,Kinesthetic,3.0,4.24,1.5,2,1
5.0,5.0,3.6666666666666665,3.0,Auditory,4.714285714285714,4.36,1.5,1,0
5.0,1.0,2.333333333333333,3.0,Kinesthetic,3.0,1.9600000000000002,1.5,0,1
5.0,1.0,3.6666666666666665,3.0,Visual,3.0,1.6,1.5,0,2
5.0,5.0,3.6666666666666665,3.0,Visual,4.714285714285714,1.6,1.5,1,2
5.0,1.0,2.333333333333333,3.0,Visual,3.0,1.44,1.5,0,2
1.0,3.0,3.6666666666666665,3.0,Visual,2.142857142857143,4.279999999999999,1.5,2,2
1.0,3.0,2.333333333333333,3.0,Kinesthetic,2.142857142857143,4.36,1.5,2,1
5.0,5.0,1.0,3.0,Kinesthetic,4.714285714285714,3.9200000000000004,1.5,1,1
1.0,5.0,2.333333333333333,3.0,Kinesthetic,3.0,4.36,1.5,2,1
5.0,1.0,3.6666666666666665,3.0,Kinesthetic,3.0,4.12,1.5,0,1
1.0,5.0,2.333333333333333,3.0,Auditory,3.0,1.4,2.175,2,0
1.0,3.0,1.0,3.0,Visual,2.142857142857143,3.88,1.5,2,2
1.0,1.0,1.0,3.0,Visual,1.2857142857142858,3.88,1.5,2,2
5.0,1.0,2.333333333333333,3.0,Visual,3.0,2.2,1.5,0,2
1.0,3.0,1.0,3.0,Visual,2.142857142857143,3.88,2.175,2,2
5.0,3.0,2.333333333333333,3.0,Visual,3.857142857142857,2.2,2.175,0,2
1.0,3.0,5.0,3.0,Auditory,2.142857142857143,3.84,2.175,2,0
5.0,1.0,3.6666666666666665,3.0,Kinesthetic,3.0,3.88,1.5,0,1
5.0,3.0,3.6666666666666665,3.0,Auditory,3.857142857142857,3.96,2.175,0,0
5.0,3.0,3.6666666666666665,3.0,Auditory,3.857142857142857,3.96,1.5,0,0
1.0,3.0,1.0,3.0,Visual,2.142857142857143,4.4399999999999995,1.5,2,2
1.0,3.0,5.0,3.0,Auditory,2.142857142857143,3.96,1.5,2,0
5.0,3.0,3.6666666666666665,3.0,Auditory,3.857142857142857,2.08,1.5,0,0
1.0,5.0,1.0,3.0,Kinesthetic,3.0,4.08,1.5,2,1
5.0,5.0,1.0,3.0,Visual,4.714285714285714,4.5600000000000005,1.5,1,2
5.0,1.0,1.0,3.0,Visual,3.0,4.4399999999999995,2.175,0,2
5.0,1.0,3.6666666666666665,3.0,Auditory,3.0,4.08,2.175,0,0
5.0,3.0,2.333333333333333,3.0,Visual,3.857142857142857,3.84,2.175,0,2
5.0,5.0,3.6666666666666665,3.0,Kinesthetic,4.714285714285714,1.56,1.5,1,1
5.0,5.0,2.333333333333333,3.0,Visual,4.714285714285714,2.08,1.5,1,2
1.0,3.0,1.0,3.0,Auditory,2.142857142857143,2.04,2.175,2,0
1.0,5.0,3.6666666666666665,3.0,Visual,3.0,2.12,1.5,2,2
1.0,5.0,1.0,3.0,Auditory,3.0,2.04,1.5,2,0
5.0,5.0,2.333333333333333,3.0,Visual,4.714285714285714,4.0,1.5,1,2
1.0,5.0,3.6666666666666665,3.0,Visual,3.0,2.12,2.175,2,2
1.0,5.0,1.0,3.0,Auditory,3.0,2.04,2.175,2,0
1.0,5.0,1.0,3.0,Auditory,3.0,4.5600000000000005,1.5,2,0
5.0,3.0,3.6666666666666665,3.0,Visual,3.857142857142857,1.64,1.5,0,2
1.0,5.0,5.0,3.0,Auditory,3.0,1.9600000000000002,2.175,2,0
5.0,5.0,3.6666666666666665,3.0,Auditory,4.714285714285714,4.16,1.5,1,0
5.0,5.0,3.6666666666666665,3.0,Auditory,4.714285714285714,1.48,1.5,1,0
5.0,5.0,3.6666666666666665,3.0,Auditory,4.714285714285714,1.48,2.175,1,0
5.0,3.0,3.6666666666666665,3.0,Auditory,3.857142857142857,1.48,1.5,0,0
5.0,3.0,5.0,3.0,Visual,3.857142857142857,4.16,1.5,0,2
5.0,1.0,5.0,3.0,Kinesthetic,3.0,4.2,2.175,0,1
1.0,3.0,3.6666666666666665,3.0,Visual,2.142857142857143,1.56,1.5,2,2
5.0,1.0,2.333333333333333,3.0,Kinesthetic,3.0,3.8,2.175,0,1
1.0,1.0,1.0,3.0,Kinesthetic,1.2857142857142858,1.9600000000000002,1.5,2,1
1.0,1.0,1.0,3.0,Auditory,1.2857142857142858,4.4399999999999995,1.5,2,0
1.0,1.0,1.0,3.0,Kinesthetic,1.2857142857142858,1.9600000000000002,2.175,2,1
1.0,1.0,5.0,3.0,Auditory,1.2857142857142858,1.8399999999999999,2.175,2,0
1.0,1.0,5.0,3.0,Kinesthetic,1.2857142857142858,4.0,2.175,2,1
1.0,3.0,5.0,3.0,Auditory,2.142857142857143,1.8399999999999999,1.5,2,0
1.0,3.0,5.0,3.0,Kinesthetic,2.142857142857143,4.0,1.5,2,1
5.0,1.0,5.0,3.0,Visual,3.0,4.279999999999999,1.5,0,2
5.0,1.0,5.0,3.0,Kinesthetic,3.0,4.2,1.5,0,1
1.0,5.0,1.0,3.0,Auditory,3.0,1.4,2.175,2,0
1.0,3.0,1.0,3.0,Auditory,2.142857142857143,1.4,1.5,2,0
1.0,1.0,2.333333333333333,3.0,Auditory,1.2857142857142858,3.96,1.5,2,0
1.0,3.0,2.333333333333333,3.0,Kinesthetic,2.142857142857143,3.84,2.175,2,1
1.0,3.0,2.333333333333333,3.0,Kinesthetic,2.142857142857143,3.84,1.5,2,1
1.0,5.0,5.0,3.0,Kinesthetic,3.0,3.88,2.175,2,1
5.0,5.0,3.6666666666666665,3.0,Kinesthetic,4.714285714285714,4.6,2.175,1,1
1.0,5.0,2.333333333333333,3.0,Auditory,3.0,1.4,1.5,2,0
1.0,5.0,5.0,3.0,Auditory,3.0,4.32,1.5,2,0
1.0,1.0,1.0,3.0,Auditory,1.2857142857142858,2.12,2.175,2,0
1.0,1.0,1.0,3.0,Kinesthetic,1.2857142857142858,3.8,2.175,2,1
5.0,5.0,2.333333333333333,3.0,Kinesthetic,4.714285714285714,1.44,1.5,1,1
5.0,3.0,1.0,3.0,Kinesthetic,3.857142857142857,1.6800000000000002,2.175,0,1
1.0,1.0,2.333333333333333,3.0,Visual,1.2857142857142858,4.08,1.5,2,2
1.0,5.0,5.0,3.0,Kinesthetic,3.0,4.32,2.175,2,1
1.0,1.0,2.333333333333333,3.0,Kinesthetic,1.2857142857142858,3.9200000000000004,1.5,2,1
5.0,1.0,5.0,3.0,Auditory,3.0,4.08,1.5,0,0
1.0,1.0,3.6666666666666665,3.0,Auditory,1.2857142857142858,3.9200000000000004,2.175,2,0
1.0,3.0,2.333333333333333,3.0,Kinesthetic,2.142857142857143,3.96,1.5,2,1
1.0,5.0,2.333333333333333,3.0,Kinesthetic,3.0,3.96,2.175,2,1
5.0,1.0,3.6666666666666665,3.0,Visual,3.0,4.04,2.175,0,2
1.0,5.0,1.0,3.0,Auditory,3.0,3.9200000000000004,2.175,2,0
5.0,1.0,3.6666666666666665,3.0,Kinesthetic,3.0,1.52,2.175,0,1
1.0,1.0,1.0,3.0,Visual,1.2857142857142858,4.12,2.175,2,2
5.0,1.0,2.333333333333333,3.0,Auditory,3.0,1.72,2.175,0,0
1.0,1.0,1.0,3.0,Auditory,1.2857142857142858,3.9200000000000004,2.175,2,0
5.0,3.0,2.333333333333333,3.0,Auditory,3.857142857142857,1.72,2.175,0,0
1.0,3.0,1.0,3.0,Auditory,2.142857142857143,3.9200000000000004,2.175,2,0
5.0,5.0,3.6666666666666665,3.0,Kinesthetic,4.714285714285714,1.52,2.175,1,1
5.0,5.0,2.333333333333333,3.0,Auditory,4.714285714285714,1.72,2.175,1,0
5.0,1.0,2.333333333333333,3.0,Visual,3.0,3.84,1.5,0,2
5.0,5.0,1.0,3.0,Visual,4.714285714285714,1.6800000000000002,2.175,1,2
1.0,1.0,3.6666666666666665,3.0,Auditory,1.2857142857142858,4.12,2.175,2,0
1.0,5.0,3.6666666666666665,3.0,Auditory,3.0,4.12,1.5,2,0
5.0,5.0,3.6666666666666665,3.0,Kinesthetic,4.714285714285714,2.08,2.175,1,1
5.0,3.0,3.6666666666666665,3.0,Visual,3.857142857142857,4.6,1.5,0,2
5.0,5.0,5.0,3.0,Auditory,4.714285714285714,1.44,2.175,1,0
5.0,1.0,5.0,3.0,Kinesthetic,3.0,1.8399999999999999,1.5,0,1
1.0,1.0,1.0,3.0,Kinesthetic,1.2857142857142858,4.2,1.5,2,1
5.0,3.0,5.0,3.0,Kinesthetic,3.857142857142857,1.8399999999999999,2.175,0,1
1.0,3.0,1.0,3.0,Kinesthetic,2.142857142857143,4.2,2.175,2,1
5.0,5.0,3.6666666666666665,3.0,Kinesthetic,4.714285714285714,1.52,1.5,1,1
5.0,5.0,1.0,3.0,Visual,4.714285714285714,2.08,1.5,1,2
5.0,5.0,1.0,3.0,Auditory,4.714285714285714,1.52,2.175,1,0
5.0,5.0,1.0,3.0,Visual,4.714285714285714,2.08,2.175,1,2
1.0,5.0,1.0,3.0,Auditory,3.0,4.12,2.175,2,0
1.0,5.0,2.333333333333333,3.0,Auditory,3.0,4.16,2.175,2,0
5.0,1.0,1.0,3.0,Auditory,3.0,4.36,1.5,0,0
5.0,1.0,2.333333333333333,3.0,Kinesthetic,3.0,1.7600000000000002,2.175,0,1
1.0,5.0,1.0,3.0,Auditory,3.0,4.08,2.175,2,0
1.0,5.0,5.0,3.0,Kinesthetic,3.0,3.84,1.5,2,1
5.0,5.0,5.0,3.0,Auditory,4.714285714285714,3.88,1.5,1,0
1.0,3.0,5.0,3.0,Kinesthetic,2.142857142857143,3.84,2.175,2,1
5.0,3.0,1.0,3.0,Auditory,3.857142857142857,1.52,2.175,0,0
1.0,1.0,5.0,3.0,Kinesthetic,1.2857142857142858,3.84,1.5,2,1
5.0,1.0,1.0,3.0,Visual,3.0,4.6,1.5,0,2
1.0,5.0,5.0,3.0,Kinesthetic,3.0,3.84,2.175,2,1
5.0,3.0,1.0,3.0,Kinesthetic,3.857142857142857,3.88,1.5,0,1
5.0,1.0,1.0,3.0,Auditory,3.0,2.0,2.175,0,0
5.0,5.0,2.333333333333333,3.0,Auditory,4.714285714285714,1.52,2.175,1,0
1.0,5.0,1.0,3.0,Kinesthetic,3.0,2.16,2.175,2,1
1.0,5.0,1.0,3.0,Visual,3.0,3.8,2.175,2,2
1.0,1.0,1.0,3.0,Visual,1.2857142857142858,3.8,1.5,2,2
1.0,3.0,3.6666666666666665,3.0,Kinesthetic,2.142857142857143,1.92,2.175,2,1
1.0,1.0,3.6666666666666665,3.0,Auditory,1.2857142857142858,4.24,1.5,2,0
5.0,5.0,2.333333333333333,3.0,Visual,4.714285714285714,1.7600000000000002,1.5,1,2
5.0,3.0,1.0,3.0,Auditory,3.857142857142857,4.16,1.5,0,0
1.0,1.0,2.333333333333333,3.0,Kinesthetic,1.2857142857142858,1.6,2.175,2,1
5.0,5.0,2.333333333333333,3.0,Auditory,4.714285714285714,3.96,2.175,1,0
5.0,1.0,2.333333333333333,3.0,Auditory,3.0,3.96,1.5,0,0
1.0,3.0,5.0,3.0,Kinesthetic,2.142857142857143,1.52,1.5,2,1
5.0,3.0,1.0,3.0,Kinesthetic,3.857142857142857,1.92,1.5,0,1
1.0,1.0,1.0,3.0,Auditory,1.2857142857142858,1.8,1.5,2,0
5.0,1.0,2.333333333333333,3.0,Auditory,3.0,1.8,1.5,0,0
5.0,5.0,2.333333333333333,3.0,Auditory,4.714285714285714,1.8,2.175,1,0
1.0,5.0,1.0,3.0,Auditory,3.0,1.8,1.5,2,0
5.0,5.0,2.333333333333333,3.0,Auditory,4.714285714285714,1.8,1.5,1,0
1.0,5.0,2.333333333333333,3.0,Auditory,3.0,4.16,1.5,2,0
1.0,1.0,2.333333333333333,3.0,Visual,1.2857142857142858,4.36,2.175,2,2
1.0,3.0,2.333333333333333,3.0,Visual,2.142857142857143,4.36,1.5,2,2
1.0,5.0,5.0,3.0,Visual,3.0,1.56,2.175,2,2
5.0,3.0,5.0,3.0,Visual,3.857142857142857,2.12,1.5,0,2
5.0,1.0,2.333333333333333,3.0,Visual,3.0,1.9600000000000002,2.175,0,2
5.0,5.0,5.0,3.0,Kinesthetic,4.714285714285714,4.5200000000000005,1.5,1,1
5.0,5.0,1.0,3.0,Auditory,4.714285714285714,3.84,2.175,1,0
5.0,1.0,5.0,3.0,Visual,3.0,1.48,2.175,0,2
5.0,1.0,3.6666666666666665,3.0,Auditory,3.0,2.12,2.175,0,0
1.0,3.0,1.0,3.0,Auditory,2.142857142857143,1.8399999999999999,2.175,2,0
5.0,5.0,3.6666666666666665,3.0,Visual,4.714285714285714,4.5600000000000005,2.175,1,2
1.0,5.0,1.0,3.0,Auditory,3.0,1.8399999999999999,2.175,2,0
5.0,3.0,1.0,3.0,Visual,3.857142857142857,4.32,2.175,0,2
5.0,5.0,2.333333333333333,3.0,Auditory,4.714285714285714,2.16,1.5,1,0
1.0,1.0,1.0,3.0,Visual,1.2857142857142858,4.4,2.175,2,2
1.0,3.0,1.0,3.0,Visual,2.142857142857143,4.4,2.175,2,2
1.0,5.0,1.0,3.0,Visual,3.0,4.4,2.175,2,2
1.0,3.0,2.333333333333333,3.0,Kinesthetic,2.142857142857143,4.04,1.5,2,1
1.0,5.0,2.333333333333333,3.0,Kinesthetic,3.0,4.04,2.175,2,1
5.0,5.0,5.0,3.0,Kinesthetic,4.714285714285714,4.5600000000000005,2.175,1,1
1.0,5.0,1.0,3.0,Kinesthetic,3.0,1.92,2.175,2,1
1.0,1.0,1.0,3.0,Kinesthetic,1.2857142857142858,1.92,1.5,2,1
5.0,1.0,5.0,3.0,Visual,3.0,4.4399999999999995,1.5,0,2
5.0,5.0,3.6666666666666665,3.0,Kinesthetic,4.714285714285714,2.12,1.5,1,1
1.0,5.0,5.0,3.0,Kinesthetic,3.0,3.88,1.5,2,1
5.0,1.0,3.6666666666666665,3.0,Kinesthetic,3.0,2.12,1.5,0,1
1.0,1.0,5.0,3.0,Kinesthetic,1.2857142857142858,3.88,1.5,2,1
5.0,1.0,3.6666666666666665,3.0,Auditory,3.0,1.64,1.5,0,0
1.0,5.0,1.0,3.0,Visual,3.0,1.56,2.175,2,2
5.0,1.0,2.333333333333333,3.0,Visual,3.0,1.8,1.5,0,2
5.0,1.0,1.0,3.0,Visual,3.0,1.4,1.5,0,2
1.0,1.0,2.333333333333333,3.0,Auditory,1.2857142857142858,3.9200000000000004,1.5,2,0
1.0,3.0,2.333333333333333,3.0,Kinesthetic,2.142857142857143,4.279999999999999,1.5,2,1
1.0,1.0,2.333333333333333,3.0,Kinesthetic,1.2857142857142858,4.279999999999999,2.175,2,1
1.0,3.0,2.333333333333333,3.0,Kinesthetic,2.142857142857143,4.279999999999999,2.175,2,1
1.0,1.0,1.0,3.0,Auditory,1.2857142857142858,3.96,1.5,2,0
5.0,1.0,5.0,3.0,Visual,3.0,1.52,1.5,0,2
1.0,1.0,2.333333333333333,3.0,Kinesthetic,1.2857142857142858,4.279999999999999,1.5,2,1
1.0,3.0,2.333333333333333,3.0,Auditory,2.142857142857143,4.4399999999999995,1.5,2,0
5.0,5.0,2.333333333333333,3.0,Auditory,4.714285714285714,4.279999999999999,1.5,1,0
5.0,3.0,2.333333333333333,3.0,Auditory,3.857142857142857,4.279999999999999,2.175,0,0
5.0,3.0,2.333333333333333,3.0,Auditory,3.857142857142857,4.279999999999999,1.5,0,0
1.0,3.0,2.333333333333333,3.0,Auditory,2.142857142857143,3.88,1.5,2,0
1.0,5.0,2.333333333333333,3.0,Auditory,3.0,3.88,1.5,2,0
5.0,5.0,1.0,3.0,Auditory,4.714285714285714,2.0,1.5,1,0
5.0,5.0,1.0,3.0,Kinesthetic,4.714285714285714,1.48,1.5,1,1
5.0,5.0,1.0,3.0,Kinesthetic,4.714285714285714,1.48,2.175,1,1
5.0,5.0,3.6666666666666665,3.0,Auditory,4.714285714285714,1.72,2.175,1,0
5.0,3.0,2.333333333333333,3.0,Auditory,3.857142857142857,2.08,2.175,0,0
5.0,1.0,2.333333333333333,3.0,Auditory,3.0,2.08,2.175,0,0
5.0,3.0,5.0,3.0,Visual,3.857142857142857,4.32,2.175,0,2
1.0,3.0,5.0,3.0,Visual,2.142857142857143,4.04,1.5,2,2
1.0,5.0,2.333333333333333,3.0,Visual,3.0,1.8,1.5,2,2
1.0,5.0,2.333333333333333,3.0,Visual,3.0,1.8,2.175,2,2
5.0,3.0,1.0,3.0,Kinesthetic,3.857142857142857,4.5200000000000005,2.175,0,1
1.0,3.0,3.6666666666666665,3.0,Kinesthetic,2.142857142857143,1.64,2.175,2,1
1.0,5.0,3.6666666666666665,3.0,Kinesthetic,3.0,1.64,1.5,2,1
5.0,5.0,5.0,3.0,Auditory,4.714285714285714,1.8399999999999999,2.175,1,0
5.0,5.0,5.0,3.0,Auditory,4.714285714285714,1.8,1.5,1,0
1.0,5.0,2.333333333333333,3.0,Auditory,3.0,1.6,1.5,2,0
1.0,5.0,2.333333333333333,3.0,Auditory,3.0,1.6,2.175,2,0
5.0,1.0,5.0,3.0,Auditory,3.0,1.8,2.175,0,0
1.0,1.0,2.333333333333333,3.0,Auditory,1.2857142857142858,1.6,2.175,2,0
5.0,3.0,5.0,3.0,Auditory,3.857142857142857,1.8,1.5,0,0
1.0,3.0,2.333333333333333,3.0,Auditory,2.142857142857143,1.6,1.5,2,0
1.0,5.0,3.6666666666666665,3.0,Auditory,3.0,4.4799999999999995,1.5,2,0
5.0,5.0,5.0,3.0,Auditory,4.714285714285714,1.6,1.5,1,0
5.0,5.0,1.0,3.0,Auditory,4.714285714285714,1.92,1.5,1,0
5.0,5.0,1.0,3.0,Kinesthetic,4.714285714285714,1.8,1.5,1,1
1.0,5.0,1.0,3.0,Kinesthetic,3.0,4.4799999999999995,2.175,2,1
5.0,3.0,5.0,3.0,Auditory,3.857142857142857,4.04,1.5,0,0
1.0,3.0,1.0,3.0,Auditory,2.142857142857143,4.36,1.5,2,0
5.0,5.0,5.0,3.0,Auditory,4.714285714285714,1.92,2.175,1,0
1.0,5.0,2.333333333333333,3.0,Kinesthetic,3.0,4.279999999999999,2.175,2,1
1.0,3.0,3.6666666666666665,3.0,Auditory,2.142857142857143,2.08,1.5,2,0
1.0,5.0,5.0,3.0,Auditory,3.0,1.72,2.175,2,0
1.0,5.0,3.6666666666666665,3.0,Auditory,3.0,2.08,2.175,2,0
1.0,5.0,5.0,3.0,Kinesthetic,3.0,3.96,1.5,2,1
1.0,3.0,5.0,3.0,Kinesthetic,2.142857142857143,4.5200000000000005,1.5,2,1
5.0,1.0,1.0,3.0,Visual,3.0,1.72,2.175,0,2
1.0,3.0,3.6666666666666665,3.0,Visual,2.142857142857143,2.0,2.175,2,2
5.0,3.0,5.0,3.0,Visual,3.857142857142857,4.5200000000000005,1.5,0,2
1.0,3.0,2.333333333333333,3.0,Kinesthetic,2.142857142857143,4.12,1.5,2,1
5.0,1.0,3.6666666666666665,3.0,Visual,3.0,1.48,2.175,0,2
1.0,1.0,3.6666666666666665,3.0,Auditory,1.2857142857142858,4.0,1.5,2,0
1.0,3.0,1.0,3.0,Auditory,2.142857142857143,4.24,1.5,2,0
1.0,3.0,5.0,3.0,Visual,2.142857142857143,4.24,2.175,2,2
5.0,5.0,3.6666666666666665,3.0,Visual,4.714285714285714,1.4,1.5,1,2
5.0,5.0,3.6666666666666665,3.0,Auditory,4.714285714285714,2.0,2.175,1,0
1.0,5.0,3.6666666666666665,3.0,Visual,3.0,2.04,2.175,2,2
1.0,3.0,2.333333333333333,3.0,Visual,2.142857142857143,3.88,1.5,2,2
1.0,3.0,2.333333333333333,3.0,Visual,2.142857142857143,3.88,2.175,2,2
1.0,3.0,5.0,3.0,Kinesthetic,2.142857142857143,1.52,2.175,2,1
5.0,5.0,2.333333333333333,3.0,Kinesthetic,4.714285714285714,1.64,2.175,1,1
5.0,3.0,1.0,3.0,Kinesthetic,3.857142857142857,1.8800000000000001,1.5,0,1
1.0,3.0,3.6666666666666665,3.0,Auditory,2.142857142857143,1.72,2.175,2,0
1.0,1.0,3.6666666666666665,3.0,Kinesthetic,1.2857142857142858,1.8,2.175,2,1
1.0,5.0,1.0,3.0,Kinesthetic,3.0,1.64,1.5,2,1
5.0,5.0,1.0,3.0,Auditory,4.714285714285714,3.96,1.5,1,0
5.0,5.0,2.333333333333333,3.0,Visual,4.714285714285714,2.16,1.5,1,2
5.0,3.0,5.0,3.0,Kinesthetic,3.857142857142857,4.16,1.5,0,1
1.0,1.0,1.0,3.0,Visual,1.2857142857142858,4.4399999999999995,2.175,2,2
5.0,5.0,5.0,3.0,Visual,4.714285714285714,3.9200000000000004,1.5,1,2
1.0,3.0,3.6666666666666665,3.0,Auditory,2.142857142857143,4.4,1.5,2,0
5.0,5.0,5.0,3.0,Kinesthetic,4.714285714285714,2.08,2.175,1,1
1.0,5.0,3.6666666666666665,3.0,Visual,3.0,2.0,2.175,2,2
1.0,5.0,5.0,3.0,Visual,3.0,4.08,1.5,2,2
1.0,5.0,5.0,3.0,Visual,3.0,4.2,1.5,2,2
1.0,5.0,5.0,3.0,Auditory,3.0,4.08,1.5,2,0
1.0,5.0,5.0,3.0,Visual,3.0,2.0,2.175,2,2
5.0,5.0,2.333333333333333,3.0,Visual,4.714285714285714,1.9600000000000002,1.5,1,2
5.0,3.0,3.6666666666666665,3.0,Kinesthetic,3.857142857142857,2.04,2.175,0,1
1.0,5.0,5.0,3.0,Kinesthetic,3.0,3.9200000000000004,1.5,2,1
1.0,5.0,1.0,3.0,Auditory,3.0,3.88,1.5,2,0
5.0,5.0,1.0,3.0,Auditory,4.714285714285714,4.0,1.5,1,0
1.0,5.0,5.0,3.0,Auditory,3.0,4.16,1.5,2,0
1.0,3.0,5.0,3.0,Auditory,2.142857142857143,4.16,1.5,2,0
5.0,1.0,5.0,3.0,Auditory,3.0,2.04,2.175,0,0
1.0,3.0,3.6666666666666665,3.0,Auditory,2.142857142857143,1.6,1.5,2,0
1.0,5.0,3.6666666666666665,3.0,Auditory,3.0,1.6,1.5,2,0
5.0,5.0,3.6666666666666665,3.0,Visual,4.714285714285714,4.0,1.5,1,2
1.0,5.0,5.0,3.0,Kinesthetic,3.0,1.44,2.175,2,1
1.0,5.0,5.0,3.0,Kinesthetic,3.0,1.44,1.5,2,1
5.0,1.0,5.0,3.0,Auditory,3.0,4.4799999999999995,1.5,0,0
5.0,5.0,3.6666666666666665,3.0,Visual,4.714285714285714,2.0,2.175,1,2
1.0,5.0,5.0,3.0,Visual,3.0,1.92,2.175,2,2
5.0,5.0,2.333333333333333,3.0,Visual,4.714285714285714,1.7600000000000002,2.175,1,2
5.0,3.0,3.6666666666666665,3.0,Visual,3.857142857142857,2.0,1.5,0,2
1.0,3.0,5.0,3.0,Visual,2.142857142857143,1.92,1.5,2,2
5.0,5.0,2.333333333333333,3.0,Auditory,4.714285714285714,3.8,1.5,1,0
1.0,5.0,5.0,3.0,Kinesthetic,3.0,4.5600000000000005,2.175,2,1
1.0,3.0,5.0,3.0,Kinesthetic,2.142857142857143,4.5600000000000005,2.175,2,1
1.0,3.0,1.0,3.0,Kinesthetic,2.142857142857143,4.16,1.5,2,1
5.0,1.0,3.6666666666666665,3.0,Visual,3.0,4.5600000000000005,1.5,0,2
5.0,5.0,2.333333333333333,3.0,Kinesthetic,4.714285714285714,2.04,1.5,1,1
5.0,3.0,3.6666666666666665,3.0,Auditory,3.857142857142857,4.4,1.5,0,0
5.0,3.0,1.0,3.0,Visual,3.857142857142857,4.4399999999999995,2.175,0,2
1.0,3.0,1.0,3.0,Kinesthetic,2.142857142857143,4.32,2.175,2,1
5.0,1.0,5.0,3.0,Auditory,3.0,2.08,1.5,0,0
5.0,3.0,5.0,3.0,Auditory,3.857142857142857,2.08,1.5,0,0
5.0,3.0,1.0,3.0,Auditory,3.857142857142857,2.0,1.5,0,0
1.0,3.0,3.6666666666666665,3.0,Auditory,2.142857142857143,4.16,1.5,2,0
5.0,1.0,5.0,3.0,Visual,3.0,3.88,2.175,0,2
1.0,3.0,1.0,3.0,Visual,2.142857142857143,1.8800000000000001,1.5,2,2
5.0,1.0,1.0,3.0,Kinesthetic,3.0,3.88,1.5,0,1
1.0,3.0,1.0,3.0,Auditory,2.142857142857143,3.8,1.5,2,0
5.0,3.0,2.333333333333333,3.0,Auditory,3.857142857142857,4.24,1.5,0,0
5.0,3.0,2.333333333333333,3.0,Auditory,3.857142857142857,4.24,2.175,0,0
5.0,3.0,2.333333333333333,3.0,Visual,3.857142857142857,2.04,1.5,0,2
1.0,1.0,5.0,3.0,Auditory,1.2857142857142858,1.8,1.5,2,0
5.0,1.0,1.0,3.0,Auditory,3.0,1.7600000000000002,2.175,0,0
5.0,1.0,5.0,3.0,Visual,3.0,4.36,2.175,0,2
5.0,1.0,2.333333333333333,3.0,Auditory,3.0,4.4,2.175,0,0
5.0,1.0,5.0,3.0,Kinesthetic,3.0,4.5600000000000005,2.175,0,1
5.0,1.0,2.333333333333333,3.0,Visual,3.0,1.72,2.175,0,2
5.0,5.0,1.0,3.0,Auditory,4.714285714285714,1.7600000000000002,1.5,1,0
5.0,5.0,2.333333333333333,3.0,Visual,4.714285714285714,1.72,1.5,1,2
5.0,5.0,5.0,3.0,Visual,4.714285714285714,1.64,1.5,1,2
5.0,5.0,2.333333333333333,3.0,Auditory,4.714285714285714,4.5200000000000005,1.5,1,0
5.0,5.0,3.6666666666666665,3.0,Kinesthetic,4.714285714285714,3.96,1.5,1,1
1.0,1.0,3.6666666666666665,3.0,Visual,1.2857142857142858,4.2,2.175,2,2
5.0,3.0,5.0,3.0,Kinesthetic,3.857142857142857,4.279999999999999,1.5,0,1
5.0,1.0,5.0,3.0,Kinesthetic,3.0,4.4,2.175,0,1
1.0,5.0,2.333333333333333,3.0,Visual,3.0,2.12,2.175,2,2
5.0,1.0,1.0,3.0,Auditory,3.0,4.04,1.5,0,0
5.0,1.0,5.0,3.0,Kinesthetic,3.0,3.84,1.5,0,1
1.0,3.0,2.333333333333333,3.0,Auditory,2.142857142857143,1.6,2.175,2,0
1.0,1.0,2.333333333333333,3.0,Auditory,1.2857142857142858,1.6,1.5,2,0
5.0,1.0,2.333333333333333,3.0,Visual,3.0,1.4,1.5,0,2
1.0,1.0,5.0,3.0,Auditory,1.2857142857142858,1.72,1.5,2,0
1.0,5.0,5.0,3.0,Auditory,3.0,1.72,1.5,2,0
5.0,3.0,5.0,3.0,Visual,3.857142857142857,1.92,2.175,0,2
5.0,1.0,5.0,3.0,Visual,3.0,4.04,2.175,0,2
1.0,3.0,2.333333333333333,3.0,Visual,2.142857142857143,2.08,1.5,2,2
1.0,1.0,3.6666666666666665,3.0,Visual,1.2857142857142858,1.9600000000000002,2.175,2,2
1.0,1.0,5.0,3.0,Kinesthetic,1.2857142857142858,1.92,2.175,2,1
5.0,5.0,1.0,3.0,Kinesthetic,4.714285714285714,4.5200000000000005,1.5,1,1
5.0,3.0,1.0,3.0,Kinesthetic,3.857142857142857,4.5200000000000005,1.5,0,1
1.0,3.0,3.6666666666666665,3.0,Auditory,2.142857142857143,4.16,2.175,2,0
1.0,5.0,3.6666666666666665,3.0,Auditory,3.0,4.16,1.5,2,0
5.0,5.0,5.0,3.0,Visual,4.714285714285714,1.6,1.5,1,2
5.0,5.0,5.0,3.0,Auditory,4.714285714285714,2.2,1.5,1,0
5.0,5.0,1.0,3.0,Visual,4.714285714285714,4.36,1.5,1,2
5.0,5.0,1.0,3.0,Kinesthetic,4.714285714285714,4.08,2.175,1,1
1.0,3.0,2.333333333333333,3.0,Visual,2.142857142857143,1.92,2.175,2,2
5.0,5.0,2.333333333333333,3.0,Auditory,4.714285714285714,1.9600000000000002,2.175,1,0
1.0,3.0,2.333333333333333,3.0,Visual,2.142857142857143,4.08,2.175,2,2
5.0,1.0,2.333333333333333,3.0,Visual,3.0,1.44,2.175,0,2
5.0,1.0,2.333333333333333,3.0,Kinesthetic,3.0,2.12,1.5,0,1
1.0,5.0,5.0,3.0,Auditory,3.0,4.4799999999999995,1.5,2,0
1.0,5.0,1.0,3.0,Auditory,3.0,4.12,1.5,2,0
1.0,3.0,2.333333333333333,3.0,Auditory,2.142857142857143,3.84,2.175,2,0
1.0,5.0,2.333333333333333,3.0,Kinesthetic,3.0,1.92,2.175,2,1
5.0,3.0,5.0,3.0,Visual,3.857142857142857,1.7600000000000002,1.5,0,2
5.0,3.0,5.0,3.0,Visual,3.857142857142857,1.7600000000000002,2.175,0,2
5.0,1.0,1.0,3.0,Kinesthetic,3.0,2.08,1.5,0,1
5.0,1.0,1.0,3.0,Auditory,3.0,1.8399999999999999,1.5,0,0
5.0,3.0,5.0,3.0,Visual,3.857142857142857,1.8800000000000001,2.175,0,2
5.0,1.0,2.333333333333333,3.0,Auditory,3.0,2.0,2.175,0,0
1.0,1.0,2.333333333333333,3.0,Auditory,1.2857142857142858,1.52,2.175,2,0
5.0,3.0,3.6666666666666665,3.0,Visual,3.857142857142857,1.48,2.175,0,2
5.0,5.0,3.6666666666666665,3.0,Visual,4.714285714285714,1.48,1.5,1,2
5.0,1.0,5.0,3.0,Kinesthetic,3.0,2.12,2.175,0,1
1.0,1.0,5.0,3.0,Kinesthetic,1.2857142857142858,2.2,2.175,2,1
5.0,3.0,2.333333333333333,3.0,Visual,3.857142857142857,1.72,2.175,0,2
5.0,1.0,2.333333333333333,3.0,Auditory,3.0,4.12,2.175,0,0
5.0,5.0,2.333333333333333,3.0,Visual,4.714285714285714,4.12,1.5,1,2
5.0,1.0,2.333333333333333,3.0,Auditory,3.0,1.8800000000000001,2.175,0,0
1.0,3.0,1.0,3.0,Kinesthetic,2.142857142857143,4.08,1.5,2,1
1.0,5.0,2.333333333333333,3.0,Auditory,3.0,4.5200000000000005,2.175,2,0
5.0,3.0,3.6666666666666665,3.0,Kinesthetic,3.857142857142857,1.44,1.5,0,1
1.0,1.0,1.0,3.0,Auditory,1.2857142857142858,1.9600000000000002,2.175,2,0
5.0,1.0,3.6666666666666665,3.0,Visual,3.0,1.52,2.175,0,2
5.0,5.0,5.0,3.0,Auditory,4.714285714285714,4.32,1.5,1,0
5.0,3.0,2.333333333333333,3.0,Auditory,3.857142857142857,3.84,2.175,0,0
5.0,1.0,1.0,3.0,Visual,3.0,1.44,2.175,0,2
1.0,1.0,5.0,3.0,Auditory,1.2857142857142858,1.6800000000000002,2.175,2,0
5.0,5.0,3.6666666666666665,3.0,Visual,4.714285714285714,2.04,1.5,1,2
5.0,5.0,2.333333333333333,3.0,Visual,4.714285714285714,4.12,2.175,1,2
