AcademicScore,AttendanceRate,Indikator_Visual,Indikator_Auditory,Indikator_Kinestetik
0.8040457244514624,-0.2099544723635572,0.4837052055367609,0.6782217425385434,0.14718688838832467
-1.4488047904143881,-0.2099544723635572,-1.2469194866406308,-1.4553039298288504,0.14718688838832467
-0.08344084201084229,-0.05902668246763876,-0.17184687223544537,0.299788316373922,2.0800745182479514
0.8040457244514624,-0.2099544723635572,0.4837052055367609,-1.3176571122567604,-1.042946718764942
0.8040457244514624,1.1621163448720637,1.3490175516254568,-1.2144219990776928,-1.042946718764942
0.8040457244514624,-1.582025289599178,-0.38160714055193495,0.7126334469315663,-1.042946718764942
-1.4488047904143881,1.1621163448720637,-0.38160714055193495,1.056750490861791,-1.042946718764942
-1.4488047904143881,1.1621163448720637,-0.38160714055193495,-1.2832454078637379,-1.042946718764942
0.8040457244514624,-0.2099544723635572,0.4837052055367609,1.0911621952548136,0.14718688838832467
0.781289658644737,0.544684477116034,1.1505075690025637,0.25631314716204556,1.1813811400226844
-1.4488047904143881,1.1621163448720637,-0.38160714055193495,-1.0423634771125805,0.14718688838832467
0.1441198160564153,0.338873854530691,0.5110301814709838,0.9821409516775891,1.4251962654069248
0.8040457244514624,-0.2099544723635572,0.4837052055367609,0.7814568557176109,0.14718688838832467
-1.4488047904143881,1.1621163448720637,-0.38160714055193495,-1.2832454078637379,-1.042946718764942
-1.4488047904143881,-0.2099544723635572,-1.2469194866406308,1.1599856040408578,0.14718688838832467
-0.1061969078175682,0.09876146151445762,-0.16956518080328759,1.1696265180470913,1.7815685904982157
-1.4488047904143881,1.1621163448720637,-0.38160714055193495,-1.4208922254358278,0.14718688838832467
-1.4488047904143881,-0.2099544723635572,-1.2469194866406308,1.2976324216129478,0.14718688838832467
0.8040457244514624,1.1621163448720637,1.3490175516254568,-1.352068816649783,-1.042946718764942
0.8040457244514624,-0.2099544723635572,0.4837052055367609,-0.8703049551474681,0.14718688838832467
0.8040457244514624,0.8259589946493364,1.065824673776364,0.4792397575382295,1.4442498352632906
0.8040457244514624,1.1621163448720637,1.3490175516254568,1.0223387864687679,0.14718688838832467
0.8040457244514624,-0.2099544723635572,0.4837052055367609,1.1255738996478362,0.14718688838832467
0.8040457244514624,-0.2099544723635572,0.4837052055367609,1.1943973084338804,-1.042946718764942
-1.4488047904143881,-1.582025289599178,-2.1122318327293264,0.9535153776827235,0.14718688838832467
0.2579001450900441,0.30457208409980063,0.5792845652676945,-0.29530714264247987,1.4827098188622518
-0.3110015000780999,1.1552559907858857,0.28104893020280713,-0.8939064389931951,1.1898493932921805
0.8040457244514624,1.1621163448720637,1.3490175516254568,-1.0767751815056033,-1.042946718764942
-1.4488047904143881,-1.582025289599178,-2.1122318327293264,0.6093983337524984,0.14718688838832467
0.8040457244514624,1.1621163448720637,1.3490175516254568,-1.4553039298288504,-1.042946718764942
0.8040457244514624,-1.582025289599178,-0.38160714055193495,-1.3176571122567604,0.14718688838832467
0.8040457244514624,-1.582025289599178,-0.38160714055193495,-1.0767751815056033,-1.042946718764942
-1.4488047904143881,-1.582025289599178,-2.1122318327293264,-1.4208922254358278,0.14718688838832467
-1.4488047904143881,1.1621163448720637,-0.38160714055193495,1.056750490861791,-1.042946718764942
0.8040457244514624,-0.2099544723635572,0.4837052055367609,1.2976324216129478,-1.042946718764942
-0.08344084201084229,0.22224783506566329,-0.11255892648323325,0.8885541482359045,0.8486493553087362
0.8040457244514624,-0.2099544723635572,0.4837052055367609,-0.7670698419684006,-1.042946718764942
0.6219971979976562,0.03015792065267652,0.7428599847683635,0.10079226446957838,1.8623698404446574
0.8040457244514624,1.1621163448720637,1.3490175516254568,1.0223387864687679,0.14718688838832467
0.09860768444296374,0.40061704130629416,0.5934260911701558,-0.5656988891264298,1.1820868277951428
0.8040457244514624,1.1621163448720637,1.3490175516254568,0.7126334469315663,0.14718688838832467
0.8040457244514624,-0.2099544723635572,0.4837052055367609,-1.0423634771125805,-1.042946718764942
0.8040457244514624,-0.2099544723635572,0.4837052055367609,-0.8014815463614231,-1.042946718764942
0.644753263804382,0.5035223525989656,0.603096408306631,-1.2361853153476938,1.3719168385863454
-1.4488047904143881,-0.2099544723635572,-1.2469194866406308,1.1599856040408578,0.14718688838832467
0.5992411321909308,0.5652655393745685,0.5652733751536891,-0.5406724253326632,0.8401811020392399
-1.4488047904143881,-0.2099544723635572,-1.2469194866406308,-1.2832454078637379,-1.042946718764942
0.8040457244514624,-0.2099544723635572,0.4837052055367609,1.056750490861791,0.14718688838832467
0.8040457244514624,-1.582025289599178,-0.38160714055193495,1.1943973084338804,0.14718688838832467
0.37168047412367267,-0.004143849778214181,0.4700820643209321,0.8001809190827625,1.3285170405801785
0.8040457244514624,-1.582025289599178,-0.38160714055193495,1.2976324216129478,-1.042946718764942
0.8040457244514624,-0.2099544723635572,0.4837052055367609,-1.3864805210428055,0.14718688838832467
0.8040457244514624,1.1621163448720637,1.3490175516254568,1.2976324216129478,-1.042946718764942
0.8040457244514624,1.1621163448720637,1.3490175516254568,-0.8703049551474681,-1.042946718764942
0.41719260573712447,0.5584051852883906,0.381055428218522,-0.09869314355263897,1.4403685525147722
0.8040457244514624,-1.582025289599178,-0.38160714055193495,-1.1111868858986256,-1.042946718764942
0.5082168689640276,0.6887519129257742,0.7135581562143647,0.2729750365791485,0.8140706544582942
0.030339487022786507,0.338873854530691,0.426464138295833,-0.7100760618790959,0.7502059110508443
0.8040457244514624,1.1621163448720637,1.3490175516254568,0.7126334469315663,0.14718688838832467
-1.4488047904143881,-0.2099544723635572,-1.2469194866406308,0.8158685601106335,0.14718688838832467
0.8040457244514624,-1.582025289599178,-0.38160714055193495,0.8846919688966784,-1.042946718764942
0.1441198160564153,0.33201350044451305,0.21120625329794263,-0.21815680842539173,2.2547322419313076
-1.4488047904143881,1.1621163448720637,-0.38160714055193495,0.6782217425385434,-1.042946718764942
0.5082168689640276,0.6750312047534183,0.9249285267233582,-1.3148841123484745,2.3619967833449236
0.8040457244514624,1.1621163448720637,1.3490175516254568,1.0223387864687679,-1.042946718764942
0.8040457244514624,1.1483956366997077,1.193262720220461,-0.6205276803937299,1.9491694364569925
0.8040457244514624,-1.582025289599178,-0.38160714055193495,-1.3176571122567604,-1.042946718764942
-1.4488047904143881,1.1621163448720637,-0.38160714055193495,1.1599856040408578,-1.042946718764942
0.667509329611108,0.8328193487355143,1.2447573797721467,0.8945474259752084,1.2942911836159652
0.8040457244514624,1.1621163448720637,1.3490175516254568,1.0911621952548136,0.14718688838832467
0.3261683425102213,-0.04530597429528254,0.19236307860233015,-0.276307180387962,2.173225304212408
0.8040457244514624,-0.2099544723635572,0.4837052055367609,0.919103673289701,-1.042946718764942
0.8040457244514624,1.1621163448720637,1.3490175516254568,-1.4553039298288504,-1.042946718764942
0.8040457244514624,1.1621163448720637,1.3490175516254568,0.7470451513245885,0.14718688838832467
-1.4488047904143881,1.1621163448720637,-0.38160714055193495,1.1255738996478362,0.14718688838832467
-1.4488047904143881,-1.582025289599178,-2.1122318327293264,0.6093983337524984,-1.042946718764942
0.8040457244514624,1.1621163448720637,1.3490175516254568,0.9879270820757461,-1.042946718764942
-0.037928710397390715,0.7985175783046239,0.2644796627366978,-0.8803150154946966,2.1686383336914314
0.030339487022786507,0.9494453682005427,0.6899788121550775,-0.3029921858546325,1.721585129839286
-1.4488047904143881,-0.2099544723635572,-1.2469194866406308,1.0223387864687679,0.14718688838832467
-1.4488047904143881,1.1621163448720637,-0.38160714055193495,-0.9047166595404906,0.14718688838832467
0.8040457244514624,1.1621163448720637,1.3490175516254568,0.8158685601106335,-1.042946718764942
-1.4488047904143881,1.1621163448720637,-0.38160714055193495,0.7126334469315663,-1.042946718764942
0.46270473735057627,0.10562181560063558,0.3516058578543326,1.477897408368006,2.358115500596405
-1.4488047904143881,-0.2099544723635572,-1.2469194866406308,-0.9735400683265355,0.14718688838832467
0.6219971979976562,-0.16193199376031056,0.26403253338901705,0.14356384012931925,1.2971139347057972
0.5082168689640276,1.038629971320858,1.0345250266376134,0.3260303733058221,2.078310298816806
-1.4488047904143881,-1.582025289599178,-2.1122318327293264,0.6782217425385434,-1.042946718764942
-1.4488047904143881,1.1621163448720637,-0.38160714055193495,1.2288090128269036,-1.042946718764942
0.8040457244514624,1.1621163448720637,1.3490175516254568,0.8846919688966784,0.14718688838832467
-1.4488047904143881,-0.2099544723635572,-1.2469194866406308,-1.3864805210428055,-1.042946718764942
0.8040457244514624,-1.582025289599178,-0.38160714055193495,0.7814568557176109,-1.042946718764942
-1.4488047904143881,-0.2099544723635572,-1.2469194866406308,1.0911621952548136,0.14718688838832467
-1.4488047904143881,-0.2099544723635572,-1.2469194866406308,-0.8014815463614231,0.14718688838832467
-1.4488047904143881,-1.582025289599178,-2.1122318327293264,-1.0423634771125805,-1.042946718764942
0.8040457244514624,-1.582025289599178,-0.38160714055193495,-0.7670698419684006,0.14718688838832467
0.8040457244514624,1.1621163448720637,1.3490175516254568,0.7814568557176109,-1.042946718764942
0.8040457244514624,-1.582025289599178,-0.38160714055193495,-0.9735400683265355,0.14718688838832467
0.8040457244514624,-0.2099544723635572,0.4837052055367609,-0.8014815463614231,-1.042946718764942
-1.4488047904143881,1.1621163448720637,-0.38160714055193495,1.1943973084338804,0.14718688838832467
-1.4488047904143881,-1.582025289599178,-2.1122318327293264,-1.4208922254358278,-1.042946718764942
-1.4488047904143881,-0.2099544723635572,-1.2469194866406308,-1.0767751815056033,-1.042946718764942
-1.4488047904143881,-0.2099544723635572,-1.2469194866406308,-1.2144219990776928,-1.042946718764942
0.8040457244514624,-1.582025289599178,-0.38160714055193495,1.1255738996478362,0.14718688838832467
0.8040457244514624,-0.2099544723635572,0.4837052055367609,1.0911621952548136,0.14718688838832467
0.8040457244514624,-0.2099544723635572,0.4837052055367609,-0.8358932507544456,-1.042946718764942
-1.4488047904143881,-0.2099544723635572,-1.2469194866406308,1.2288090128269036,0.14718688838832467
-1.4488047904143881,-0.2099544723635572,-1.2469194866406308,0.7814568557176109,-1.042946718764942
-1.4488047904143881,-1.582025289599178,-2.1122318327293264,1.2288090128269036,0.14718688838832467
-0.3110015000780999,0.40747739539247213,0.1273995306927614,-1.4363111818518988,2.321419736428589
0.8040457244514624,-1.582025289599178,-0.38160714055193495,-1.4208922254358278,-1.042946718764942
0.8040457244514624,1.1621163448720637,1.3490175516254568,1.1943973084338804,0.14718688838832467
-1.4488047904143881,1.1621163448720637,-0.38160714055193495,1.2632207172199261,0.14718688838832467
-0.219977236851197,0.22224783506566329,-0.15973811973190133,-0.8851686383553082,2.350352935099367
0.8040457244514624,-1.582025289599178,-0.38160714055193495,-0.8703049551474681,-1.042946718764942
0.8040457244514624,-1.582025289599178,-0.38160714055193495,1.1943973084338804,-1.042946718764942
0.43994867154384987,0.3594549167892255,0.5315709035693883,0.04325333942073903,2.387048699267183
-1.4488047904143881,-0.2099544723635572,-1.2469194866406308,0.9879270820757461,0.14718688838832467
0.8040457244514624,-0.2099544723635572,0.4837052055367609,-1.0079517727195582,0.14718688838832467
0.8040457244514624,-1.582025289599178,-0.38160714055193495,0.6093983337524984,0.14718688838832467
0.8040457244514624,-0.2099544723635572,0.4837052055367609,-0.8014815463614231,0.14718688838832467
0.8040457244514624,-1.582025289599178,-0.38160714055193495,0.9535153776827235,0.14718688838832467
0.8040457244514624,1.1621163448720637,1.3490175516254568,-1.145598590291648,0.14718688838832467
-1.4488047904143881,1.1621163448720637,-0.38160714055193495,1.1599856040408578,-1.042946718764942
-1.4488047904143881,-0.2099544723635572,-1.2469194866406308,0.7126334469315663,0.14718688838832467
-1.4488047904143881,-1.582025289599178,-2.1122318327293264,0.9535153776827235,-1.042946718764942
-1.4488047904143881,1.1621163448720637,-0.38160714055193495,1.0911621952548136,-1.042946718764942
0.7130214612245592,0.40061704130629416,0.9067579589297697,-1.18553097245946,2.0483185684873413
-1.4488047904143881,-1.582025289599178,-2.1122318327293264,1.2288090128269036,-1.042946718764942
0.8040457244514624,-1.582025289599178,-0.38160714055193495,-1.2488337034707155,-1.042946718764942
0.8040457244514624,-0.2099544723635572,0.4837052055367609,0.850280264503656,0.14718688838832467
0.8040457244514624,-0.2099544723635572,0.4837052055367609,-0.8014815463614231,-1.042946718764942
-1.4488047904143881,-1.582025289599178,-2.1122318327293264,-1.4208922254358278,-1.042946718764942
0.8040457244514624,-1.582025289599178,-0.38160714055193495,-1.0079517727195582,-1.042946718764942
-1.4488047904143881,1.1621163448720637,-0.38160714055193495,1.1599856040408578,0.14718688838832467
0.8040457244514624,-1.582025289599178,-0.38160714055193495,0.9535153776827235,-1.042946718764942
0.7357775270312852,0.0850407533421014,0.8678687199755195,-0.11661139849932776,0.7226840879249822
0.8040457244514624,-0.2099544723635572,0.4837052055367609,1.0911621952548136,-1.042946718764942
0.8040457244514624,1.1621163448720637,1.3490175516254568,-0.7670698419684006,-1.042946718764942
0.8040457244514624,-0.2099544723635572,0.4837052055367609,-1.1111868858986256,0.14718688838832467
-1.4488047904143881,1.1621163448720637,-0.38160714055193495,-0.8358932507544456,-1.042946718764942
-1.4488047904143881,-1.582025289599178,-2.1122318327293264,1.2976324216129478,0.14718688838832467
0.8040457244514624,-0.2099544723635572,0.4837052055367609,-1.2144219990776928,0.14718688838832467
0.12136375024968965,0.8053779323908025,0.37023360719809856,0.7992169923511426,0.857470452464461
0.8040457244514624,-0.2099544723635572,0.4837052055367609,0.7470451513245885,-1.042946718764942
-1.4488047904143881,-0.2099544723635572,-1.2469194866406308,1.056750490861791,-1.042946718764942
0.8040457244514624,1.1621163448720637,1.3490175516254568,0.9879270820757461,0.14718688838832467
0.667509329611108,0.26340995958273195,0.8077949086029266,0.903496939412884,2.0814858937928675
0.8040457244514624,-1.582025289599178,-0.38160714055193495,-1.4553039298288504,0.14718688838832467
-1.4488047904143881,1.1621163448720637,-0.38160714055193495,0.919103673289701,0.14718688838832467
-1.4488047904143881,1.1621163448720637,-0.38160714055193495,1.2288090128269036,-1.042946718764942
-1.4488047904143881,-0.2099544723635572,-1.2469194866406308,0.7470451513245885,-1.042946718764942
-1.4488047904143881,1.1621163448720637,-0.38160714055193495,-1.1111868858986256,-1.042946718764942
0.8040457244514624,-0.2099544723635572,0.4837052055367609,0.850280264503656,0.14718688838832467
0.8040457244514624,1.1621163448720637,1.3490175516254568,0.8158685601106335,-1.042946718764942
0.8040457244514624,-1.582025289599178,-0.38160714055193495,-1.4208922254358278,0.14718688838832467
0.8040457244514624,1.1621163448720637,1.3490175516254568,-0.9047166595404906,-1.042946718764942
0.16687588186314095,-0.2099544723635572,0.02514406665365796,0.3855637037449184,2.0059773021398617
0.8040457244514624,-1.582025289599178,-0.38160714055193495,-0.9047166595404906,-1.042946718764942
-1.4488047904143881,-1.582025289599178,-2.1122318327293264,0.9879270820757461,-1.042946718764942
0.8040457244514624,1.1621163448720637,1.3490175516254568,1.056750490861791,-1.042946718764942
0.8040457244514624,-1.582025289599178,-0.38160714055193495,1.056750490861791,-1.042946718764942
0.8040457244514624,-0.2099544723635572,0.4837052055367609,0.9879270820757461,-1.042946718764942
0.8040457244514624,-0.2099544723635572,0.4837052055367609,-1.4553039298288504,0.14718688838832467
0.8040457244514624,1.1621163448720637,1.3490175516254568,-1.352068816649783,0.14718688838832467
-1.4488047904143881,-1.582025289599178,-2.1122318327293264,1.1943973084338804,0.14718688838832467
0.8040457244514624,-0.2099544723635572,0.4837052055367609,0.919103673289701,0.14718688838832467
-1.4488047904143881,-1.582025289599178,-2.1122318327293264,1.0223387864687679,-1.042946718764942
0.6902653954178334,0.13306323194534803,0.6213456029682626,0.5313595714418988,1.0515345898904118
0.8040457244514624,-1.582025289599178,-0.38160714055193495,-1.0423634771125805,0.14718688838832467
-0.037928710397390715,0.6407294343225278,0.32275899655340345,0.829963112240098,1.8927144146603516
0.8040457244514624,1.1621163448720637,1.3490175516254568,0.9535153776827235,-1.042946718764942
0.8040457244514624,1.1621163448720637,1.3490175516254568,1.056750490861791,0.14718688838832467
-1.4488047904143881,-0.2099544723635572,-1.2469194866406308,-1.3864805210428055,0.14718688838832467
0.21238801347659253,0.6064276638916375,0.7550694483786431,0.35510725220115746,0.7844317680150578
-1.4488047904143881,-0.2099544723635572,-1.2469194866406308,-1.3176571122567604,0.14718688838832467
0.2579001450900441,0.8739814732525834,0.7967610438208045,0.8423367599169749,2.172872460326179
0.8040457244514624,-0.2099544723635572,0.4837052055367609,-0.9391283639335132,-1.042946718764942
0.8040457244514624,-1.582025289599178,-0.38160714055193495,1.2632207172199261,-1.042946718764942
0.7130214612245592,0.1742253564624167,0.4270511654609875,-0.7672747514618631,1.2808831159392633
0.8040457244514624,-0.2099544723635572,0.4837052055367609,0.7470451513245885,-1.042946718764942
-1.4488047904143881,-0.2099544723635572,-1.2469194866406308,1.1599856040408578,0.14718688838832467
0.8040457244514624,1.1621163448720637,1.3490175516254568,0.6782217425385434,0.14718688838832467
0.8040457244514624,1.1621163448720637,1.3490175516254568,-0.7670698419684006,0.14718688838832467
0.8040457244514624,-1.582025289599178,-0.38160714055193495,0.9879270820757461,0.14718688838832467
0.8040457244514624,-0.2099544723635572,0.4837052055367609,0.643810038145521,0.14718688838832467
-1.4488047904143881,1.1621163448720637,-0.38160714055193495,-0.8703049551474681,-1.042946718764942
-1.4488047904143881,1.1621163448720637,-0.38160714055193495,-1.0767751815056033,-1.042946718764942
-1.4488047904143881,1.1621163448720637,-0.38160714055193495,0.9535153776827235,-1.042946718764942
0.8040457244514624,1.1621163448720637,1.3490175516254568,0.8158685601106335,0.14718688838832467
-0.219977236851197,0.40747739539247213,0.11682272730358946,1.1885420885352014,1.479181379999962
-0.219977236851197,0.38689633313393795,-0.17474710835089707,0.9622792362276562,2.1040679025115234
0.8040457244514624,-0.2099544723635572,0.4837052055367609,-1.4208922254358278,0.14718688838832467
-1.4488047904143881,-0.2099544723635572,-1.2469194866406308,-1.2488337034707155,-1.042946718764942
0.8040457244514624,-0.2099544723635572,0.4837052055367609,-1.352068816649783,-1.042946718764942
-1.4488047904143881,-0.2099544723635572,-1.2469194866406308,0.919103673289701,0.14718688838832467
0.8040457244514624,-1.582025289599178,-0.38160714055193495,-1.3864805210428055,0.14718688838832467
0.5082168689640276,1.1209542203549954,1.0666150246549542,0.2730064040452536,2.0948939614695696
0.8040457244514624,-0.2099544723635572,0.4837052055367609,-1.3176571122567604,0.14718688838832467
0.8040457244514624,-1.582025289599178,-0.38160714055193495,-1.3176571122567604,0.14718688838832467
0.8040457244514624,1.1621163448720637,1.3490175516254568,-0.9391283639335132,0.14718688838832467
-1.4488047904143881,-0.2099544723635572,-1.2469194866406308,0.850280264503656,-1.042946718764942
-1.4488047904143881,1.1621163448720637,-0.38160714055193495,-1.145598590291648,-1.042946718764942
0.8040457244514624,-0.2099544723635572,0.4837052055367609,0.850280264503656,-1.042946718764942
-1.4488047904143881,-1.582025289599178,-2.1122318327293264,-0.9047166595404906,0.14718688838832467
-1.4488047904143881,1.1621163448720637,-0.38160714055193495,-0.9047166595404906,0.14718688838832467
-0.1972211710444711,0.6887519129257742,0.013399254315252643,0.8068140357314066,2.093835429810883
0.8040457244514624,-1.582025289599178,-0.38160714055193495,0.9535153776827235,-1.042946718764942
-1.4488047904143881,-1.582025289599178,-2.1122318327293264,0.8846919688966784,0.14718688838832467
0.8040457244514624,1.1621163448720637,1.3490175516254568,-0.7670698419684006,-1.042946718764942
0.8040457244514624,1.1621163448720637,1.3490175516254568,0.6093983337524984,0.14718688838832467
0.8040457244514624,-0.2099544723635572,0.4837052055367609,0.8158685601106335,0.14718688838832467
0.8040457244514624,1.1621163448720637,1.3490175516254568,-1.2144219990776928,0.14718688838832467
0.8040457244514624,-1.582025289599178,-0.38160714055193495,1.0911621952548136,-1.042946718764942
-1.4488047904143881,-0.2099544723635572,-1.2469194866406308,1.0223387864687679,0.14718688838832467
0.8040457244514624,1.1621163448720637,1.3490175516254568,-1.0079517727195582,0.14718688838832467
-1.4488047904143881,-0.2099544723635572,-1.2469194866406308,0.8158685601106335,-1.042946718764942
0.8040457244514624,1.1621163448720637,1.3490175516254568,1.2632207172199261,-1.042946718764942
0.3489244083169472,-0.0521663283814608,0.3811511623211471,0.5244127813256844,1.5349307140241442
0.8040457244514624,1.1621163448720637,1.3490175516254568,1.1255738996478362,-1.042946718764942
-1.4488047904143881,-1.582025289599178,-2.1122318327293264,-1.2488337034707155,0.14718688838832467
-0.01517264459066506,0.31829279227215684,0.4166183803126624,1.2265015593984512,0.9033401576742313
-0.12895297362429387,0.8122382864769805,0.263248356807232,1.3888174334058698,1.7212322859530567
0.8040457244514624,1.1621163448720637,1.3490175516254568,-1.0767751815056033,0.14718688838832467
0.8040457244514624,-0.2099544723635572,0.4837052055367609,0.7470451513245885,-1.042946718764942
0.8040457244514624,-1.582025289599178,-0.38160714055193495,1.1255738996478362,-1.042946718764942
0.8040457244514624,-0.2099544723635572,0.4837052055367609,0.850280264503656,-1.042946718764942
0.8040457244514624,1.1621163448720637,1.3490175516254568,-1.4553039298288504,0.14718688838832467
-1.4488047904143881,1.1621163448720637,-0.38160714055193495,0.7126334469315663,0.14718688838832467
0.7585335928380106,0.37317562496158174,0.7846628421606061,-0.3176739454775605,1.4311946114728182
0.8040457244514624,-0.2099544723635572,0.4837052055367609,-1.2488337034707155,-1.042946718764942
-1.4488047904143881,1.1621163448720637,-0.38160714055193495,0.7814568557176109,-1.042946718764942
0.8040457244514624,-1.582025289599178,-0.38160714055193495,-0.7670698419684006,-1.042946718764942
-0.06068477620411663,0.03701827473885448,-0.016280861013970388,0.994468039733415,2.339767618512497
0.8040457244514624,1.1621163448720637,1.3490175516254568,0.643810038145521,0.14718688838832467
-1.4488047904143881,-0.2099544723635572,-1.2469194866406308,0.9879270820757461,0.14718688838832467
0.8040457244514624,1.1621163448720637,1.3490175516254568,0.919103673289701,-1.042946718764942
0.8040457244514624,-0.2099544723635572,0.4837052055367609,0.919103673289701,-1.042946718764942
-1.4488047904143881,-0.2099544723635572,-1.2469194866406308,-0.8014815463614231,0.14718688838832467
-1.4488047904143881,-1.582025289599178,-2.1122318327293264,1.2288090128269036,0.14718688838832467
0.7585335928380106,0.7024726210981307,0.8742813092793231,0.8283270204810166,0.8553533891470867
0.6902653954178334,0.8602607650802268,1.10323214066819,0.8867676974718229,1.9816310739900602
-1.4488047904143881,1.1621163448720637,-0.38160714055193495,1.2288090128269036,0.14718688838832467
0.3034122767034954,-0.18251305601884474,0.28625736364041016,-0.586125079004872,1.888480288025604
-1.4488047904143881,1.1621163448720637,-0.38160714055193495,0.643810038145521,-1.042946718764942
-1.4488047904143881,-0.2099544723635572,-1.2469194866406308,1.1255738996478362,-1.042946718764942
0.3034122767034954,1.1346749285273512,0.8381679441075038,0.3387228712432143,2.405396581351091
-1.4488047904143881,1.1621163448720637,-0.38160714055193495,1.1255738996478362,-1.042946718764942
0.8040457244514624,-1.582025289599178,-0.38160714055193495,1.0911621952548136,0.14718688838832467
0.8040457244514624,-1.582025289599178,-0.38160714055193495,0.850280264503656,0.14718688838832467
0.8040457244514624,-1.582025289599178,-0.38160714055193495,0.8846919688966784,-1.042946718764942
0.781289658644737,-0.07960774472617324,0.5576410772001795,-1.406121685600982,1.4227263582033212
0.8040457244514624,-1.582025289599178,-0.38160714055193495,0.6093983337524984,-1.042946718764942
-1.4488047904143881,-1.582025289599178,-2.1122318327293264,1.2288090128269036,-1.042946718764942
-0.1972211710444711,1.0660713876655703,0.5089919994894452,-0.7804189388855353,0.8878150266801552
0.21238801347659253,0.36631527087540344,0.26343208668392337,-1.6164962387648443,2.4029266741474884
-1.4488047904143881,1.1621163448720637,-0.38160714055193495,-1.3176571122567604,0.14718688838832467
0.8040457244514624,-0.2099544723635572,0.4837052055367609,-1.4553039298288504,-1.042946718764942
0.21238801347659253,-0.2099544723635572,-0.04013740017122231,0.003083444497840661,0.9043986893329183
-0.2882454342713742,0.8190986405631584,0.5244602133971997,1.0906197760502074,1.4033199444607267
0.41719260573712447,0.6132880179778154,0.5950366819296032,-0.25362928948665703,2.0860728643138446
0.8040457244514624,1.1621163448720637,1.3490175516254568,0.6782217425385434,0.14718688838832467
-1.4488047904143881,1.1621163448720637,-0.38160714055193495,-0.9391283639335132,-1.042946718764942
0.8040457244514624,-1.582025289599178,-0.38160714055193495,-0.8703049551474681,0.14718688838832467
-1.4488047904143881,1.1621163448720637,-0.38160714055193495,-0.8358932507544456,-1.042946718764942
0.8040457244514624,-0.2099544723635572,0.4837052055367609,1.056750490861791,-1.042946718764942
0.8040457244514624,1.1621163448720637,1.3490175516254568,0.9535153776827235,-1.042946718764942
0.8040457244514624,-1.582025289599178,-0.38160714055193495,0.850280264503656,-1.042946718764942
0.8040457244514624,-1.582025289599178,-0.38160714055193495,-1.4553039298288504,0.14718688838832467
0.8040457244514624,-1.582025289599178,-0.38160714055193495,-0.8014815463614231,0.14718688838832467
-1.4488047904143881,-0.2099544723635572,-1.2469194866406308,-0.8703049551474681,-1.042946718764942
0.8040457244514624,-0.2099544723635572,0.4837052055367609,0.7814568557176109,-1.042946718764942
0.8040457244514624,-0.2099544723635572,0.4837052055367609,-1.3176571122567604,0.14718688838832467
0.8040457244514624,-1.582025289599178,-0.38160714055193495,1.2288090128269036,0.14718688838832467
-1.4488047904143881,1.1621163448720637,-0.38160714055193495,-1.145598590291648,0.14718688838832467
-0.24273330265792264,0.22910818915184156,-0.15287902287201052,-0.4414350069091513,1.3468649226640868
0.8040457244514624,-1.582025289599178,-0.38160714055193495,-1.4553039298288504,-1.042946718764942
0.8040457244514624,-0.2099544723635572,0.4837052055367609,-0.8703049551474681,-1.042946718764942
-1.4488047904143881,-1.582025289599178,-2.1122318327293264,-0.8358932507544456,0.14718688838832467
0.8040457244514624,-0.2099544723635572,0.4837052055367609,1.0911621952548136,0.14718688838832467
0.8040457244514624,-1.582025289599178,-0.38160714055193495,0.6093983337524984,-1.042946718764942
-1.4488047904143881,-1.582025289599178,-2.1122318327293264,-0.8014815463614231,-1.042946718764942
-1.4488047904143881,1.1621163448720637,-0.38160714055193495,1.1599856040408578,0.14718688838832467
-1.4488047904143881,-1.582025289599178,-2.1122318327293264,-0.8014815463614231,0.14718688838832467
-1.4488047904143881,-1.582025289599178,-2.1122318327293264,1.2632207172199261,0.14718688838832467
0.8040457244514624,-0.2099544723635572,0.4837052055367609,-1.1800102946846704,0.14718688838832467
0.8040457244514624,1.1621163448720637,1.3490175516254568,-1.0767751815056033,0.14718688838832467
0.8040457244514624,-0.2099544723635572,0.4837052055367609,1.2288090128269036,0.14718688838832467
-0.15170903943101952,1.1072335121826387,0.671157095090834,-0.8048830882626024,2.0098585848883803
0.8040457244514624,1.1621163448720637,1.3490175516254568,1.2976324216129478,-1.042946718764942
-1.4488047904143881,-0.2099544723635572,-1.2469194866406308,0.643810038145521,-1.042946718764942
-1.4488047904143881,-0.2099544723635572,-1.2469194866406308,-1.352068816649783,-1.042946718764942
0.8040457244514624,-0.2099544723635572,0.4837052055367609,-1.0423634771125805,-1.042946718764942
-1.4488047904143881,-1.582025289599178,-2.1122318327293264,1.0223387864687679,-1.042946718764942
-1.4488047904143881,-0.2099544723635572,-1.2469194866406308,1.0911621952548136,-1.042946718764942
-0.219977236851197,0.7024726210981307,0.3603111209381111,-0.9848689879149717,1.9279988032832522
0.8040457244514624,1.1621163448720637,1.3490175516254568,0.6782217425385434,-1.042946718764942
0.8040457244514624,1.1621163448720637,1.3490175516254568,0.9535153776827235,-1.042946718764942
0.8040457244514624,1.1621163448720637,1.3490175516254568,0.850280264503656,0.14718688838832467
0.053095552829512165,0.02329756656649826,0.2632154701136876,0.23436692384752097,2.1471148566314615
-0.17446510523774542,0.30457208409980063,0.04523540950221384,0.09050103131357135,1.3115805340411861
0.8040457244514624,0.3114324381859786,0.8419321099650888,-0.739445524525785,2.328829458039398
-1.4488047904143881,1.1621163448720637,-0.38160714055193495,-1.3176571122567604,0.14718688838832467
0.8040457244514624,1.1621163448720637,1.3490175516254568,-1.0767751815056033,0.14718688838832467
0.8040457244514624,-1.582025289599178,-0.38160714055193495,1.0911621952548136,0.14718688838832467
-1.4488047904143881,-0.2099544723635572,-1.2469194866406308,1.0911621952548136,-1.042946718764942
0.8040457244514624,1.1621163448720637,1.3490175516254568,0.8158685601106335,0.14718688838832467
-1.4488047904143881,-1.582025289599178,-2.1122318327293264,0.7814568557176109,-1.042946718764942
0.8040457244514624,-1.582025289599178,-0.38160714055193495,-1.1111868858986256,0.14718688838832467
-1.4488047904143881,1.1621163448720637,-0.38160714055193495,-1.3864805210428055,0.14718688838832467
0.8040457244514624,-1.582025289599178,-0.38160714055193495,-0.8703049551474681,0.14718688838832467
-1.4488047904143881,1.1621163448720637,-0.38160714055193495,1.2288090128269036,0.14718688838832467
0.8040457244514624,-0.2099544723635572,0.4837052055367609,-1.352068816649783,-1.042946718764942
-1.4488047904143881,1.1621163448720637,-0.38160714055193495,-1.4553039298288504,-1.042946718764942
0.8040457244514624,1.1621163448720637,1.3490175516254568,0.7814568557176109,0.14718688838832467
-1.4488047904143881,1.1621163448720637,-0.38160714055193495,-0.7670698419684006,-1.042946718764942
0.8040457244514624,1.1621163448720637,1.3490175516254568,0.7470451513245885,0.14718688838832467
-0.12895297362429387,1.0180489090623235,0.2747830548940811,0.34832213444179544,2.4809051730040976
0.6902653954178334,1.1415352826135292,1.0188683521737552,-0.11298079742570102,1.3599201464545592
0.8040457244514624,-0.2099544723635572,0.4837052055367609,-1.2144219990776928,0.14718688838832467
0.8040457244514624,-0.2099544723635572,0.4837052055367609,1.0223387864687679,0.14718688838832467
0.8040457244514624,-0.2099544723635572,0.4837052055367609,-1.4208922254358278,-1.042946718764942
0.8040457244514624,1.1621163448720637,1.3490175516254568,0.8846919688966784,0.14718688838832467
-1.4488047904143881,1.1621163448720637,-0.38160714055193495,-0.9047166595404906,0.14718688838832467
0.8040457244514624,1.1621163448720637,1.3490175516254568,1.1255738996478362,0.14718688838832467
0.8040457244514624,-1.582025289599178,-0.38160714055193495,0.7126334469315663,0.14718688838832467
0.8040457244514624,-0.2099544723635572,0.4837052055367609,1.1943973084338804,-1.042946718764942
-1.4488047904143881,-0.2099544723635572,-1.2469194866406308,-1.2488337034707155,0.14718688838832467
0.3034122767034954,0.6818915588395962,0.39347248986201183,-0.6343748511247781,2.1891032790927136
0.8040457244514624,1.1621163448720637,1.3490175516254568,1.1943973084338804,-1.042946718764942
0.8040457244514624,1.1621163448720637,1.3490175516254568,-1.3176571122567604,-1.042946718764942
0.8040457244514624,1.1621163448720637,1.3490175516254568,-1.2144219990776928,0.14718688838832467
0.8040457244514624,1.1621163448720637,1.3490175516254568,0.9535153776827235,0.14718688838832467
-0.2882454342713742,1.0180489090623235,0.6692053646199851,-1.1964178846356324,1.4421327719459172
-1.4488047904143881,1.1621163448720637,-0.38160714055193495,1.0223387864687679,0.14718688838832467
-1.4488047904143881,1.1621163448720637,-0.38160714055193495,-0.9735400683265355,0.14718688838832467
-0.15170903943101952,0.8602607650802268,0.6533895222122491,-0.3895319934597066,1.3454535471191702
0.8040457244514624,1.1621163448720637,1.3490175516254568,1.2288090128269036,0.14718688838832467
0.8040457244514624,1.1621163448720637,1.3490175516254568,1.056750490861791,0.14718688838832467
-1.4488047904143881,-0.2099544723635572,-1.2469194866406308,-0.8358932507544456,0.14718688838832467
-1.4488047904143881,-1.582025289599178,-2.1122318327293264,-1.0423634771125805,0.14718688838832467
0.8040457244514624,-0.2099544723635572,0.4837052055367609,1.1255738996478362,-1.042946718764942
0.8040457244514624,-1.582025289599178,-0.38160714055193495,0.7470451513245885,-1.042946718764942
0.8040457244514624,1.1621163448720637,1.3490175516254568,1.0223387864687679,0.14718688838832467
-1.4488047904143881,1.1621163448720637,-0.38160714055193495,-1.4553039298288504,-1.042946718764942
0.8040457244514624,-1.582025289599178,-0.38160714055193495,1.1599856040408578,0.14718688838832467
0.8040457244514624,-0.2099544723635572,0.4837052055367609,-1.2144219990776928,-1.042946718764942
0.21238801347659253,0.3594549167892255,0.6753695169690592,0.6513373908976711,1.6534862597970883
0.8040457244514624,-0.2099544723635572,0.4837052055367609,0.7126334469315663,0.14718688838832467
-1.4488047904143881,-0.2099544723635572,-1.2469194866406308,1.2976324216129478,-1.042946718764942
0.8040457244514624,-0.2099544723635572,0.4837052055367609,-1.0767751815056033,0.14718688838832467
0.5764850663842048,0.11248216968681385,0.7390681906434258,-1.6481037829781875,1.6256115927849977
-1.4488047904143881,1.1621163448720637,-0.38160714055193495,-1.145598590291648,0.14718688838832467
-1.4488047904143881,-0.2099544723635572,-1.2469194866406308,-1.4208922254358278,0.14718688838832467
0.8040457244514624,-1.582025289599178,-0.38160714055193495,-1.3864805210428055,-1.042946718764942
0.5764850663842048,0.22224783506566329,0.7887460683422608,-0.5637896940336866,0.7787862658353936
-1.4488047904143881,-0.2099544723635572,-1.2469194866406308,-1.4208922254358278,0.14718688838832467
0.5537290005774789,0.12620287785917006,0.3352566651788321,0.5087214290103728,2.2233291360569263
0.12136375024968965,0.256549605496554,0.28426124670143854,0.1530488771779653,1.535636401796602
-1.4488047904143881,-0.2099544723635572,-1.2469194866406308,1.056750490861791,0.14718688838832467
0.8040457244514624,1.1621163448720637,1.3490175516254568,-0.9735400683265355,0.14718688838832467
-1.4488047904143881,1.1621163448720637,-0.38160714055193495,0.7126334469315663,0.14718688838832467
0.8040457244514624,1.1621163448720637,1.3490175516254568,0.919103673289701,-1.042946718764942
0.09860768444296374,0.6475897884087058,0.21192119068099421,-0.48032971535536256,1.9519921875468238
-1.4488047904143881,1.1621163448720637,-0.38160714055193495,-1.4208922254358278,-1.042946718764942
0.8040457244514624,-1.582025289599178,-0.38160714055193495,0.8846919688966784,0.14718688838832467
0.46270473735057627,0.09876146151445762,0.5077394921172251,-0.22531965955498687,0.8740541151172241
0.8040457244514624,1.1621163448720637,1.3490175516254568,-1.2144219990776928,-1.042946718764942
0.8040457244514624,1.1621163448720637,1.3490175516254568,-1.4553039298288504,0.14718688838832467
0.8040457244514624,-1.582025289599178,-0.38160714055193495,1.1599856040408578,-1.042946718764942
-1.4488047904143881,1.1621163448720637,-0.38160714055193495,0.9535153776827235,-1.042946718764942
0.8040457244514624,1.1621163448720637,1.3490175516254568,-1.2488337034707155,0.14718688838832467
0.8040457244514624,-0.2099544723635572,0.4837052055367609,-0.9391283639335132,-1.042946718764942
0.41719260573712447,0.28399102184126646,0.4489775484052814,0.2740608020455761,2.2226234482844687
0.8040457244514624,-0.2099544723635572,0.4837052055367609,1.0911621952548136,0.14718688838832467
0.8040457244514624,-0.2099544723635572,0.4837052055367609,-1.0079517727195582,0.14718688838832467
-1.4488047904143881,1.1621163448720637,-0.38160714055193495,0.8846919688966784,0.14718688838832467
0.8040457244514624,-0.2099544723635572,0.4837052055367609,0.7126334469315663,0.14718688838832467
0.8040457244514624,1.1621163448720637,1.3490175516254568,-0.9391283639335132,0.14718688838832467
0.3034122767034954,0.4966619985127877,0.2952359378479212,0.6716876412267155,1.0501232143454962
0.8040457244514624,1.1621163448720637,1.3490175516254568,0.850280264503656,0.14718688838832467
0.8040457244514624,1.1621163448720637,1.3490175516254568,0.919103673289701,0.14718688838832467
0.8040457244514624,-0.2099544723635572,0.4837052055367609,-0.7670698419684006,0.14718688838832467
0.8040457244514624,-0.2099544723635572,0.4837052055367609,-0.8703049551474681,0.14718688838832467
-1.4488047904143881,-0.2099544723635572,-1.2469194866406308,0.7470451513245885,-1.042946718764942
-1.4488047904143881,1.1621163448720637,-0.38160714055193495,-1.2488337034707155,0.14718688838832467
-1.4488047904143881,-1.582025289599178,-2.1122318327293264,0.7470451513245885,-1.042946718764942
0.8040457244514624,-0.2099544723635572,0.4837052055367609,-0.9391283639335132,0.14718688838832467
0.644753263804382,0.544684477116034,0.6881473668135055,0.11788293647121885,1.26782789214879
0.8040457244514624,1.1621163448720637,1.3490175516254568,-1.145598590291648,0.14718688838832467
0.8040457244514624,-0.2099544723635572,0.4837052055367609,-0.8358932507544456,-1.042946718764942
0.8040457244514624,1.1621163448720637,1.3490175516254568,0.6782217425385434,0.14718688838832467
0.28065621089677,-0.14821128558795435,0.010014546450431776,0.9443369504645374,1.1196334599326094
0.030339487022786507,0.9288643059420082,0.5360911443063042,-1.292903756213961,2.1548774221285
0.8040457244514624,1.1621163448720637,1.3490175516254568,-1.2488337034707155,0.14718688838832467
-1.4488047904143881,-0.2099544723635572,-1.2469194866406308,-1.1111868858986256,-1.042946718764942
0.8040457244514624,1.1621163448720637,1.3490175516254568,-0.9047166595404906,-1.042946718764942
-1.4488047904143881,-1.582025289599178,-2.1122318327293264,-0.8014815463614231,-1.042946718764942
0.5082168689640276,0.8739814732525834,1.1706205938032528,-0.1229206187890796,1.8390821439535436
-1.4488047904143881,-0.2099544723635572,-1.2469194866406308,0.6782217425385434,-1.042946718764942
0.7130214612245592,0.7504950997013776,0.8697154196477517,0.9131427429425372,1.9763384156966253
-1.4488047904143881,-0.2099544723635572,-1.2469194866406308,-0.8703049551474681,0.14718688838832467
-1.4488047904143881,-0.2099544723635572,-1.2469194866406308,-1.2144219990776928,-1.042946718764942
0.8040457244514624,-0.2099544723635572,0.4837052055367609,1.0223387864687679,0.14718688838832467
0.8040457244514624,1.1621163448720637,1.3490175516254568,-0.8358932507544456,0.14718688838832467
0.8040457244514624,-1.582025289599178,-0.38160714055193495,-0.8703049551474681,-1.042946718764942
0.8040457244514624,1.1621163448720637,1.3490175516254568,-0.9735400683265355,-1.042946718764942
-1.4488047904143881,-0.2099544723635572,-1.2469194866406308,1.056750490861791,-1.042946718764942
0.6219971979976562,0.44863951990954076,0.7882403425693295,-0.45979325457190173,1.2226638747114775
0.8040457244514624,-1.582025289599178,-0.38160714055193495,-1.145598590291648,-1.042946718764942
-1.4488047904143881,-0.2099544723635572,-1.2469194866406308,0.7470451513245885,-1.042946718764942
0.18963194766986688,1.0797920958379263,0.7177064855921823,-0.7069703411389153,2.028912154744746
0.8040457244514624,-1.582025289599178,-0.38160714055193495,-0.9735400683265355,0.14718688838832467
0.5537290005774789,0.19480641872095086,0.5184598647623326,0.07979183870160068,1.0540044970940146
0.8040457244514624,1.1621163448720637,1.3490175516254568,0.7814568557176109,0.14718688838832467
0.8040457244514624,-1.582025289599178,-0.38160714055193495,1.2288090128269036,-1.042946718764942
-0.01517264459066506,0.40061704130629416,0.03175283851935544,1.0270150412462258,1.4308417675865888
0.8040457244514624,-1.582025289599178,-0.38160714055193495,1.0911621952548136,0.14718688838832467
-1.4488047904143881,-1.582025289599178,-2.1122318327293264,-1.4553039298288504,0.14718688838832467
0.8040457244514624,-1.582025289599178,-0.38160714055193495,-1.0079517727195582,0.14718688838832467
-1.4488047904143881,-0.2099544723635572,-1.2469194866406308,-1.0079517727195582,0.14718688838832467
0.8040457244514624,-0.2099544723635572,0.4837052055367609,-1.2832454078637379,-1.042946718764942
0.8040457244514624,-0.2099544723635572,0.4837052055367609,1.1599856040408578,0.14718688838832467
0.8040457244514624,-0.2099544723635572,0.4837052055367609,-1.4208922254358278,-1.042946718764942
-1.4488047904143881,1.1621163448720637,-0.38160714055193495,0.6782217425385434,0.14718688838832467
-1.4488047904143881,-0.2099544723635572,-1.2469194866406308,-0.8358932507544456,0.14718688838832467
-0.24273330265792264,1.1072335121826387,0.6800358554197616,0.0969742750505566,2.1432335738829433
0.8040457244514624,1.1621163448720637,1.3490175516254568,-1.3176571122567604,0.14718688838832467
-1.4488047904143881,-0.2099544723635572,-1.2469194866406308,0.6093983337524984,0.14718688838832467
0.8040457244514624,-0.2099544723635572,0.4837052055367609,-1.3864805210428055,0.14718688838832467
-1.4488047904143881,-0.2099544723635572,-1.2469194866406308,1.1255738996478362,0.14718688838832467
-1.4488047904143881,-0.2099544723635572,-1.2469194866406308,-1.2832454078637379,0.14718688838832467
-1.4488047904143881,1.1621163448720637,-0.38160714055193495,0.9535153776827235,0.14718688838832467
0.12136375024968965,0.5652655393745685,0.7361287737349593,0.7388616274067549,2.3531756861891986
-1.4488047904143881,-1.582025289599178,-2.1122318327293264,-1.0423634771125805,-1.042946718764942
-1.4488047904143881,-1.582025289599178,-2.1122318327293264,0.7470451513245885,0.14718688838832467
-1.4488047904143881,-0.2099544723635572,-1.2469194866406308,1.056750490861791,0.14718688838832467
0.5082168689640276,0.057599336997388964,0.217046433746873,0.4205842052883124,1.7660434595041405
0.8040457244514624,-0.2099544723635572,0.4837052055367609,1.1599856040408578,-1.042946718764942
0.8040457244514624,-0.2099544723635572,0.4837052055367609,-0.9735400683265355,-1.042946718764942
-1.4488047904143881,-1.582025289599178,-2.1122318327293264,1.0911621952548136,-1.042946718764942
0.8040457244514624,-0.2099544723635572,0.4837052055367609,0.6093983337524984,0.14718688838832467
-1.4488047904143881,-0.2099544723635572,-1.2469194866406308,0.9879270820757461,-1.042946718764942
0.39443653993039907,0.8808418273387613,0.9652898320878137,-0.8675351228256579,1.7148810960009353
-1.4488047904143881,-1.582025289599178,-2.1122318327293264,0.8846919688966784,-1.042946718764942
0.8040457244514624,-1.582025289599178,-0.38160714055193495,1.1599856040408578,0.14718688838832467
-1.4488047904143881,-0.2099544723635572,-1.2469194866406308,1.1255738996478362,0.14718688838832467
-1.4488047904143881,1.1621163448720637,-0.38160714055193495,1.056750490861791,0.14718688838832467
0.5309729347707535,0.5035223525989656,0.773882161814062,0.7681714897873486,2.112888999667249
-1.4488047904143881,1.1621163448720637,-0.38160714055193495,-1.2488337034707155,-1.042946718764942
-1.4488047904143881,-1.582025289599178,-2.1122318327293264,1.2288090128269036,-1.042946718764942
0.8040457244514624,-1.582025289599178,-0.38160714055193495,0.9535153776827235,-1.042946718764942
0.8040457244514624,-0.2099544723635572,0.4837052055367609,0.7814568557176109,-1.042946718764942
-1.4488047904143881,-0.2099544723635572,-1.2469194866406308,1.2976324216129478,-1.042946718764942
0.8040457244514624,1.1621163448720637,1.3490175516254568,0.8158685601106335,-1.042946718764942
-1.4488047904143881,-0.2099544723635572,-1.2469194866406308,-1.3864805210428055,0.14718688838832467
0.8040457244514624,-0.2099544723635572,0.4837052055367609,-1.1111868858986256,-1.042946718764942
-1.4488047904143881,1.1621163448720637,-0.38160714055193495,1.2288090128269036,0.14718688838832467
0.8040457244514624,-1.582025289599178,-0.38160714055193495,-0.9047166595404906,0.14718688838832467
-0.219977236851197,0.5309637689436781,-0.06451592834282598,-1.2023914239820812,1.12280905490867
0.8040457244514624,-0.2099544723635572,0.4837052055367609,-1.4208922254358278,-1.042946718764942
0.5764850663842048,0.13992358603152596,0.6991914250390443,0.842646891290227,0.7607912276377148
-1.4488047904143881,-1.582025289599178,-2.1122318327293264,1.2632207172199261,0.14718688838832467
-1.4488047904143881,-0.2099544723635572,-1.2469194866406308,-1.3864805210428055,0.14718688838832467
0.8040457244514624,-0.2099544723635572,0.4837052055367609,0.850280264503656,0.14718688838832467
-1.4488047904143881,-1.582025289599178,-2.1122318327293264,1.2288090128269036,-1.042946718764942
-0.15170903943101952,0.6201483720639934,0.4033429145450072,-1.066985906843728,1.6735983613121412
-1.4488047904143881,-0.2099544723635572,-1.2469194866406308,-0.7670698419684006,-1.042946718764942
-0.037928710397390715,0.338873854530691,0.3511078403744823,0.6484965757377208,1.7332289780848436
-1.4488047904143881,-0.2099544723635572,-1.2469194866406308,0.6782217425385434,-1.042946718764942
-1.4488047904143881,1.1621163448720637,-0.38160714055193495,-1.4208922254358278,-1.042946718764942
0.8040457244514624,-0.2099544723635572,0.4837052055367609,0.6093983337524984,0.14718688838832467
0.8040457244514624,-0.2099544723635572,0.4837052055367609,-1.3176571122567604,-1.042946718764942
-1.4488047904143881,-1.582025289599178,-2.1122318327293264,1.2976324216129478,0.14718688838832467
0.8040457244514624,-1.582025289599178,-0.38160714055193495,1.1599856040408578,-1.042946718764942
0.5537290005774789,0.44863951990954076,0.59814016470622,-0.37687507378781004,2.025383715882456
0.8040457244514624,-0.2099544723635572,0.4837052055367609,0.6093983337524984,0.14718688838832467
0.8040457244514624,-0.2099544723635572,0.4837052055367609,1.2632207172199261,0.14718688838832467
0.8040457244514624,-0.2099544723635572,0.4837052055367609,0.850280264503656,0.14718688838832467
0.8040457244514624,1.1621163448720637,1.3490175516254568,0.850280264503656,0.14718688838832467
0.8040457244514624,1.1621163448720637,1.3490175516254568,0.7470451513245885,0.14718688838832467
-0.12895297362429387,0.16736500237623841,0.1139522275811582,0.4706498428447041,2.0440844418525934
0.8040457244514624,-0.2099544723635572,0.4837052055367609,-1.0423634771125805,0.14718688838832467
0.8040457244514624,1.1621163448720637,1.3490175516254568,1.0911621952548136,-1.042946718764942
-1.4488047904143881,1.1621163448720637,-0.38160714055193495,0.7470451513245885,0.14718688838832467
-1.4488047904143881,1.1621163448720637,-0.38160714055193495,1.1943973084338804,-1.042946718764942
-1.4488047904143881,-1.582025289599178,-2.1122318327293264,-1.3864805210428055,0.14718688838832467
0.8040457244514624,-0.2099544723635572,0.4837052055367609,-1.0423634771125805,0.14718688838832467
-1.4488047904143881,1.1621163448720637,-0.38160714055193495,-1.145598590291648,-1.042946718764942
0.3034122767034954,1.1140938662688167,1.2246246330100492,-1.0009134945457774,1.5952670185693034
-1.4488047904143881,1.1621163448720637,-0.38160714055193495,-1.4208922254358278,0.14718688838832467
0.5309729347707535,0.31829279227215684,0.33639201771927746,-0.8262129559900555,2.222270604398239
-1.4488047904143881,1.1621163448720637,-0.38160714055193495,0.7814568557176109,-1.042946718764942
0.8040457244514624,-1.582025289599178,-0.38160714055193495,-1.0767751815056033,-1.042946718764942
-1.4488047904143881,-0.2099544723635572,-1.2469194866406308,0.7814568557176109,0.14718688838832467
-1.4488047904143881,1.1621163448720637,-0.38160714055193495,0.8158685601106335,-1.042946718764942
0.8040457244514624,-1.582025289599178,-0.38160714055193495,0.7470451513245885,0.14718688838832467
0.8040457244514624,-1.582025289599178,-0.38160714055193495,-1.0079517727195582,0.14718688838832467
-1.4488047904143881,1.1621163448720637,-0.38160714055193495,0.8158685601106335,0.14718688838832467
0.8040457244514624,-1.582025289599178,-0.38160714055193495,-1.2488337034707155,0.14718688838832467
-1.4488047904143881,1.1621163448720637,-0.38160714055193495,-1.2144219990776928,-1.042946718764942
-1.4488047904143881,-0.2099544723635572,-1.2469194866406308,0.919103673289701,-1.042946718764942
0.8040457244514624,1.1621163448720637,1.3490175516254568,-0.9047166595404906,0.14718688838832467
-1.4488047904143881,-0.2099544723635572,-1.2469194866406308,0.6782217425385434,-1.042946718764942
0.2579001450900441,0.6956122670119528,0.48523962606417703,-0.00624425020096945,1.9417597148461834
0.8040457244514624,1.1621163448720637,1.3490175516254568,-1.1111868858986256,0.14718688838832467
-1.4488047904143881,1.1621163448720637,-0.38160714055193495,-0.8358932507544456,0.14718688838832467
0.8040457244514624,-1.582025289599178,-0.38160714055193495,-1.3864805210428055,-1.042946718764942
0.8040457244514624,-1.582025289599178,-0.38160714055193495,1.1599856040408578,0.14718688838832467
0.8040457244514624,1.1621163448720637,1.3490175516254568,1.1943973084338804,-1.042946718764942
-1.4488047904143881,-0.2099544723635572,-1.2469194866406308,1.1599856040408578,-1.042946718764942
0.8040457244514624,-1.582025289599178,-0.38160714055193495,-1.1111868858986256,-1.042946718764942
0.8040457244514624,-0.2099544723635572,0.4837052055367609,1.1943973084338804,0.14718688838832467
0.8040457244514624,1.1621163448720637,1.3490175516254568,-1.0423634771125805,0.14718688838832467
0.8040457244514624,-0.2099544723635572,0.4837052055367609,0.9879270820757461,0.14718688838832467
0.8040457244514624,1.1621163448720637,1.3490175516254568,-1.352068816649783,0.14718688838832467
-1.4488047904143881,-0.2099544723635572,-1.2469194866406308,-1.1111868858986256,-1.042946718764942
-1.4488047904143881,1.1621163448720637,-0.38160714055193495,-0.9391283639335132,0.14718688838832467
-1.4488047904143881,-0.2099544723635572,-1.2469194866406308,-1.2144219990776928,0.14718688838832467
0.8040457244514624,-0.2099544723635572,0.4837052055367609,-1.1800102946846704,-1.042946718764942
0.8040457244514624,1.1621163448720637,1.3490175516254568,0.919103673289701,-1.042946718764942
-0.3110015000780999,0.8053779323908025,0.1978299120891409,0.1564221711322721,1.294996871388423
0.8040457244514624,1.1621163448720637,1.3490175516254568,-1.2832454078637379,-1.042946718764942
-1.4488047904143881,-0.2099544723635572,-1.2469194866406308,-1.0079517727195582,0.14718688838832467
0.8040457244514624,-1.582025289599178,-0.38160714055193495,1.1943973084338804,0.14718688838832467
-1.4488047904143881,-0.2099544723635572,-1.2469194866406308,-0.9391283639335132,-1.042946718764942
0.8040457244514624,1.1621163448720637,1.3490175516254568,1.2288090128269036,0.14718688838832467
0.8040457244514624,-0.2099544723635572,0.4837052055367609,0.7126334469315663,-1.042946718764942
0.8040457244514624,-0.2099544723635572,0.4837052055367609,1.2976324216129478,-1.042946718764942
0.8040457244514624,-1.582025289599178,-0.38160714055193495,-0.8014815463614231,-1.042946718764942
0.8040457244514624,-0.2099544723635572,0.4837052055367609,0.643810038145521,-1.042946718764942
0.8040457244514624,1.1621163448720637,1.3490175516254568,0.7126334469315663,0.14718688838832467
-0.1972211710444711,1.0523506794932138,0.6578730190221631,-0.9593362361483194,1.4068483833230165
0.8040457244514624,1.1621163448720637,1.3490175516254568,-1.4553039298288504,-1.042946718764942
0.3034122767034954,0.9563057222867206,1.0047375588467895,-1.264489986069001,2.1086548730325005
-1.4488047904143881,1.1621163448720637,-0.38160714055193495,1.2632207172199261,-1.042946718764942
-1.4488047904143881,-0.2099544723635572,-1.2469194866406308,1.056750490861791,-1.042946718764942
0.5764850663842048,0.31829279227215684,0.5316350019653772,-0.9569029968001747,1.3786208724246967
-1.4488047904143881,1.1621163448720637,-0.38160714055193495,0.643810038145521,0.14718688838832467
0.8040457244514624,-1.582025289599178,-0.38160714055193495,0.8846919688966784,-1.042946718764942
0.8040457244514624,1.1621163448720637,1.3490175516254568,-0.9735400683265355,0.14718688838832467
-1.4488047904143881,-0.2099544723635572,-1.2469194866406308,0.9535153776827235,-1.042946718764942
0.8040457244514624,-1.582025289599178,-0.38160714055193495,1.2976324216129478,-1.042946718764942
0.8040457244514624,-0.2099544723635572,0.4837052055367609,1.1943973084338804,0.14718688838832467
0.8040457244514624,-1.582025289599178,-0.38160714055193495,0.850280264503656,-1.042946718764942
0.8040457244514624,-1.582025289599178,-0.38160714055193495,0.7814568557176109,0.14718688838832467
0.8040457244514624,-0.2099544723635572,0.4837052055367609,-0.8014815463614231,0.14718688838832467
0.8040457244514624,1.1621163448720637,1.3490175516254568,-1.145598590291648,0.14718688838832467
-1.4488047904143881,1.1621163448720637,-0.38160714055193495,0.9535153776827235,-1.042946718764942
0.667509329611108,0.3114324381859786,0.6374596995670669,-0.6028651222794909,1.3867362818079636
-1.4488047904143881,-1.582025289599178,-2.1122318327293264,-1.145598590291648,0.14718688838832467
-1.4488047904143881,-1.582025289599178,-2.1122318327293264,1.056750490861791,-1.042946718764942
-0.1061969078175682,0.8671211191664053,0.3931088188214688,1.2071047130230017,0.9739089349200316
0.8040457244514624,-1.582025289599178,-0.38160714055193495,-1.352068816649783,-1.042946718764942
0.8040457244514624,-1.582025289599178,-0.38160714055193495,1.1255738996478362,0.14718688838832467
0.8040457244514624,-0.2099544723635572,0.4837052055367609,-1.145598590291648,-1.042946718764942
-0.1061969078175682,0.8945625355111178,0.6312659386739363,0.4004655065249259,1.562099693263777
-1.4488047904143881,1.1621163448720637,-0.38160714055193495,0.8158685601106335,0.14718688838832467
-0.219977236851197,-0.03844562020910458,-0.04346311336170762,-1.3265367523216167,1.0331867078065038
-1.4488047904143881,1.1621163448720637,-0.38160714055193495,0.9879270820757461,-1.042946718764942
0.8040457244514624,1.1621163448720637,1.3490175516254568,-1.3176571122567604,-1.042946718764942
-1.4488047904143881,-1.582025289599178,-2.1122318327293264,1.2288090128269036,-1.042946718764942
0.8040457244514624,-0.2099544723635572,0.4837052055367609,0.7126334469315663,-1.042946718764942
0.7585335928380106,-0.16879234784648853,0.28517600045645597,-0.6301332243740163,1.391676096215169
0.3489244083169472,0.4898016444266091,0.5453163826552602,-0.9450263356340888,1.5613940054913191
-0.2654893684646483,-0.011004203864392138,-0.18385716198898197,-0.9293700689107453,2.0465543490561964
-0.15170903943101952,0.1536442942038822,-0.07101250301254126,1.3898919533396557,1.6707756102223101
0.8040457244514624,-0.2099544723635572,0.4837052055367609,-0.8014815463614231,0.14718688838832467
0.5764850663842048,1.1003731580964609,0.968193923008303,-0.40153251418480734,1.5800947314614566
-0.01517264459066506,0.9425850141143641,0.609488924744431,-0.14020549651549702,1.5790361998027695
-1.4488047904143881,-0.2099544723635572,-1.2469194866406308,-1.2488337034707155,0.14718688838832467
-1.4488047904143881,-1.582025289599178,-2.1122318327293264,0.919103673289701,-1.042946718764942
0.07585161863623807,0.1879460646347729,0.2851676768874219,0.5591212447754024,2.1605229243081645
0.8040457244514624,-1.582025289599178,-0.38160714055193495,1.0223387864687679,0.14718688838832467
0.8040457244514624,1.1621163448720637,1.3490175516254568,0.850280264503656,0.14718688838832467
-1.4488047904143881,-1.582025289599178,-2.1122318327293264,0.6093983337524984,-1.042946718764942
-1.4488047904143881,-0.2099544723635572,-1.2469194866406308,1.2288090128269036,0.14718688838832467
0.8040457244514624,-0.2099544723635572,0.4837052055367609,0.8846919688966784,-1.042946718764942
0.8040457244514624,-1.582025289599178,-0.38160714055193495,0.919103673289701,0.14718688838832467
-1.4488047904143881,1.1621163448720637,-0.38160714055193495,1.0911621952548136,0.14718688838832467
0.8040457244514624,-1.582025289599178,-0.38160714055193495,1.056750490861791,0.14718688838832467
-1.4488047904143881,1.1621163448720637,-0.38160714055193495,0.9535153776827235,-1.042946718764942
-1.4488047904143881,-0.2099544723635572,-1.2469194866406308,1.1943973084338804,-1.042946718764942
0.8040457244514624,-1.582025289599178,-0.38160714055193495,-1.2832454078637379,-1.042946718764942
0.8040457244514624,1.1621163448720637,1.3490175516254568,1.1255738996478362,0.14718688838832467
0.8040457244514624,-0.2099544723635572,0.4837052055367609,1.2976324216129478,0.14718688838832467
-1.4488047904143881,1.1621163448720637,-0.38160714055193495,0.9879270820757461,0.14718688838832467
0.8040457244514624,1.1621163448720637,1.3490175516254568,-1.1111868858986256,0.14718688838832467
0.8040457244514624,-1.582025289599178,-0.38160714055193495,0.7814568557176109,0.14718688838832467
0.8040457244514624,-1.582025289599178,-0.38160714055193495,1.0911621952548136,-1.042946718764942
-0.15170903943101952,0.7573554537875555,0.5687481513437783,-1.1508587040291751,1.8260269201630703
0.8040457244514624,1.1621163448720637,1.3490175516254568,0.8846919688966784,0.14718688838832467
0.8040457244514624,1.1621163448720637,1.3490175516254568,-0.7670698419684006,0.14718688838832467
0.8040457244514624,-1.582025289599178,-0.38160714055193495,-1.3176571122567604,0.14718688838832467
0.46270473735057627,0.8808418273387613,0.9971591119392068,-1.2409893271759662,2.085014332655158
-0.01517264459066506,-0.07960774472617324,-0.07128327826243527,-0.37701621588668516,0.8564119208057738
0.37168047412367267,0.27713066775508816,0.47014302943558595,-0.04899234679081548,1.6986502772344008
0.7130214612245592,0.47608093625425324,1.0364111125120015,0.22866215763651698,1.1535064730105935
-1.4488047904143881,1.1621163448720637,-0.38160714055193495,1.2976324216129478,0.14718688838832467
0.41719260573712447,0.1742253564624167,0.699463382497635,-1.170934141005679,2.005271614367403
-1.4488047904143881,-0.2099544723635572,-1.2469194866406308,1.1943973084338804,0.14718688838832467
-1.4488047904143881,-1.582025289599178,-2.1122318327293264,0.6093983337524984,0.14718688838832467
-1.4488047904143881,1.1621163448720637,-0.38160714055193495,1.056750490861791,-1.042946718764942
-1.4488047904143881,-0.2099544723635572,-1.2469194866406308,1.056750490861791,0.14718688838832467
-1.4488047904143881,-0.2099544723635572,-1.2469194866406308,1.0911621952548136,-1.042946718764942
0.8040457244514624,-1.582025289599178,-0.38160714055193495,-0.8358932507544456,0.14718688838832467
-1.4488047904143881,-0.2099544723635572,-1.2469194866406308,1.1255738996478362,0.14718688838832467
0.43994867154384987,-0.0864680988123512,0.3900438340585238,0.3906174258152153,1.2815888037117211
0.8040457244514624,-1.582025289599178,-0.38160714055193495,-1.2832454078637379,0.14718688838832467
-1.4488047904143881,1.1621163448720637,-0.38160714055193495,1.1255738996478362,0.14718688838832467
0.8040457244514624,1.1621163448720637,1.3490175516254568,0.643810038145521,-1.042946718764942
-0.06068477620411663,1.1278145744411732,0.6910187396035546,0.35544439894313246,0.7375035311466004
0.18963194766986688,0.7367743915290211,0.5972852972139034,0.4247090510198768,1.639725348234158
0.8040457244514624,-1.582025289599178,-0.38160714055193495,-0.8358932507544456,-1.042946718764942
0.8040457244514624,1.1621163448720637,1.3490175516254568,0.6782217425385434,0.14718688838832467
0.8040457244514624,1.1621163448720637,1.3490175516254568,0.7470451513245885,0.14718688838832467
0.8040457244514624,1.1621163448720637,1.3490175516254568,1.2632207172199261,-1.042946718764942
0.8040457244514624,-0.2099544723635572,0.4837052055367609,1.2288090128269036,0.14718688838832467
0.8040457244514624,-0.2099544723635572,0.4837052055367609,-0.8703049551474681,-1.042946718764942
0.8040457244514624,-0.2099544723635572,0.4837052055367609,0.6093983337524984,-1.042946718764942
0.8040457244514624,-1.582025289599178,-0.38160714055193495,0.919103673289701,0.14718688838832467
-1.4488047904143881,1.1621163448720637,-0.38160714055193495,0.9535153776827235,0.14718688838832467
-1.4488047904143881,-1.582025289599178,-2.1122318327293264,1.0223387864687679,0.14718688838832467
0.5537290005774789,0.03015792065267652,0.17593099277485358,1.1500085750861877,2.1231214723678904
0.8040457244514624,-0.2099544723635572,0.4837052055367609,0.7814568557176109,0.14718688838832467
-1.4488047904143881,1.1621163448720637,-0.38160714055193495,-1.3864805210428055,0.14718688838832467
0.644753263804382,-0.14821128558795435,0.6499020657388909,-0.9106781547481214,2.4332712483631824
-1.4488047904143881,1.1621163448720637,-0.38160714055193495,0.8846919688966784,0.14718688838832467
0.8040457244514624,-1.582025289599178,-0.38160714055193495,-1.352068816649783,-1.042946718764942
-1.4488047904143881,1.1621163448720637,-0.38160714055193495,-1.4553039298288504,0.14718688838832467
0.8040457244514624,1.1621163448720637,1.3490175516254568,0.9879270820757461,-1.042946718764942
0.8040457244514624,1.1621163448720637,1.3490175516254568,0.919103673289701,-1.042946718764942
-1.4488047904143881,-0.2099544723635572,-1.2469194866406308,0.7126334469315663,-1.042946718764942
0.8040457244514624,-0.2099544723635572,0.4837052055367609,1.1255738996478362,-1.042946718764942
0.8040457244514624,1.1621163448720637,1.3490175516254568,0.6093983337524984,-1.042946718764942
0.8040457244514624,1.1621163448720637,1.3490175516254568,-1.1800102946846704,-1.042946718764942
0.8040457244514624,-0.2099544723635572,0.4837052055367609,0.9535153776827235,-1.042946718764942
0.12136375024968965,-0.0864680988123512,0.2449535000178476,-1.223212927443915,1.9290573349419393
-1.4488047904143881,1.1621163448720637,-0.38160714055193495,1.056750490861791,0.14718688838832467
0.8040457244514624,1.1621163448720637,1.3490175516254568,-1.2832454078637379,0.14718688838832467
0.8040457244514624,-0.2099544723635572,0.4837052055367609,-1.3176571122567604,-1.042946718764942
0.8040457244514624,-1.582025289599178,-0.38160714055193495,1.1943973084338804,0.14718688838832467
-1.4488047904143881,1.1621163448720637,-0.38160714055193495,-0.9391283639335132,0.14718688838832467
0.8040457244514624,-0.2099544723635572,0.4837052055367609,-1.0423634771125805,-1.042946718764942
0.8040457244514624,-0.2099544723635572,0.4837052055367609,-1.4553039298288504,0.14718688838832467
-1.4488047904143881,1.1621163448720637,-0.38160714055193495,0.8846919688966784,-1.042946718764942
-1.4488047904143881,1.1621163448720637,-0.38160714055193495,-0.8358932507544456,-1.042946718764942
0.8040457244514624,1.1621163448720637,1.3490175516254568,-1.3864805210428055,0.14718688838832467
-1.4488047904143881,-1.582025289599178,-2.1122318327293264,1.2632207172199261,0.14718688838832467
-1.4488047904143881,1.1621163448720637,-0.38160714055193495,-0.9735400683265355,-1.042946718764942
0.8040457244514624,1.1621163448720637,1.3490175516254568,-0.9391283639335132,-1.042946718764942
-1.4488047904143881,1.1621163448720637,-0.38160714055193495,-1.0423634771125805,-1.042946718764942
0.8040457244514624,-1.582025289599178,-0.38160714055193495,1.2632207172199261,0.14718688838832467
-1.4488047904143881,1.1621163448720637,-0.38160714055193495,-0.7670698419684006,-1.042946718764942
0.8040457244514624,1.1621163448720637,1.3490175516254568,1.2632207172199261,0.14718688838832467
0.8040457244514624,-1.582025289599178,-0.38160714055193495,0.6782217425385434,0.14718688838832467
0.18963194766986688,0.38003597904775965,0.15533199063130335,-1.4705873865467896,1.9107094528580313
0.8040457244514624,-0.2099544723635572,0.4837052055367609,-1.352068816649783,0.14718688838832467
0.5537290005774789,1.0729317417517483,0.9315712282862735,-1.0902093114104578,1.5772719803716244
0.781289658644737,0.6132880179778154,1.213141095013867,1.5375564988498507,0.9026344699017734
0.667509329611108,0.27713066775508816,0.8345356366536161,0.3013905931809799,1.1422154686512653
-1.4488047904143881,-1.582025289599178,-2.1122318327293264,-0.7670698419684006,-1.042946718764942
0.28065621089677,0.9631660763728985,0.7697863719631313,-1.0309564367916724,1.1101066750044262
0.8040457244514624,-0.2099544723635572,0.4837052055367609,1.2632207172199261,0.14718688838832467
-1.4488047904143881,-0.2099544723635572,-1.2469194866406308,0.919103673289701,0.14718688838832467
0.8040457244514624,-0.2099544723635572,0.4837052055367609,0.8158685601106335,-1.042946718764942
0.8040457244514624,-1.582025289599178,-0.38160714055193495,0.6093983337524984,0.14718688838832467
0.8040457244514624,-1.582025289599178,-0.38160714055193495,-1.3864805210428055,0.14718688838832467
-1.4488047904143881,-0.2099544723635572,-1.2469194866406308,0.7814568557176109,0.14718688838832467
0.8040457244514624,-0.2099544723635572,0.4837052055367609,-1.0079517727195582,-1.042946718764942
0.8040457244514624,-1.582025289599178,-0.38160714055193495,-1.4208922254358278,-1.042946718764942
-1.4488047904143881,1.1621163448720637,-0.38160714055193495,-1.4208922254358278,0.14718688838832467
0.8040457244514624,-1.582025289599178,-0.38160714055193495,0.7470451513245885,0.14718688838832467
0.8040457244514624,1.1621163448720637,1.3490175516254568,0.850280264503656,-1.042946718764942
0.8040457244514624,-0.2099544723635572,0.4837052055367609,-1.2144219990776928,0.14718688838832467
-1.4488047904143881,1.1621163448720637,-0.38160714055193495,-0.7670698419684006,0.14718688838832467
-0.12895297362429387,-0.189373410105023,-0.3496261122539903,0.7877269682266229,0.8465322919913619
-1.4488047904143881,-0.2099544723635572,-1.2469194866406308,1.056750490861791,-1.042946718764942
-1.4488047904143881,1.1621163448720637,-0.38160714055193495,-0.9047166595404906,0.14718688838832467
0.8040457244514624,-0.2099544723635572,0.4837052055367609,-0.8358932507544456,0.14718688838832467
-1.4488047904143881,-1.582025289599178,-2.1122318327293264,0.9535153776827235,-1.042946718764942
-1.4488047904143881,1.1621163448720637,-0.38160714055193495,0.919103673289701,0.14718688838832467
0.8040457244514624,-0.2099544723635572,0.4837052055367609,-0.9735400683265355,-1.042946718764942
0.8040457244514624,-0.2099544723635572,0.4837052055367609,-1.3176571122567604,0.14718688838832467
0.8040457244514624,1.1621163448720637,1.3490175516254568,-0.9735400683265355,-1.042946718764942
-1.4488047904143881,1.1621163448720637,-0.38160714055193495,1.1255738996478362,0.14718688838832467
-1.4488047904143881,-0.2099544723635572,-1.2469194866406308,-0.9735400683265355,-1.042946718764942
0.8040457244514624,-0.2099544723635572,0.4837052055367609,-1.352068816649783,-1.042946718764942
-1.4488047904143881,-0.2099544723635572,-1.2469194866406308,1.2632207172199261,0.14718688838832467
0.2579001450900441,0.5241034148575001,0.5572501574797121,1.0500032243372386,1.9269402716245652
0.8040457244514624,-0.2099544723635572,0.4837052055367609,1.1599856040408578,0.14718688838832467
0.8040457244514624,-1.582025289599178,-0.38160714055193495,0.919103673289701,-1.042946718764942
0.8040457244514624,-1.582025289599178,-0.38160714055193495,1.2632207172199261,0.14718688838832467
0.8040457244514624,-0.2099544723635572,0.4837052055367609,1.2288090128269036,0.14718688838832467
-1.4488047904143881,1.1621163448720637,-0.38160714055193495,-0.7670698419684006,-1.042946718764942
0.41719260573712447,0.057599336997388964,0.3471810089774425,0.1312880900895234,1.3228715384005143
0.8040457244514624,-1.582025289599178,-0.38160714055193495,0.7814568557176109,0.14718688838832467
0.8040457244514624,-0.2099544723635572,0.4837052055367609,0.643810038145521,0.14718688838832467
-0.1061969078175682,0.462360228081897,0.3164836842957053,0.8689265371772149,2.0059773021398617
0.8040457244514624,1.1621163448720637,1.3490175516254568,-1.0079517727195582,-1.042946718764942
-1.4488047904143881,-0.2099544723635572,-1.2469194866406308,1.0223387864687679,0.14718688838832467
0.8040457244514624,-0.2099544723635572,0.4837052055367609,0.7814568557176109,-1.042946718764942
0.8040457244514624,-1.582025289599178,-0.38160714055193495,1.2632207172199261,-1.042946718764942
0.8040457244514624,1.1621163448720637,1.3490175516254568,-1.2832454078637379,-1.042946718764942
-0.01517264459066506,0.6407294343225278,0.6390991613352376,1.077638705316855,1.0811734763336482
0.8040457244514624,-1.582025289599178,-0.38160714055193495,-0.7670698419684006,0.14718688838832467
-1.4488047904143881,1.1621163448720637,-0.38160714055193495,-1.0423634771125805,0.14718688838832467
-0.17446510523774542,0.6750312047534183,0.10255955362500828,-0.8400623552517023,1.0384793660999385
0.41719260573712447,0.6201483720639934,0.5990931230239741,-0.458111360123473,2.2049812539730183
-1.4488047904143881,-0.2099544723635572,-1.2469194866406308,1.1943973084338804,0.14718688838832467
0.39443653993039907,0.44863951990954076,0.7927059831308885,-0.6440507783940825,1.6460765381862799
0.8040457244514624,-0.2099544723635572,0.4837052055367609,0.9879270820757461,-1.042946718764942
0.8040457244514624,1.1621163448720637,1.3490175516254568,-0.8358932507544456,-1.042946718764942
0.8040457244514624,-1.582025289599178,-0.38160714055193495,0.6093983337524984,0.14718688838832467
0.8040457244514624,-0.2099544723635572,0.4837052055367609,-1.4208922254358278,0.14718688838832467
0.8040457244514624,1.1621163448720637,1.3490175516254568,0.9879270820757461,-1.042946718764942
-1.4488047904143881,1.1621163448720637,-0.38160714055193495,0.7126334469315663,0.14718688838832467
-1.4488047904143881,-1.582025289599178,-2.1122318327293264,1.1943973084338804,0.14718688838832467
0.8040457244514624,1.1621163448720637,1.3490175516254568,-0.9735400683265355,0.14718688838832467
0.8040457244514624,1.1621163448720637,1.3490175516254568,0.7126334469315663,-1.042946718764942
0.8040457244514624,-1.582025289599178,-0.38160714055193495,1.2976324216129478,0.14718688838832467
0.48546080315730167,-0.14821128558795435,0.13001614832093988,0.01740954411447162,1.6640715763839589
0.8040457244514624,-0.2099544723635572,0.4837052055367609,-1.0423634771125805,0.14718688838832467
0.8040457244514624,1.1621163448720637,1.3490175516254568,0.8846919688966784,-1.042946718764942
0.8040457244514624,1.1621163448720637,1.3490175516254568,1.2288090128269036,-1.042946718764942
0.8040457244514624,-1.582025289599178,-0.38160714055193495,1.0223387864687679,-1.042946718764942
0.8040457244514624,-1.582025289599178,-0.38160714055193495,1.1599856040408578,-1.042946718764942
0.46270473735057627,0.585846601633103,0.9937746044230426,0.843052111394327,1.2357190985019508
-1.4488047904143881,1.1621163448720637,-0.38160714055193495,0.6093983337524984,-1.042946718764942
0.8040457244514624,-0.2099544723635572,0.4837052055367609,0.643810038145521,0.14718688838832467
0.00758342121606085,0.743634745615199,0.5821920547138002,-0.27673163628318814,1.3348682305322999
0.8040457244514624,-1.582025289599178,-0.38160714055193495,-1.3176571122567604,0.14718688838832467
0.8040457244514624,0.8877021814249392,1.2467607239863288,-1.4424763326190664,0.9552082089498942
0.8040457244514624,1.1621163448720637,1.3490175516254568,1.2632207172199261,0.14718688838832467
-1.4488047904143881,1.1621163448720637,-0.38160714055193495,1.0911621952548136,0.14718688838832467
0.8040457244514624,-0.2099544723635572,0.4837052055367609,0.7814568557176109,-1.042946718764942
0.8040457244514624,-1.582025289599178,-0.38160714055193495,-1.4208922254358278,-1.042946718764942
0.8040457244514624,-0.2099544723635572,0.4837052055367609,0.9879270820757461,0.14718688838832467
0.48546080315730167,0.2908513759274444,0.5247964466776341,0.4466025259637497,2.444915096608739
0.8040457244514624,1.1621163448720637,1.3490175516254568,-1.2144219990776928,0.14718688838832467
0.8040457244514624,1.1621163448720637,1.3490175516254568,0.6093983337524984,-1.042946718764942
0.8040457244514624,-1.582025289599178,-0.38160714055193495,0.9879270820757461,0.14718688838832467
-1.4488047904143881,-1.582025289599178,-2.1122318327293264,0.9535153776827235,0.14718688838832467
0.8040457244514624,-0.2099544723635572,0.4837052055367609,-1.2832454078637379,0.14718688838832467
-1.4488047904143881,1.1621163448720637,-0.38160714055193495,0.919103673289701,-1.042946718764942
-1.4488047904143881,-1.582025289599178,-2.1122318327293264,-1.1111868858986256,0.14718688838832467
-1.4488047904143881,-0.2099544723635572,-1.2469194866406308,1.056750490861791,0.14718688838832467
0.8040457244514624,-0.2099544723635572,0.4837052055367609,-1.4208922254358278,-1.042946718764942
0.8040457244514624,1.1621163448720637,1.3490175516254568,0.8846919688966784,0.14718688838832467
-1.4488047904143881,-1.582025289599178,-2.1122318327293264,0.6782217425385434,0.14718688838832467
0.8040457244514624,1.1621163448720637,1.3490175516254568,-1.0423634771125805,0.14718688838832467
0.8040457244514624,1.1621163448720637,1.3490175516254568,-1.2144219990776928,-1.042946718764942
0.16687588186314095,0.11248216968681385,0.48398410110497725,-0.8347107751622873,2.3941055769917634
-1.4488047904143881,1.1621163448720637,-0.38160714055193495,-0.8703049551474681,-1.042946718764942
0.8040457244514624,-0.2099544723635572,0.4837052055367609,-1.1111868858986256,-1.042946718764942
0.8040457244514624,-1.582025289599178,-0.38160714055193495,1.1599856040408578,0.14718688838832467
0.8040457244514624,1.1621163448720637,1.3490175516254568,0.7814568557176109,-1.042946718764942
0.8040457244514624,-1.582025289599178,-0.38160714055193495,0.8158685601106335,0.14718688838832467
0.8040457244514624,-0.2099544723635572,0.4837052055367609,0.6093983337524984,0.14718688838832467
-1.4488047904143881,-0.2099544723635572,-1.2469194866406308,-0.8703049551474681,-1.042946718764942
-1.4488047904143881,-1.582025289599178,-2.1122318327293264,1.056750490861791,-1.042946718764942
0.8040457244514624,-1.582025289599178,-0.38160714055193495,-1.0423634771125805,-1.042946718764942
-1.4488047904143881,-1.582025289599178,-2.1122318327293264,0.643810038145521,-1.042946718764942
-0.3110015000780999,0.28399102184126646,-0.052056385369479485,0.3048640160681009,1.9322329299179999
-1.4488047904143881,-0.2099544723635572,-1.2469194866406308,-1.145598590291648,-1.042946718764942
0.8040457244514624,-0.2099544723635572,0.4837052055367609,0.7126334469315663,-1.042946718764942
0.8040457244514624,1.1621163448720637,1.3490175516254568,-1.2832454078637379,-1.042946718764942
-1.4488047904143881,1.1621163448720637,-0.38160714055193495,-0.8358932507544456,0.14718688838832467
-1.4488047904143881,-0.2099544723635572,-1.2469194866406308,0.6093983337524984,-1.042946718764942
-1.4488047904143881,1.1621163448720637,-0.38160714055193495,1.2288090128269036,-1.042946718764942
0.8040457244514624,-0.2099544723635572,0.4837052055367609,0.6782217425385434,-1.042946718764942
-1.4488047904143881,-0.2099544723635572,-1.2469194866406308,1.1943973084338804,0.14718688838832467
-1.4488047904143881,-1.582025289599178,-2.1122318327293264,1.0223387864687679,0.14718688838832467
-1.4488047904143881,1.1621163448720637,-0.38160714055193495,0.7126334469315663,0.14718688838832467
-1.4488047904143881,-0.2099544723635572,-1.2469194866406308,-1.0079517727195582,0.14718688838832467
0.8040457244514624,1.1621163448720637,1.3490175516254568,-1.3864805210428055,0.14718688838832467
-1.4488047904143881,-1.582025289599178,-2.1122318327293264,0.7470451513245885,0.14718688838832467
0.8040457244514624,-0.2099544723635572,0.4837052055367609,0.6782217425385434,0.14718688838832467
0.8040457244514624,1.1621163448720637,1.3490175516254568,0.7814568557176109,0.14718688838832467
-1.4488047904143881,-0.2099544723635572,-1.2469194866406308,-1.352068816649783,0.14718688838832467
-1.4488047904143881,-0.2099544723635572,-1.2469194866406308,0.919103673289701,0.14718688838832467
0.8040457244514624,1.1621163448720637,1.3490175516254568,1.2288090128269036,0.14718688838832467
0.8040457244514624,-1.582025289599178,-0.38160714055193495,-0.8014815463614231,0.14718688838832467
0.8040457244514624,1.1621163448720637,1.3490175516254568,-1.2488337034707155,0.14718688838832467
0.8040457244514624,-0.2099544723635572,0.4837052055367609,-1.2832454078637379,0.14718688838832467
0.8040457244514624,1.1621163448720637,1.3490175516254568,-1.1111868858986256,0.14718688838832467
0.8040457244514624,-0.2099544723635572,0.4837052055367609,0.9879270820757461,-1.042946718764942
0.5764850663842048,-0.04530597429528254,0.5037717858344398,0.3778881378624757,1.583976014209975
-1.4488047904143881,-1.582025289599178,-2.1122318327293264,-1.2144219990776928,-1.042946718764942
-1.4488047904143881,1.1621163448720637,-0.38160714055193495,-1.4208922254358278,0.14718688838832467
-1.4488047904143881,-1.582025289599178,-2.1122318327293264,1.2632207172199261,-1.042946718764942
0.8040457244514624,-0.2099544723635572,0.4837052055367609,0.9535153776827235,-1.042946718764942
0.39443653993039907,0.8877021814249392,0.8302404319299054,-0.7099890828375005,0.8994588749257121
0.8040457244514624,-0.2099544723635572,0.4837052055367609,0.7470451513245885,0.14718688838832467
-1.4488047904143881,-0.2099544723635572,-1.2469194866406308,0.6093983337524984,0.14718688838832467
0.8040457244514624,1.1621163448720637,1.3490175516254568,-1.2144219990776928,0.14718688838832467
0.781289658644737,0.9151435977696517,1.1860530526096469,-0.20410538610403048,0.8634687985303544
-1.4488047904143881,-1.582025289599178,-2.1122318327293264,1.2632207172199261,-1.042946718764942
-1.4488047904143881,-1.582025289599178,-2.1122318327293264,-0.9047166595404906,-1.042946718764942
-1.4488047904143881,1.1621163448720637,-0.38160714055193495,0.6782217425385434,0.14718688838832467
-0.2654893684646483,0.09876146151445762,-0.13446204695622174,-0.2469056477482136,1.0084876357704735
0.8040457244514624,1.1621163448720637,1.3490175516254568,0.6093983337524984,0.14718688838832467
0.8040457244514624,-1.582025289599178,-0.38160714055193495,0.8846919688966784,0.14718688838832467
-1.4488047904143881,-1.582025289599178,-2.1122318327293264,-0.7670698419684006,0.14718688838832467
0.8040457244514624,-0.2099544723635572,0.4837052055367609,-1.4208922254358278,-1.042946718764942
-1.4488047904143881,-0.2099544723635572,-1.2469194866406308,-1.145598590291648,0.14718688838832467
0.8040457244514624,-0.2099544723635572,0.4837052055367609,0.8158685601106335,0.14718688838832467
0.8040457244514624,-1.582025289599178,-0.38160714055193495,0.6093983337524984,-1.042946718764942
-0.24273330265792264,0.8053779323908025,0.507213144868973,0.5827473988422095,1.0702353158605493
0.8040457244514624,-0.2099544723635572,0.4837052055367609,0.850280264503656,0.14718688838832467
0.8040457244514624,-0.2099544723635572,0.4837052055367609,0.6093983337524984,-1.042946718764942
0.053095552829512165,0.997467846803789,0.9163253081832836,-0.09991930597228639,1.0984628267588692
0.8040457244514624,-0.2099544723635572,0.4837052055367609,-1.2832454078637379,-1.042946718764942
0.8040457244514624,1.1621163448720637,1.3490175516254568,-0.8358932507544456,0.14718688838832467
0.8040457244514624,-1.582025289599178,-0.38160714055193495,-1.2488337034707155,0.14718688838832467
-1.4488047904143881,-1.582025289599178,-2.1122318327293264,0.7126334469315663,0.14718688838832467
-0.12895297362429387,0.7985175783046239,0.5325890862731281,0.43595155259454477,0.8680557690513306
-1.4488047904143881,1.1621163448720637,-0.38160714055193495,-1.2832454078637379,-1.042946718764942
0.5309729347707535,-0.14821128558795435,0.36225163496648144,-0.8303371464502414,1.5846817019824335
0.6219971979976562,0.29771173001362267,0.7547678596775921,0.24546009292588897,1.2357190985019508
-1.4488047904143881,-0.2099544723635572,-1.2469194866406308,0.8846919688966784,-1.042946718764942
0.28065621089677,0.8739814732525834,0.8761159656448301,-0.2019233715876095,1.2071387437174015
-1.4488047904143881,-0.2099544723635572,-1.2469194866406308,0.6782217425385434,-1.042946718764942
-1.4488047904143881,1.1621163448720637,-0.38160714055193495,-1.4208922254358278,0.14718688838832467
0.8040457244514624,1.1621163448720637,1.3490175516254568,1.2632207172199261,-1.042946718764942
0.8040457244514624,-1.582025289599178,-0.38160714055193495,1.0911621952548136,0.14718688838832467
0.053095552829512165,0.9494453682005427,0.36838142268479057,-0.9756020236536234,1.5105844858743425
0.12136375024968965,0.9494453682005427,0.5827154040571297,-0.13557921502222797,1.833789485660109
0.8040457244514624,-0.2099544723635572,0.4837052055367609,-1.3864805210428055,0.14718688838832467
0.6902653954178334,1.004328200889967,1.2703921136946237,-0.380784742900528,1.5402233723175789
0.8040457244514624,1.1621163448720637,1.3490175516254568,1.0911621952548136,-1.042946718764942
0.8040457244514624,1.1621163448720637,1.3490175516254568,1.2632207172199261,0.14718688838832467
0.8040457244514624,1.1621163448720637,1.3490175516254568,0.643810038145521,0.14718688838832467
0.8040457244514624,1.1621163448720637,1.3490175516254568,-1.145598590291648,0.14718688838832467
0.8040457244514624,1.1621163448720637,1.3490175516254568,-1.1800102946846704,0.14718688838832467
0.8040457244514624,-1.582025289599178,-0.38160714055193495,1.2976324216129478,0.14718688838832467
0.8040457244514624,-0.2099544723635572,0.4837052055367609,0.9879270820757461,0.14718688838832467
-0.1061969078175682,1.1346749285273512,0.8409488388027537,-0.3631799254663933,2.179223650278301
0.8040457244514624,-0.2099544723635572,0.4837052055367609,1.1599856040408578,-1.042946718764942
0.8040457244514624,-0.2099544723635572,0.4837052055367609,1.2632207172199261,0.14718688838832467
-1.4488047904143881,-1.582025289599178,-2.1122318327293264,0.9535153776827235,-1.042946718764942
-1.4488047904143881,1.1621163448720637,-0.38160714055193495,1.1943973084338804,-1.042946718764942
-1.4488047904143881,-0.2099544723635572,-1.2469194866406308,-0.8703049551474681,-1.042946718764942
0.8040457244514624,-0.2099544723635572,0.4837052055367609,0.9535153776827235,0.14718688838832467
0.8040457244514624,-1.582025289599178,-0.38160714055193495,0.9879270820757461,0.14718688838832467
-1.4488047904143881,-1.582025289599178,-2.1122318327293264,0.919103673289701,0.14718688838832467
0.8040457244514624,-0.2099544723635572,0.4837052055367609,-1.3176571122567604,0.14718688838832467
-1.4488047904143881,-0.2099544723635572,-1.2469194866406308,-1.1800102946846704,0.14718688838832467
0.8040457244514624,1.1621163448720637,1.3490175516254568,-1.3864805210428055,-1.042946718764942
0.8040457244514624,1.1621163448720637,1.3490175516254568,-1.352068816649783,0.14718688838832467
0.3034122767034954,0.8739814732525834,0.5322502855715862,0.4403850019714425,2.119240189619371
-1.4488047904143881,1.1621163448720637,-0.38160714055193495,-1.0423634771125805,0.14718688838832467
-1.4488047904143881,1.1621163448720637,-0.38160714055193495,-1.145598590291648,-1.042946718764942
0.8040457244514624,-0.2099544723635572,0.4837052055367609,-0.9735400683265355,-1.042946718764942
-1.4488047904143881,1.1621163448720637,-0.38160714055193495,-0.9047166595404906,-1.042946718764942
0.781289658644737,0.8122382864769805,1.1990329987931492,0.4984174452883552,1.401908568915811
0.48546080315730167,0.38689633313393795,0.8062312682988823,-0.1671784813536122,1.2946440275021935
0.8040457244514624,1.1621163448720637,1.3490175516254568,-1.2832454078637379,0.14718688838832467
-1.4488047904143881,1.1621163448720637,-0.38160714055193495,0.919103673289701,0.14718688838832467
-1.4488047904143881,-1.582025289599178,-2.1122318327293264,-1.352068816649783,-1.042946718764942
0.8040457244514624,1.1621163448720637,1.3490175516254568,1.2976324216129478,0.14718688838832467
0.8040457244514624,-0.2099544723635572,0.4837052055367609,-1.0079517727195582,0.14718688838832467
0.28065621089677,0.585846601633103,0.5935652765048003,-0.0373717499999412,1.971398601289419
0.12136375024968965,1.0249092631485015,0.749191077607679,-1.5155469881992485,1.401908568915811
0.8040457244514624,1.1621163448720637,1.3490175516254568,1.2976324216129478,-1.042946718764942
0.8040457244514624,-1.582025289599178,-0.38160714055193495,-1.0423634771125805,0.14718688838832467
0.8040457244514624,-0.2099544723635572,0.4837052055367609,0.9535153776827235,0.14718688838832467
0.8040457244514624,1.1621163448720637,1.3490175516254568,-1.2832454078637379,-1.042946718764942
-1.4488047904143881,1.1621163448720637,-0.38160714055193495,-1.2144219990776928,0.14718688838832467
0.8040457244514624,1.1621163448720637,1.3490175516254568,0.7126334469315663,-1.042946718764942
0.8040457244514624,-0.2099544723635572,0.4837052055367609,-0.8358932507544456,0.14718688838832467
0.8040457244514624,-1.582025289599178,-0.38160714055193495,0.850280264503656,0.14718688838832467
-0.037928710397390715,0.9425850141143641,0.7328213022148209,0.5081807593490816,1.1729128867531888
-1.4488047904143881,1.1621163448720637,-0.38160714055193495,-0.8358932507544456,-1.042946718764942
-0.06068477620411663,0.24282889732419777,0.07428951491840792,-1.4184591209617694,0.7265653706735014
0.3261683425102213,0.03015792065267652,0.31644804277070776,-0.6554005970429403,1.655956167000692
-1.4488047904143881,1.1621163448720637,-0.38160714055193495,0.9879270820757461,-1.042946718764942
0.8040457244514624,-0.2099544723635572,0.4837052055367609,0.919103673289701,-1.042946718764942
-0.1972211710444711,-0.05902668246763876,0.0774977979793496,0.3073710775401465,1.17926407670531
-1.4488047904143881,-0.2099544723635572,-1.2469194866406308,-0.9735400683265355,0.14718688838832467
0.41719260573712447,0.34573420861686927,0.5069659496952117,0.32330366037414726,1.661601669180356
-0.06068477620411663,0.9151435977696517,0.779197255677441,-0.43351097382944087,1.458363590712451
0.8040457244514624,-1.582025289599178,-0.38160714055193495,-1.3864805210428055,0.14718688838832467
0.8040457244514624,-0.2099544723635572,0.4837052055367609,0.6782217425385434,0.14718688838832467
0.43994867154384987,0.12620287785917006,0.1264100015101592,1.0960944935698145,1.7614564889831628
0.8040457244514624,1.1621163448720637,1.3490175516254568,-1.4553039298288504,-1.042946718764942
-1.4488047904143881,-0.2099544723635572,-1.2469194866406308,1.1943973084338804,-1.042946718764942
-1.4488047904143881,1.1621163448720637,-0.38160714055193495,1.2976324216129478,-1.042946718764942
0.16687588186314095,-0.10704916107088568,-0.18829292546491871,-0.07241306190079506,0.9809658126446115
-0.08344084201084229,0.6475897884087058,0.13339851387602691,0.8405941325352868,1.2106671825796915
0.8040457244514624,1.1621163448720637,1.3490175516254568,1.2632207172199261,-1.042946718764942
-0.2654893684646483,0.16050464829006045,0.18552475683728206,-1.750179943601428,1.7660434595041405
-1.4488047904143881,1.1621163448720637,-0.38160714055193495,-0.7670698419684006,0.14718688838832467
0.8040457244514624,1.1621163448720637,1.3490175516254568,-0.9735400683265355,-1.042946718764942
0.8040457244514624,-0.2099544723635572,0.4837052055367609,-1.0079517727195582,0.14718688838832467
0.8040457244514624,1.1621163448720637,1.3490175516254568,1.1255738996478362,-1.042946718764942
-1.4488047904143881,-1.582025289599178,-2.1122318327293264,0.6782217425385434,0.14718688838832467
0.8040457244514624,-0.2099544723635572,0.4837052055367609,1.2288090128269036,0.14718688838832467
0.8040457244514624,-0.2099544723635572,0.4837052055367609,-1.2832454078637379,-1.042946718764942
0.8040457244514624,-0.2099544723635572,0.4837052055367609,1.0911621952548136,-1.042946718764942
-1.4488047904143881,-0.2099544723635572,-1.2469194866406308,0.919103673289701,-1.042946718764942
0.5309729347707535,0.4692205821680753,0.9917088621594515,0.6843629634614309,2.0694892016610815
0.8040457244514624,1.1621163448720637,1.3490175516254568,-0.8703049551474681,0.14718688838832467
-1.4488047904143881,-0.2099544723635572,-1.2469194866406308,0.643810038145521,0.14718688838832467
-1.4488047904143881,1.1621163448720637,-0.38160714055193495,0.7470451513245885,-1.042946718764942
0.8040457244514624,-1.582025289599178,-0.38160714055193495,-1.2144219990776928,-1.042946718764942
-1.4488047904143881,-0.2099544723635572,-1.2469194866406308,-1.0767751815056033,-1.042946718764942
-1.4488047904143881,-0.2099544723635572,-1.2469194866406308,-1.1800102946846704,0.14718688838832467
0.8040457244514624,-1.582025289599178,-0.38160714055193495,-1.4208922254358278,0.14718688838832467
0.23514407928331843,0.7093329751843086,0.4188023267998371,-0.9770406794583937,2.4614987592615023
0.8040457244514624,1.1621163448720637,1.3490175516254568,-1.2488337034707155,0.14718688838832467
-1.4488047904143881,1.1621163448720637,-0.38160714055193495,0.6093983337524984,0.14718688838832467
-1.4488047904143881,-1.582025289599178,-2.1122318327293264,1.1943973084338804,0.14718688838832467
-1.4488047904143881,-0.2099544723635572,-1.2469194866406308,-1.0767751815056033,0.14718688838832467
0.8040457244514624,1.1621163448720637,1.3490175516254568,0.643810038145521,0.14718688838832467
0.8040457244514624,-1.582025289599178,-0.38160714055193495,-1.1111868858986256,0.14718688838832467
-1.4488047904143881,-1.582025289599178,-2.1122318327293264,0.7470451513245885,0.14718688838832467
0.8040457244514624,-0.2099544723635572,0.4837052055367609,-1.352068816649783,-1.042946718764942
0.8040457244514624,1.1621163448720637,1.3490175516254568,-1.2832454078637379,-1.042946718764942
-1.4488047904143881,-0.2099544723635572,-1.2469194866406308,-1.0767751815056033,-1.042946718764942
0.8040457244514624,1.1621163448720637,1.3490175516254568,-1.3176571122567604,0.14718688838832467
0.8040457244514624,1.1621163448720637,1.3490175516254568,1.0223387864687679,0.14718688838832467
-1.4488047904143881,1.1621163448720637,-0.38160714055193495,1.1255738996478362,-1.042946718764942
0.8040457244514624,-0.2099544723635572,0.4837052055367609,-1.1111868858986256,0.14718688838832467
0.8040457244514624,1.1621163448720637,1.3490175516254568,0.7126334469315663,0.14718688838832467
0.8040457244514624,-1.582025289599178,-0.38160714055193495,-1.2488337034707155,-1.042946718764942
-1.4488047904143881,1.1621163448720637,-0.38160714055193495,0.6782217425385434,0.14718688838832467
0.6219971979976562,0.8534004109940488,1.025285424198531,-1.5198358816637314,2.3637610027760694
-1.4488047904143881,-0.2099544723635572,-1.2469194866406308,-1.0423634771125805,0.14718688838832467
0.8040457244514624,-0.2099544723635572,0.4837052055367609,1.056750490861791,0.14718688838832467
0.39443653993039907,0.3114324381859786,0.5675521680562974,0.5465281611208441,1.3712111508138876
0.16687588186314095,0.2016667728071291,0.3042980992480338,1.3496631956855965,1.471771658389153
0.8040457244514624,1.1621163448720637,1.3490175516254568,-0.9735400683265355,0.14718688838832467
-1.4488047904143881,-1.582025289599178,-2.1122318327293264,0.6782217425385434,0.14718688838832467
0.3034122767034954,0.9631660763728985,0.7311782284096893,0.16728897908291637,2.0130341798644413
0.8040457244514624,-0.2099544723635572,0.4837052055367609,0.9535153776827235,-1.042946718764942
0.8040457244514624,1.1621163448720637,1.3490175516254568,0.850280264503656,-1.042946718764942
0.7357775270312852,0.6132880179778154,0.9990672264058604,-1.0940152497144513,1.1259846498847315
0.8040457244514624,1.1621163448720637,1.3490175516254568,-1.0079517727195582,0.14718688838832467
0.8040457244514624,-0.2099544723635572,0.4837052055367609,-1.4553039298288504,-1.042946718764942
0.8040457244514624,-0.2099544723635572,0.4837052055367609,-1.2488337034707155,-1.042946718764942
-0.24273330265792264,0.2908513759274444,-0.01630939886339103,-1.4477588421589902,2.4480906915847997
-1.4488047904143881,-0.2099544723635572,-1.2469194866406308,0.8846919688966784,0.14718688838832467
0.8040457244514624,-0.2099544723635572,0.4837052055367609,-1.4208922254358278,0.14718688838832467
-1.4488047904143881,-1.582025289599178,-2.1122318327293264,1.1255738996478362,-1.042946718764942
0.8040457244514624,-0.2099544723635572,0.4837052055367609,-1.3176571122567604,-1.042946718764942
0.8040457244514624,-1.582025289599178,-0.38160714055193495,-0.8358932507544456,0.14718688838832467
-1.4488047904143881,-1.582025289599178,-2.1122318327293264,-1.1800102946846704,-1.042946718764942
-1.4488047904143881,1.1621163448720637,-0.38160714055193495,0.850280264503656,-1.042946718764942
0.8040457244514624,1.1621163448720637,1.3490175516254568,0.9535153776827235,0.14718688838832467
0.8040457244514624,-0.2099544723635572,0.4837052055367609,-1.2488337034707155,-1.042946718764942
0.41719260573712447,0.44863951990954076,0.37158829738244753,0.2809480966649073,0.8860508072490102
0.8040457244514624,-0.2099544723635572,0.4837052055367609,1.1255738996478362,0.14718688838832467
-1.4488047904143881,1.1621163448720637,-0.38160714055193495,-1.0767751815056033,0.14718688838832467
-1.4488047904143881,1.1621163448720637,-0.38160714055193495,-1.2488337034707155,0.14718688838832467
0.8040457244514624,-1.582025289599178,-0.38160714055193495,1.2288090128269036,-1.042946718764942
-1.4488047904143881,1.1621163448720637,-0.38160714055193495,-1.4553039298288504,-1.042946718764942
-1.4488047904143881,-1.582025289599178,-2.1122318327293264,-0.8358932507544456,0.14718688838832467
0.8040457244514624,1.1621163448720637,1.3490175516254568,0.6093983337524984,-1.042946718764942
-1.4488047904143881,-0.2099544723635572,-1.2469194866406308,-1.2488337034707155,-1.042946718764942
-1.4488047904143881,-0.2099544723635572,-1.2469194866406308,0.7470451513245885,0.14718688838832467
0.8040457244514624,1.1621163448720637,1.3490175516254568,0.919103673289701,-1.042946718764942
0.8040457244514624,-1.582025289599178,-0.38160714055193495,1.1943973084338804,-1.042946718764942
0.8040457244514624,1.1621163448720637,1.3490175516254568,-1.0423634771125805,0.14718688838832467
-1.4488047904143881,1.1621163448720637,-0.38160714055193495,1.1255738996478362,0.14718688838832467
0.07585161863623807,0.16050464829006045,0.24655993234072165,0.13107435539201498,1.7487541090789187
-0.219977236851197,0.6544501424948838,0.4528169184878705,1.0049715018486687,0.8175990933205841
-1.4488047904143881,-1.582025289599178,-2.1122318327293264,0.7126334469315663,0.14718688838832467
0.8040457244514624,-0.2099544723635572,0.4837052055367609,-1.2832454078637379,0.14718688838832467
-1.4488047904143881,-1.582025289599178,-2.1122318327293264,1.2976324216129478,-1.042946718764942
0.09860768444296374,0.09876146151445762,0.4264224714111432,-0.22176415266187094,0.7597326959790277
-1.4488047904143881,-1.582025289599178,-2.1122318327293264,-1.1800102946846704,-1.042946718764942
0.8040457244514624,-1.582025289599178,-0.38160714055193495,-0.8358932507544456,-1.042946718764942
0.18963194766986688,0.6818915588395962,0.7251987324620586,-0.4057343441218238,1.5254039290959607
0.8040457244514624,1.1621163448720637,1.3490175516254568,0.6782217425385434,-1.042946718764942
-1.4488047904143881,1.1621163448720637,-0.38160714055193495,1.2288090128269036,0.14718688838832467
-0.17446510523774542,0.47608093625425324,0.3355340029144179,0.20714185834010163,1.7416972313543388
0.8040457244514624,-1.582025289599178,-0.38160714055193495,1.056750490861791,0.14718688838832467
0.8040457244514624,-0.2099544723635572,0.4837052055367609,-1.0079517727195582,0.14718688838832467
0.8040457244514624,-0.2099544723635572,0.4837052055367609,1.2288090128269036,-1.042946718764942
0.43994867154384987,0.8671211191664053,0.7718775247533954,1.3420012439153142,2.4731426075070595
0.8040457244514624,1.1621163448720637,1.3490175516254568,-1.4208922254358278,0.14718688838832467
-1.4488047904143881,1.1621163448720637,-0.38160714055193495,0.643810038145521,-1.042946718764942
0.8040457244514624,-1.582025289599178,-0.38160714055193495,-1.145598590291648,-1.042946718764942
-1.4488047904143881,1.1621163448720637,-0.38160714055193495,1.1255738996478362,0.14718688838832467
0.8040457244514624,-0.2099544723635572,0.4837052055367609,1.2632207172199261,0.14718688838832467
0.8040457244514624,-0.2099544723635572,0.4837052055367609,-0.9735400683265355,-1.042946718764942
-1.4488047904143881,-0.2099544723635572,-1.2469194866406308,1.1255738996478362,-1.042946718764942
0.8040457244514624,-0.2099544723635572,0.4837052055367609,-1.145598590291648,0.14718688838832467
0.8040457244514624,-0.2099544723635572,0.4837052055367609,-1.2144219990776928,-1.042946718764942
0.5082168689640276,1.1278145744411732,1.1684189884607024,0.496114360925361,2.2328559209851098
0.7585335928380106,-0.06588703655381702,0.7090029401990755,-0.34488170931328543,1.2579482633343775
-0.06068477620411663,0.9425850141143641,0.83642982685381,0.4294856010188479,2.383520260404893
0.2579001450900441,0.009576858394142039,0.015694624356914624,-0.6807757518436235,1.87577790812136
0.7130214612245592,0.4692205821680753,0.7137177486428384,-0.3059296640094858,2.0483185684873413
0.3261683425102213,0.6613104965810618,0.5575955748205196,-0.46488915735185193,1.3281641966939493
-0.24273330265792264,1.0317696172346793,0.47142570334309386,-1.3950924923553398,2.4614987592615023
0.8040457244514624,-0.2099544723635572,0.4837052055367609,1.1599856040408578,0.14718688838832467
0.8040457244514624,-0.2099544723635572,0.4837052055367609,0.6093983337524984,-1.042946718764942
0.8040457244514624,-0.2099544723635572,0.4837052055367609,-1.145598590291648,0.14718688838832467
-1.4488047904143881,-1.582025289599178,-2.1122318327293264,-1.2144219990776928,-1.042946718764942
0.3034122767034954,-0.11390951515706364,0.1906399950814003,0.6173478223081008,1.8359065489774824
0.8040457244514624,-0.2099544723635572,0.4837052055367609,1.0223387864687679,0.14718688838832467
-1.4488047904143881,-1.582025289599178,-2.1122318327293264,-1.3176571122567604,0.14718688838832467
0.8040457244514624,-0.2099544723635572,0.4837052055367609,1.2976324216129478,-1.042946718764942
-1.4488047904143881,1.1621163448720637,-0.38160714055193495,1.0223387864687679,0.14718688838832467
-0.2882454342713742,0.4417791658233628,-0.052302382555249424,0.8106607608724983,1.0723523791779228
0.8040457244514624,-0.2099544723635572,0.4837052055367609,-1.1111868858986256,-1.042946718764942
-1.4488047904143881,1.1621163448720637,-0.38160714055193495,1.1943973084338804,-1.042946718764942
0.8040457244514624,-0.2099544723635572,0.4837052055367609,0.7814568557176109,-1.042946718764942
0.8040457244514624,-1.582025289599178,-0.38160714055193495,0.8158685601106335,0.14718688838832467
0.8040457244514624,-1.582025289599178,-0.38160714055193495,0.7126334469315663,0.14718688838832467
-0.2882454342713742,-0.189373410105023,-0.6129284138771168,-0.48064934919031777,1.9308215543730842
0.8040457244514624,1.1621163448720637,1.3490175516254568,1.0911621952548136,-1.042946718764942
0.8040457244514624,-0.2099544723635572,0.4837052055367609,0.7470451513245885,0.14718688838832467
-1.4488047904143881,1.1621163448720637,-0.38160714055193495,0.9879270820757461,0.14718688838832467
-1.4488047904143881,-0.2099544723635572,-1.2469194866406308,1.0911621952548136,0.14718688838832467
-0.2654893684646483,0.13306323194534803,-0.08974156175467825,0.5201986565823722,2.2423827059132924
-1.4488047904143881,1.1621163448720637,-0.38160714055193495,-1.1111868858986256,0.14718688838832467
0.8040457244514624,1.1621163448720637,1.3490175516254568,0.643810038145521,-1.042946718764942
-1.4488047904143881,1.1621163448720637,-0.38160714055193495,0.9879270820757461,-1.042946718764942
0.46270473735057627,-0.0521663283814608,0.5090736855132941,-0.4558954482132179,0.858528984123148
0.8040457244514624,-0.2099544723635572,0.4837052055367609,-1.0423634771125805,0.14718688838832467
0.8040457244514624,-0.2099544723635572,0.4837052055367609,1.1943973084338804,0.14718688838832467
-1.4488047904143881,-0.2099544723635572,-1.2469194866406308,-1.1111868858986256,0.14718688838832467
0.8040457244514624,-0.2099544723635572,0.4837052055367609,-1.145598590291648,0.14718688838832467
0.8040457244514624,-1.582025289599178,-0.38160714055193495,-1.0079517727195582,0.14718688838832467
0.8040457244514624,1.1621163448720637,1.3490175516254568,1.2632207172199261,0.14718688838832467
-1.4488047904143881,-0.2099544723635572,-1.2469194866406308,-1.4208922254358278,-1.042946718764942
0.8040457244514624,-0.2099544723635572,0.4837052055367609,0.8846919688966784,0.14718688838832467
-1.4488047904143881,1.1621163448720637,-0.38160714055193495,0.850280264503656,-1.042946718764942
-0.08344084201084229,0.22910818915184156,0.36910544469358475,0.22114150322463513,1.5561013471978844
-1.4488047904143881,1.1621163448720637,-0.38160714055193495,-1.2488337034707155,-1.042946718764942
-1.4488047904143881,-1.582025289599178,-2.1122318327293264,-1.145598590291648,-1.042946718764942
0.2579001450900441,0.40061704130629416,0.47927514038466906,-0.47885784252997526,1.5335193384792285
0.5537290005774789,-0.03844562020910458,0.6873400926093542,0.08973098960318726,2.3775219143390003
-1.4488047904143881,-1.582025289599178,-2.1122318327293264,0.643810038145521,0.14718688838832467
0.8040457244514624,-1.582025289599178,-0.38160714055193495,0.7814568557176109,-1.042946718764942
0.8040457244514624,-0.2099544723635572,0.4837052055367609,-0.9391283639335132,-1.042946718764942
-1.4488047904143881,-1.582025289599178,-2.1122318327293264,0.7470451513245885,-1.042946718764942
0.8040457244514624,-1.582025289599178,-0.38160714055193495,-1.145598590291648,0.14718688838832467
0.8040457244514624,1.1621163448720637,1.3490175516254568,-1.2832454078637379,0.14718688838832467
-0.24273330265792264,0.8465400569078708,0.056148406321102885,0.4044326977610796,1.369799775268971
0.3261683425102213,-0.09332845289852947,0.3212184329903221,-0.9433256035696916,2.413511990734358
-1.4488047904143881,-0.2099544723635572,-1.2469194866406308,-1.0079517727195582,-1.042946718764942
0.8040457244514624,1.1621163448720637,1.3490175516254568,-1.1800102946846704,-1.042946718764942
-1.4488047904143881,1.1621163448720637,-0.38160714055193495,-1.0079517727195582,-1.042946718764942
-1.4488047904143881,1.1621163448720637,-0.38160714055193495,0.6093983337524984,-1.042946718764942
-1.4488047904143881,-0.2099544723635572,-1.2469194866406308,-1.4553039298288504,0.14718688838832467
0.8040457244514624,1.1621163448720637,1.3490175516254568,-1.2144219990776928,-1.042946718764942
0.8040457244514624,-1.582025289599178,-0.38160714055193495,-1.4553039298288504,-1.042946718764942
0.46270473735057627,0.7161933292704866,0.9554949002640996,1.1882569578390305,0.9654406816505354
-0.3110015000780999,0.09876146151445762,-0.22673246379704984,-1.3268432091385653,0.7911358018534083
0.8040457244514624,1.1621163448720637,1.3490175516254568,1.2632207172199261,0.14718688838832467
0.8040457244514624,-0.2099544723635572,0.4837052055367609,-0.8358932507544456,0.14718688838832467
0.8040457244514624,1.1621163448720637,1.3490175516254568,-1.145598590291648,-1.042946718764942
0.8040457244514624,-0.2099544723635572,0.4837052055367609,-1.1800102946846704,0.14718688838832467
-1.4488047904143881,-0.2099544723635572,-1.2469194866406308,-1.2144219990776928,-1.042946718764942
-1.4488047904143881,-1.582025289599178,-2.1122318327293264,-0.8703049551474681,-1.042946718764942
0.6219971979976562,0.002716504307964081,0.7646729658675913,1.1155629841772479,1.6965332139170273
-1.4488047904143881,1.1621163448720637,-0.38160714055193495,1.2288090128269036,0.14718688838832467
0.8040457244514624,-1.582025289599178,-0.38160714055193495,-1.0079517727195582,-1.042946718764942
-1.4488047904143881,-0.2099544723635572,-1.2469194866406308,-1.4553039298288504,-1.042946718764942
0.781289658644737,0.21538748097948535,0.8458440879693675,1.361187366073582,2.0984224003318594
0.644753263804382,0.5103827066851436,0.9849182715479143,-0.3454091131638428,1.494706510994038
0.8040457244514624,1.1621163448720637,1.3490175516254568,-0.8703049551474681,0.14718688838832467
0.8040457244514624,-1.582025289599178,-0.38160714055193495,1.1943973084338804,0.14718688838832467
0.8040457244514624,1.1621163448720637,1.3490175516254568,0.850280264503656,0.14718688838832467
0.21238801347659253,0.18108571054859463,0.40536250858916945,0.09984850042740911,2.4396224383153045
-1.4488047904143881,1.1621163448720637,-0.38160714055193495,1.1599856040408578,-1.042946718764942
0.8040457244514624,-1.582025289599178,-0.38160714055193495,1.1599856040408578,0.14718688838832467
0.8040457244514624,-0.2099544723635572,0.4837052055367609,-0.7670698419684006,-1.042946718764942
-1.4488047904143881,-1.582025289599178,-2.1122318327293264,0.7126334469315663,-1.042946718764942
-1.4488047904143881,-1.582025289599178,-2.1122318327293264,-1.3864805210428055,0.14718688838832467
-1.4488047904143881,1.1621163448720637,-0.38160714055193495,0.8846919688966784,0.14718688838832467
-1.4488047904143881,-1.582025289599178,-2.1122318327293264,1.2632207172199261,0.14718688838832467
0.7357775270312852,1.0317696172346793,1.4054055516591928,-0.5194237553904505,2.2713159045840707
-1.4488047904143881,-0.2099544723635572,-1.2469194866406308,0.8846919688966784,-1.042946718764942
0.8040457244514624,1.1621163448720637,1.3490175516254568,-0.7670698419684006,-1.042946718764942
-1.4488047904143881,-0.2099544723635572,-1.2469194866406308,1.1943973084338804,0.14718688838832467
-1.4488047904143881,1.1621163448720637,-0.38160714055193495,-1.3176571122567604,0.14718688838832467
0.48546080315730167,1.0111885549761455,1.0800018968366647,0.6264248335844399,1.5885629847309528
0.8040457244514624,-0.2099544723635572,0.4837052055367609,-0.9735400683265355,-1.042946718764942
0.8040457244514624,-0.2099544723635572,0.4837052055367609,0.919103673289701,0.14718688838832467
-1.4488047904143881,-0.2099544723635572,-1.2469194866406308,1.2976324216129478,-1.042946718764942
0.8040457244514624,1.1621163448720637,1.3490175516254568,0.850280264503656,0.14718688838832467
-1.4488047904143881,1.1621163448720637,-0.38160714055193495,-0.8703049551474681,0.14718688838832467
-1.4488047904143881,-0.2099544723635572,-1.2469194866406308,0.7814568557176109,0.14718688838832467
0.8040457244514624,-0.2099544723635572,0.4837052055367609,-1.2144219990776928,-1.042946718764942
-1.4488047904143881,-0.2099544723635572,-1.2469194866406308,1.2632207172199261,-1.042946718764942
-0.3110015000780999,0.2016667728071291,-0.3999273789964007,0.0018010543997957647,1.5613940054913191
0.8040457244514624,-0.2099544723635572,0.4837052055367609,-1.0767751815056033,-1.042946718764942
0.48546080315730167,-0.10704916107088568,0.2932658256430762,0.46270499303507684,1.2194882797354163
-1.4488047904143881,1.1621163448720637,-0.38160714055193495,1.2976324216129478,-1.042946718764942
-1.4488047904143881,-1.582025289599178,-2.1122318327293264,-0.8014815463614231,-1.042946718764942
0.030339487022786507,0.37317562496158174,0.5053510459372059,-0.6306179216147816,2.4173932734828774
-1.4488047904143881,1.1621163448720637,-0.38160714055193495,0.919103673289701,-1.042946718764942
0.8040457244514624,-0.2099544723635572,0.4837052055367609,1.2976324216129478,0.14718688838832467
0.8040457244514624,1.1621163448720637,1.3490175516254568,-0.9391283639335132,0.14718688838832467
0.8040457244514624,-0.2099544723635572,0.4837052055367609,-1.1111868858986256,0.14718688838832467
0.7357775270312852,-0.11390951515706364,0.659482309955368,0.4580498845044156,1.945993841480931
-1.4488047904143881,-1.582025289599178,-2.1122318327293264,-1.2832454078637379,0.14718688838832467
0.8040457244514624,0.9014228895972958,1.3731777475887108,0.2105911462450388,1.5987954574315932
0.23514407928331843,1.1346749285273512,0.9838942357273186,-0.7254434642461302,2.1065378097151273
-1.4488047904143881,-0.2099544723635572,-1.2469194866406308,-1.3176571122567604,0.14718688838832467
0.8040457244514624,-0.2099544723635572,0.4837052055367609,-1.0423634771125805,0.14718688838832467
0.8040457244514624,1.1621163448720637,1.3490175516254568,1.2632207172199261,0.14718688838832467
0.8040457244514624,-0.2099544723635572,0.4837052055367609,1.2976324216129478,0.14718688838832467
0.8040457244514624,-0.2099544723635572,0.4837052055367609,1.0223387864687679,-1.042946718764942
0.8040457244514624,-1.582025289599178,-0.38160714055193495,-0.9391283639335132,0.14718688838832467
-1.4488047904143881,-0.2099544723635572,-1.2469194866406308,0.7470451513245885,0.14718688838832467
0.8040457244514624,-0.2099544723635572,0.4837052055367609,-1.1800102946846704,-1.042946718764942
0.8040457244514624,-0.2099544723635572,0.4837052055367609,0.6093983337524984,0.14718688838832467
-1.4488047904143881,1.1621163448720637,-0.38160714055193495,-1.2144219990776928,0.14718688838832467
-1.4488047904143881,-1.582025289599178,-2.1122318327293264,-0.8358932507544456,-1.042946718764942
-0.12895297362429387,0.43491881173718455,0.0048707106358833845,0.2803708170707591,0.8063080889612558
0.8040457244514624,-0.2099544723635572,0.4837052055367609,1.1255738996478362,-1.042946718764942
0.8040457244514624,-0.2099544723635572,0.4837052055367609,-1.1111868858986256,-1.042946718764942
0.8040457244514624,1.1621163448720637,1.3490175516254568,-1.2488337034707155,0.14718688838832467
0.8040457244514624,1.1621163448720637,1.3490175516254568,1.1255738996478362,0.14718688838832467
0.8040457244514624,-1.582025289599178,-0.38160714055193495,1.0223387864687679,-1.042946718764942
0.5992411321909308,0.03015792065267652,0.3483097599457689,-0.06785940570541804,0.8486493553087362
0.5309729347707535,0.6818915588395962,0.8477749301030195,0.5735035912353154,0.8500607308536519
0.8040457244514624,-0.2099544723635572,0.4837052055367609,-1.2144219990776928,0.14718688838832467
0.8040457244514624,-1.582025289599178,-0.38160714055193495,-1.0079517727195582,-1.042946718764942
-1.4488047904143881,1.1621163448720637,-0.38160714055193495,0.6093983337524984,0.14718688838832467
0.8040457244514624,-0.2099544723635572,0.4837052055367609,0.850280264503656,-1.042946718764942
0.2579001450900441,0.09190110742827937,0.36485599832802834,-0.8805741455145262,1.2819416475979497
-1.4488047904143881,-0.2099544723635572,-1.2469194866406308,-1.2832454078637379,-1.042946718764942
0.030339487022786507,0.9220039518558302,0.3944778296081858,-0.009348219205803057,2.1044207463977527
-1.4488047904143881,1.1621163448720637,-0.38160714055193495,0.7814568557176109,-1.042946718764942
0.8040457244514624,1.1621163448720637,1.3490175516254568,0.643810038145521,0.14718688838832467
0.09860768444296374,1.0866524499241041,0.9306304961747702,0.06936322649603856,1.355333175933582
-1.4488047904143881,-0.2099544723635572,-1.2469194866406308,-1.4208922254358278,-1.042946718764942
0.8040457244514624,-1.582025289599178,-0.38160714055193495,1.2632207172199261,0.14718688838832467
-1.4488047904143881,-0.2099544723635572,-1.2469194866406308,0.7126334469315663,0.14718688838832467
-1.4488047904143881,-0.2099544723635572,-1.2469194866406308,-1.1111868858986256,-1.042946718764942
-1.4488047904143881,-1.582025289599178,-2.1122318327293264,1.1599856040408578,0.14718688838832467
0.07585161863623807,-0.18251305601884474,-0.05021389821414644,-0.7166291206504459,0.7925471773983247
0.8040457244514624,-1.582025289599178,-0.38160714055193495,-1.352068816649783,-1.042946718764942
-1.4488047904143881,1.1621163448720637,-0.38160714055193495,0.9535153776827235,0.14718688838832467
0.8040457244514624,1.1621163448720637,1.3490175516254568,0.7470451513245885,-1.042946718764942
0.8040457244514624,-0.2099544723635572,0.4837052055367609,1.056750490861791,0.14718688838832467
0.8040457244514624,-1.582025289599178,-0.38160714055193495,1.2288090128269036,-1.042946718764942
0.8040457244514624,-1.582025289599178,-0.38160714055193495,0.7814568557176109,0.14718688838832467
-1.4488047904143881,-1.582025289599178,-2.1122318327293264,-1.2832454078637379,0.14718688838832467
0.39443653993039907,-0.02472491203674836,0.3544510279947726,-0.06723708931368517,1.8563714943787648
0.7357775270312852,0.9768867845452551,0.9720884829812195,-0.39121597926032586,1.5935027991381583
-1.4488047904143881,1.1621163448720637,-0.38160714055193495,-1.1800102946846704,-1.042946718764942
0.16687588186314095,0.5584051852883906,0.6262550015847093,0.08163588146670164,0.829242941566141
-1.4488047904143881,-1.582025289599178,-2.1122318327293264,1.1943973084338804,0.14718688838832467
0.8040457244514624,-0.2099544723635572,0.4837052055367609,-0.9735400683265355,-1.042946718764942
0.8040457244514624,1.1621163448720637,1.3490175516254568,-0.8703049551474681,0.14718688838832467
0.37168047412367267,-0.11390951515706364,-0.07759376146940448,0.2702759445740524,1.8115603208276816
0.8040457244514624,-1.582025289599178,-0.38160714055193495,-0.9735400683265355,-1.042946718764942
-1.4488047904143881,-0.2099544723635572,-1.2469194866406308,-1.0079517727195582,0.14718688838832467
0.8040457244514624,-1.582025289599178,-0.38160714055193495,-1.4208922254358278,-1.042946718764942
0.8040457244514624,0.4417791658233628,1.0234536436015689,-0.7791979108520721,0.9019287821293156
0.8040457244514624,1.1621163448720637,1.3490175516254568,0.7470451513245885,0.14718688838832467
-1.4488047904143881,1.1621163448720637,-0.38160714055193495,0.6093983337524984,-1.042946718764942
0.8040457244514624,1.1621163448720637,1.3490175516254568,1.2976324216129478,0.14718688838832467
0.8040457244514624,-0.2099544723635572,0.4837052055367609,-1.2144219990776928,0.14718688838832467
0.09860768444296374,0.8259589946493364,0.7851738280124317,-0.48467393612443255,1.177499857274165
0.23514407928331843,0.7299140374428431,0.6894061968161814,0.062119056847703503,1.4068483833230165
-1.4488047904143881,-1.582025289599178,-2.1122318327293264,0.850280264503656,-1.042946718764942
0.8040457244514624,1.1621163448720637,1.3490175516254568,0.919103673289701,-1.042946718764942
0.1441198160564153,0.7093329751843086,0.48823951806581445,0.4377560004402811,1.1570349118728835
0.8040457244514624,1.1621163448720637,1.3490175516254568,0.8846919688966784,0.14718688838832467
-1.4488047904143881,-0.2099544723635572,-1.2469194866406308,-1.145598590291648,0.14718688838832467
0.00758342121606085,0.9563057222867206,0.6951818786214934,0.21002672301454556,1.4276661726105275
-1.4488047904143881,1.1621163448720637,-0.38160714055193495,1.056750490861791,-1.042946718764942
0.8040457244514624,-0.2099544723635572,0.4837052055367609,0.8158685601106335,-1.042946718764942
-1.4488047904143881,1.1621163448720637,-0.38160714055193495,0.7814568557176109,0.14718688838832467
0.8040457244514624,1.1621163448720637,1.3490175516254568,1.0223387864687679,-1.042946718764942
0.8040457244514624,-0.2099544723635572,0.4837052055367609,-1.2488337034707155,-1.042946718764942
-1.4488047904143881,-0.2099544723635572,-1.2469194866406308,0.7814568557176109,0.14718688838832467
0.8040457244514624,1.1621163448720637,1.3490175516254568,-0.7670698419684006,0.14718688838832467
0.8040457244514624,-0.2099544723635572,0.4837052055367609,1.056750490861791,-1.042946718764942
0.5537290005774789,0.02329756656649826,0.5484275152885231,-0.5661048345884094,2.200394283452041
0.8040457244514624,-1.582025289599178,-0.38160714055193495,1.2288090128269036,0.14718688838832467
0.12136375024968965,1.0180489090623235,0.46588770069177143,-0.8025460902336613,1.8761307520075885
0.667509329611108,1.0592110335793918,1.388685217512713,0.5026277975480473,1.8620169965584288
0.8040457244514624,-1.582025289599178,-0.38160714055193495,1.2288090128269036,-1.042946718764942
-1.4488047904143881,-0.2099544723635572,-1.2469194866406308,-1.3176571122567604,-1.042946718764942
0.8040457244514624,-0.2099544723635572,0.4837052055367609,-0.8703049551474681,0.14718688838832467
0.48546080315730167,1.1140938662688167,1.2034086279895475,0.6725544533494622,1.7021787160966906
0.8040457244514624,-1.582025289599178,-0.38160714055193495,-1.4553039298288504,0.14718688838832467
0.8040457244514624,-0.2099544723635572,0.4837052055367609,0.6093983337524984,0.14718688838832467
-1.4488047904143881,1.1621163448720637,-0.38160714055193495,-1.2488337034707155,0.14718688838832467
0.8040457244514624,-0.2099544723635572,0.4837052055367609,1.0911621952548136,-1.042946718764942
-1.4488047904143881,1.1621163448720637,-0.38160714055193495,0.850280264503656,-1.042946718764942
-1.4488047904143881,-0.2099544723635572,-1.2469194866406308,-1.2832454078637379,-1.042946718764942
-1.4488047904143881,-0.2099544723635572,-1.2469194866406308,-1.4553039298288504,0.14718688838832467
0.7130214612245592,0.5789862475469251,0.7803412528566911,0.8678109586224069,1.033539551692733
0.00758342121606085,0.5103827066851436,0.2569106775987185,0.44113307731164725,1.6146734323118985
-1.4488047904143881,1.1621163448720637,-0.38160714055193495,1.1255738996478362,-1.042946718764942
0.46270473735057627,0.5309637689436781,0.8178261876526798,-0.7774250027809999,2.0264422475411434
0.8040457244514624,1.1621163448720637,1.3490175516254568,-1.4208922254358278,0.14718688838832467
0.8040457244514624,1.1621163448720637,1.3490175516254568,-1.0079517727195582,0.14718688838832467
0.8040457244514624,1.1621163448720637,1.3490175516254568,-0.9047166595404906,0.14718688838832467
0.8040457244514624,1.1621163448720637,1.3490175516254568,-0.8703049551474681,0.14718688838832467
0.8040457244514624,-1.582025289599178,-0.38160714055193495,1.0223387864687679,-1.042946718764942
0.8040457244514624,-0.2099544723635572,0.4837052055367609,0.643810038145521,0.14718688838832467
-1.4488047904143881,1.1621163448720637,-0.38160714055193495,-1.0423634771125805,0.14718688838832467
-1.4488047904143881,1.1621163448720637,-0.38160714055193495,1.0911621952548136,0.14718688838832467
-1.4488047904143881,-0.2099544723635572,-1.2469194866406308,0.643810038145521,0.14718688838832467
0.8040457244514624,1.1621163448720637,1.3490175516254568,-1.0079517727195582,0.14718688838832467
0.8040457244514624,-0.2099544723635572,0.4837052055367609,-1.0767751815056033,-1.042946718764942
-1.4488047904143881,1.1621163448720637,-0.38160714055193495,-1.1111868858986256,0.14718688838832467
0.8040457244514624,-1.582025289599178,-0.38160714055193495,-0.8703049551474681,-1.042946718764942
-1.4488047904143881,-0.2099544723635572,-1.2469194866406308,1.1255738996478362,0.14718688838832467
0.8040457244514624,-1.582025289599178,-0.38160714055193495,1.1943973084338804,-1.042946718764942
0.8040457244514624,-1.582025289599178,-0.38160714055193495,0.7470451513245885,-1.042946718764942
-1.4488047904143881,1.1621163448720637,-0.38160714055193495,-0.9735400683265355,0.14718688838832467
-0.2882454342713742,0.0164372124803203,-0.22071028027469694,0.06703851795753135,1.695121838372111
0.8040457244514624,-0.2099544723635572,0.4837052055367609,0.8158685601106335,0.14718688838832467
0.8040457244514624,-1.582025289599178,-0.38160714055193495,-1.352068816649783,-1.042946718764942
0.8040457244514624,-0.2099544723635572,0.4837052055367609,-0.9391283639335132,-1.042946718764942
0.8040457244514624,-0.2099544723635572,0.4837052055367609,-1.0423634771125805,-1.042946718764942
0.1441198160564153,0.24968925141037573,0.3975263290216637,0.31240703413357696,2.188044747434026
0.8040457244514624,-1.582025289599178,-0.38160714055193495,-1.145598590291648,0.14718688838832467
0.48546080315730167,-0.004143849778214181,0.20104122745658642,0.4039653142985736,1.1139879577529452
0.5992411321909308,0.9082832436834737,1.2990829150349126,-0.7336395890692398,1.479181379999962
-1.4488047904143881,-1.582025289599178,-2.1122318327293264,0.8158685601106335,-1.042946718764942
0.8040457244514624,-0.2099544723635572,0.4837052055367609,0.8846919688966784,0.14718688838832467
0.1441198160564153,0.36631527087540344,0.21213572452802645,0.15678309555751,1.8380236122948566
0.5537290005774789,-0.06588703655381702,0.5903934119018426,0.8696845953752474,1.9971562049841363
0.8040457244514624,1.1621163448720637,1.3490175516254568,-1.2488337034707155,0.14718688838832467
-1.4488047904143881,1.1621163448720637,-0.38160714055193495,0.6093983337524984,-1.042946718764942
0.644753263804382,0.7024726210981307,0.868853658757392,-0.5582006488567988,1.4865911016107711
0.8040457244514624,-1.582025289599178,-0.38160714055193495,-1.145598590291648,0.14718688838832467
-1.4488047904143881,-0.2099544723635572,-1.2469194866406308,1.1943973084338804,0.14718688838832467
-1.4488047904143881,-0.2099544723635572,-1.2469194866406308,1.2288090128269036,-1.042946718764942
0.09860768444296374,0.8602607650802268,0.7861660059723857,0.6498410220325921,1.5702151026470448
-1.4488047904143881,1.1621163448720637,-0.38160714055193495,-1.3864805210428055,-1.042946718764942
0.8040457244514624,-0.2099544723635572,0.4837052055367609,-1.2832454078637379,-1.042946718764942
-0.06068477620411663,1.0660713876655703,0.8116859024156969,0.5203397833600719,0.7290352778771041
0.8040457244514624,1.1621163448720637,1.3490175516254568,-1.0423634771125805,0.14718688838832467
-1.4488047904143881,-1.582025289599178,-2.1122318327293264,0.850280264503656,0.14718688838832467
-1.4488047904143881,-0.2099544723635572,-1.2469194866406308,0.7470451513245885,0.14718688838832467
-1.4488047904143881,-0.2099544723635572,-1.2469194866406308,0.7814568557176109,-1.042946718764942
-1.4488047904143881,-0.2099544723635572,-1.2469194866406308,-0.8703049551474681,0.14718688838832467
0.8040457244514624,-0.2099544723635572,0.4837052055367609,1.1943973084338804,-1.042946718764942
-1.4488047904143881,1.1621163448720637,-0.38160714055193495,-1.2832454078637379,-1.042946718764942
0.8040457244514624,1.1621163448720637,1.3490175516254568,0.7470451513245885,0.14718688838832467
0.07585161863623807,0.6613104965810618,0.6242663679722987,-0.457715722812248,2.0038602388224875
-1.4488047904143881,-1.582025289599178,-2.1122318327293264,0.9879270820757461,0.14718688838832467
0.3261683425102213,0.6132880179778154,0.7271621283323707,-0.657476218945848,1.5024690764910764
-1.4488047904143881,-0.2099544723635572,-1.2469194866406308,0.8158685601106335,-1.042946718764942
0.8040457244514624,1.1621163448720637,1.3490175516254568,-1.2144219990776928,-1.042946718764942
0.8040457244514624,-0.2099544723635572,0.4837052055367609,1.056750490861791,-1.042946718764942
0.8040457244514624,-1.582025289599178,-0.38160714055193495,-0.9047166595404906,-1.042946718764942
-1.4488047904143881,-0.2099544723635572,-1.2469194866406308,-0.9391283639335132,-1.042946718764942
0.8040457244514624,-0.2099544723635572,0.4837052055367609,1.2976324216129478,0.14718688838832467
0.8040457244514624,-0.2099544723635572,0.4837052055367609,-0.7670698419684006,-1.042946718764942
0.7357775270312852,0.09190110742827937,0.3517384052592603,-0.4154733742307329,2.2409713303683767
-0.037928710397390715,0.16736500237623841,-0.01569399348398267,1.0764259084693661,1.959401909157633
-1.4488047904143881,-0.2099544723635572,-1.2469194866406308,0.6782217425385434,-1.042946718764942
0.8040457244514624,-1.582025289599178,-0.38160714055193495,-1.352068816649783,-1.042946718764942
0.8040457244514624,1.1621163448720637,1.3490175516254568,-0.8358932507544456,-1.042946718764942
-1.4488047904143881,1.1621163448720637,-0.38160714055193495,1.2976324216129478,-1.042946718764942
-1.4488047904143881,-1.582025289599178,-2.1122318327293264,0.9535153776827235,-1.042946718764942
-1.4488047904143881,1.1621163448720637,-0.38160714055193495,-1.2832454078637379,-1.042946718764942
-1.4488047904143881,-1.582025289599178,-2.1122318327293264,1.0223387864687679,0.14718688838832467
0.8040457244514624,-0.2099544723635572,0.4837052055367609,1.0223387864687679,-1.042946718764942
0.8040457244514624,1.1621163448720637,1.3490175516254568,0.9535153776827235,-1.042946718764942
0.8040457244514624,1.1621163448720637,1.3490175516254568,-1.352068816649783,0.14718688838832467
0.8040457244514624,-1.582025289599178,-0.38160714055193495,-0.8014815463614231,-1.042946718764942
-1.4488047904143881,-0.2099544723635572,-1.2469194866406308,0.850280264503656,0.14718688838832467
0.7357775270312852,0.9220039518558302,1.1334320179593995,1.4094290959084728,0.7816090169252257
0.7585335928380106,0.5309637689436781,1.083967123929214,0.8797384813887796,1.0268355178543818
-1.4488047904143881,-1.582025289599178,-2.1122318327293264,-1.3176571122567604,-1.042946718764942
-1.4488047904143881,-0.2099544723635572,-1.2469194866406308,-0.9047166595404906,0.14718688838832467
0.8040457244514624,1.1621163448720637,1.3490175516254568,1.1255738996478362,-1.042946718764942
0.8040457244514624,1.1621163448720637,1.3490175516254568,-1.145598590291648,0.14718688838832467
0.8040457244514624,-0.2099544723635572,0.4837052055367609,1.2632207172199261,-1.042946718764942
0.8040457244514624,1.1621163448720637,1.3490175516254568,-1.3176571122567604,-1.042946718764942
0.8040457244514624,-0.2099544723635572,0.4837052055367609,-1.1800102946846704,-1.042946718764942
0.8040457244514624,-0.2099544723635572,0.4837052055367609,0.7470451513245885,-1.042946718764942
0.8040457244514624,1.1621163448720637,1.3490175516254568,0.7470451513245885,0.14718688838832467
0.8040457244514624,1.1621163448720637,1.3490175516254568,-1.3176571122567604,-1.042946718764942
-1.4488047904143881,-0.2099544723635572,-1.2469194866406308,1.0223387864687679,-1.042946718764942
0.8040457244514624,-1.582025289599178,-0.38160714055193495,-1.352068816649783,0.14718688838832467
0.8040457244514624,-1.582025289599178,-0.38160714055193495,1.0223387864687679,0.14718688838832467
0.8040457244514624,-1.582025289599178,-0.38160714055193495,-0.9391283639335132,0.14718688838832467
-1.4488047904143881,-1.582025289599178,-2.1122318327293264,-1.2144219990776928,0.14718688838832467
0.8040457244514624,1.1621163448720637,1.3490175516254568,-0.8014815463614231,0.14718688838832467
0.8040457244514624,-1.582025289599178,-0.38160714055193495,-1.4208922254358278,0.14718688838832467
0.8040457244514624,1.1621163448720637,1.3490175516254568,0.9879270820757461,0.14718688838832467
0.8040457244514624,-0.2099544723635572,0.4837052055367609,1.2632207172199261,-1.042946718764942
-0.3110015000780999,-0.07274739063999498,-0.05571462747086977,0.8622829280064795,1.8680153426243216
0.8040457244514624,-1.582025289599178,-0.38160714055193495,1.1943973084338804,0.14718688838832467
0.8040457244514624,1.1621163448720637,1.3490175516254568,0.7126334469315663,0.14718688838832467
-1.4488047904143881,-0.2099544723635572,-1.2469194866406308,-1.1800102946846704,-1.042946718764942
0.8040457244514624,-0.2099544723635572,0.4837052055367609,0.7814568557176109,0.14718688838832467
0.8040457244514624,-1.582025289599178,-0.38160714055193495,-1.2144219990776928,0.14718688838832467
0.8040457244514624,1.1621163448720637,1.3490175516254568,-1.3864805210428055,-1.042946718764942
0.8040457244514624,-1.582025289599178,-0.38160714055193495,-0.9391283639335132,-1.042946718764942
0.8040457244514624,1.1621163448720637,1.3490175516254568,1.1599856040408578,0.14718688838832467
0.48546080315730167,0.77793651604609,0.852056127665434,0.1475406677355168,1.7519297040549802
-1.4488047904143881,-0.2099544723635572,-1.2469194866406308,0.6093983337524984,0.14718688838832467
0.8040457244514624,1.1621163448720637,1.3490175516254568,1.2632207172199261,-1.042946718764942
-0.1061969078175682,0.13992358603152596,-0.12506904573666833,-0.045413172118237935,1.2410117567953858
-1.4488047904143881,-0.2099544723635572,-1.2469194866406308,1.0223387864687679,0.14718688838832467
0.6902653954178334,-0.14135093150177608,0.38939956187086855,1.180190844379493,0.8504135747398811
0.8040457244514624,-1.582025289599178,-0.38160714055193495,0.643810038145521,0.14718688838832467
0.5764850663842048,-0.07960774472617324,0.12256421587513926,-0.2634719245623843,0.8179519372068126
0.8040457244514624,-0.2099544723635572,0.4837052055367609,0.7126334469315663,0.14718688838832467
0.8040457244514624,1.1621163448720637,1.3490175516254568,-1.352068816649783,0.14718688838832467
0.8040457244514624,1.1621163448720637,1.3490175516254568,0.7126334469315663,-1.042946718764942
0.8040457244514624,1.1621163448720637,1.3490175516254568,1.1599856040408578,-1.042946718764942
0.8040457244514624,-0.2099544723635572,0.4837052055367609,-1.0079517727195582,-1.042946718764942
0.8040457244514624,1.1621163448720637,1.3490175516254568,-1.2144219990776928,-1.042946718764942
-0.01517264459066506,0.6887519129257742,0.7096122520451227,0.28072728045317075,2.202158502883186
0.8040457244514624,-1.582025289599178,-0.38160714055193495,0.9535153776827235,0.14718688838832467
0.8040457244514624,-0.2099544723635572,0.4837052055367609,1.2976324216129478,-1.042946718764942
0.8040457244514624,1.1621163448720637,1.3490175516254568,1.0911621952548136,0.14718688838832467
0.8040457244514624,1.1621163448720637,1.3490175516254568,-1.145598590291648,-1.042946718764942
-1.4488047904143881,-1.582025289599178,-2.1122318327293264,-1.3864805210428055,-1.042946718764942
-1.4488047904143881,1.1621163448720637,-0.38160714055193495,0.8846919688966784,0.14718688838832467
0.8040457244514624,1.1621163448720637,1.3490175516254568,0.9535153776827235,-1.042946718764942
0.18963194766986688,0.5172430607713215,0.6007709440204515,-0.9054190436941517,2.0095057410021515
0.8040457244514624,-1.582025289599178,-0.38160714055193495,1.056750490861791,-1.042946718764942
-0.037928710397390715,0.6270087261501713,0.35465494957235255,0.9213020010460741,2.4339769361356405
-1.4488047904143881,1.1621163448720637,-0.38160714055193495,0.643810038145521,-1.042946718764942
0.8040457244514624,-1.582025289599178,-0.38160714055193495,0.7470451513245885,0.14718688838832467
0.8040457244514624,-0.2099544723635572,0.4837052055367609,-1.0079517727195582,0.14718688838832467
-1.4488047904143881,1.1621163448720637,-0.38160714055193495,0.6782217425385434,-1.042946718764942
0.8040457244514624,1.1621163448720637,1.3490175516254568,1.2976324216129478,-1.042946718764942
-1.4488047904143881,-1.582025289599178,-2.1122318327293264,-1.3176571122567604,0.14718688838832467
0.8040457244514624,1.1621163448720637,1.3490175516254568,-1.0423634771125805,-1.042946718764942
0.8040457244514624,-1.582025289599178,-0.38160714055193495,0.850280264503656,-1.042946718764942
0.667509329611108,0.6338690802363499,1.0821049797748281,-0.7920522110622439,2.037027564128014
-1.4488047904143881,-0.2099544723635572,-1.2469194866406308,1.0223387864687679,0.14718688838832467
-1.4488047904143881,1.1621163448720637,-0.38160714055193495,-0.9391283639335132,0.14718688838832467
-1.4488047904143881,-1.582025289599178,-2.1122318327293264,-1.0423634771125805,0.14718688838832467
0.8040457244514624,1.1621163448720637,1.3490175516254568,-0.8358932507544456,-1.042946718764942
0.8040457244514624,-0.2099544723635572,0.4837052055367609,1.2632207172199261,0.14718688838832467
0.8040457244514624,1.1621163448720637,1.3490175516254568,0.7814568557176109,0.14718688838832467
0.781289658644737,0.43491881173718455,0.9841111779768296,0.6435254312355516,1.6499578209347983
0.8040457244514624,-0.2099544723635572,0.4837052055367609,-1.0767751815056033,0.14718688838832467
0.8040457244514624,-0.2099544723635572,0.4837052055367609,1.1599856040408578,-1.042946718764942
-1.4488047904143881,1.1621163448720637,-0.38160714055193495,-1.2832454078637379,0.14718688838832467
0.8040457244514624,-1.582025289599178,-0.38160714055193495,-1.3176571122567604,-1.042946718764942
0.8040457244514624,-0.2099544723635572,0.4837052055367609,-1.1111868858986256,0.14718688838832467
-1.4488047904143881,1.1621163448720637,-0.38160714055193495,0.7470451513245885,0.14718688838832467
0.8040457244514624,-0.2099544723635572,0.4837052055367609,0.7126334469315663,-1.042946718764942
0.8040457244514624,-0.2099544723635572,0.4837052055367609,0.8158685601106335,-1.042946718764942
-0.2882454342713742,0.7230536833566652,0.1436259323611021,1.4770889915092549,2.0423202224214485
0.8040457244514624,-0.2099544723635572,0.4837052055367609,-0.8014815463614231,-1.042946718764942
-1.4488047904143881,-0.2099544723635572,-1.2469194866406308,1.1255738996478362,-1.042946718764942
-1.4488047904143881,1.1621163448720637,-0.38160714055193495,-1.2832454078637379,0.14718688838832467
0.8040457244514624,-1.582025289599178,-0.38160714055193495,0.6782217425385434,-1.042946718764942
-1.4488047904143881,-0.2099544723635572,-1.2469194866406308,0.9879270820757461,0.14718688838832467
-1.4488047904143881,1.1621163448720637,-0.38160714055193495,1.2976324216129478,-1.042946718764942
0.8040457244514624,-0.2099544723635572,0.4837052055367609,1.2976324216129478,-1.042946718764942
0.8040457244514624,-0.2099544723635572,0.4837052055367609,-0.8703049551474681,0.14718688838832467
-1.4488047904143881,-1.582025289599178,-2.1122318327293264,-1.145598590291648,-1.042946718764942
0.8040457244514624,-1.582025289599178,-0.38160714055193495,-0.7670698419684006,-1.042946718764942
0.8040457244514624,-1.582025289599178,-0.38160714055193495,1.2288090128269036,-1.042946718764942
0.8040457244514624,1.1621163448720637,1.3490175516254568,0.643810038145521,0.14718688838832467
-1.4488047904143881,-0.2099544723635572,-1.2469194866406308,-0.8358932507544456,0.14718688838832467
0.7357775270312852,0.8739814732525834,1.045528201022191,0.35760528235043476,2.4551475693093807
-1.4488047904143881,-0.2099544723635572,-1.2469194866406308,-0.9735400683265355,0.14718688838832467
0.8040457244514624,1.1621163448720637,1.3490175516254568,0.919103673289701,0.14718688838832467
0.8040457244514624,-1.582025289599178,-0.38160714055193495,-0.8358932507544456,-1.042946718764942
0.8040457244514624,-1.582025289599178,-0.38160714055193495,-1.3176571122567604,0.14718688838832467
-0.1972211710444711,1.0797920958379263,0.5399439170235882,-0.5663422923080283,1.2801774281668048
-1.4488047904143881,-1.582025289599178,-2.1122318327293264,-1.2832454078637379,0.14718688838832467
0.8040457244514624,-0.2099544723635572,0.4837052055367609,-1.352068816649783,0.14718688838832467
0.8040457244514624,-0.2099544723635572,0.4837052055367609,-1.1800102946846704,0.14718688838832467
0.8040457244514624,-1.582025289599178,-0.38160714055193495,-1.145598590291648,0.14718688838832467
-1.4488047904143881,-0.2099544723635572,-1.2469194866406308,0.6782217425385434,0.14718688838832467
0.8040457244514624,-1.582025289599178,-0.38160714055193495,1.2976324216129478,0.14718688838832467
-0.2882454342713742,0.6818915588395962,0.4758672441742864,0.11367052992848678,2.16546273871537
0.8040457244514624,-1.582025289599178,-0.38160714055193495,1.0223387864687679,-1.042946718764942
0.8040457244514624,-0.2099544723635572,0.4837052055367609,1.1599856040408578,0.14718688838832467
0.8040457244514624,1.1621163448720637,1.3490175516254568,0.7126334469315663,-1.042946718764942
0.8040457244514624,-0.2099544723635572,0.4837052055367609,1.0223387864687679,0.14718688838832467
0.8040457244514624,-1.582025289599178,-0.38160714055193495,-0.8703049551474681,-1.042946718764942
-1.4488047904143881,1.1621163448720637,-0.38160714055193495,1.2632207172199261,-1.042946718764942
-1.4488047904143881,-0.2099544723635572,-1.2469194866406308,1.2632207172199261,-1.042946718764942
0.2579001450900441,0.1536442942038822,0.5826415450798911,1.435951381773036,2.010564272660838
0.8040457244514624,1.1621163448720637,1.3490175516254568,-1.2832454078637379,0.14718688838832467
0.07585161863623807,0.5995673098054589,0.1848191088512325,1.3601793190117442,2.1823992452543624
-1.4488047904143881,1.1621163448720637,-0.38160714055193495,-1.0767751815056033,-1.042946718764942
-1.4488047904143881,1.1621163448720637,-0.38160714055193495,1.1943973084338804,-1.042946718764942
-0.06068477620411663,0.13992358603152596,-0.1074819982692014,0.35055887907007205,2.2095682244939954
0.2579001450900441,0.47608093625425324,0.565862390285701,0.995711508073259,1.9890407956008693
0.5082168689640276,0.8122382864769805,0.6341870253901754,-0.8878470846621292,0.9516797700876043
-1.4488047904143881,-0.2099544723635572,-1.2469194866406308,-1.1111868858986256,-1.042946718764942
0.8040457244514624,-0.2099544723635572,0.4837052055367609,1.1599856040408578,0.14718688838832467
0.5309729347707535,0.338873854530691,0.5901370715269748,0.3027365380091204,1.0314224883753587
0.8040457244514624,-1.582025289599178,-0.38160714055193495,-0.9735400683265355,-1.042946718764942
0.3489244083169472,0.9082832436834737,0.8692544139783479,-0.6633162674530769,1.170090135663356
0.8040457244514624,1.1621163448720637,1.3490175516254568,-1.0079517727195582,0.14718688838832467
0.8040457244514624,-1.582025289599178,-0.38160714055193495,0.8158685601106335,-1.042946718764942
-1.4488047904143881,-0.2099544723635572,-1.2469194866406308,-1.2488337034707155,0.14718688838832467
0.8040457244514624,1.1621163448720637,1.3490175516254568,-0.8014815463614231,-1.042946718764942
-0.15170903943101952,0.7299140374428431,0.19383649802606623,-0.9766463310531707,1.0656483453395722
0.8040457244514624,1.1621163448720637,1.3490175516254568,1.0911621952548136,-1.042946718764942
0.8040457244514624,1.1621163448720637,1.3490175516254568,-0.8014815463614231,0.14718688838832467
-1.4488047904143881,-1.582025289599178,-2.1122318327293264,0.8846919688966784,0.14718688838832467
-1.4488047904143881,-0.2099544723635572,-1.2469194866406308,1.2288090128269036,0.14718688838832467
0.8040457244514624,1.1621163448720637,1.3490175516254568,1.2288090128269036,-1.042946718764942
-1.4488047904143881,-0.2099544723635572,-1.2469194866406308,0.6782217425385434,0.14718688838832467
0.2579001450900441,0.5584051852883906,0.3997006660382319,0.12093530696423938,1.6203189344915627
0.8040457244514624,-0.2099544723635572,0.4837052055367609,-0.8703049551474681,-1.042946718764942
0.8040457244514624,1.1621163448720637,1.3490175516254568,-1.352068816649783,0.14718688838832467
0.8040457244514624,-0.2099544723635572,0.4837052055367609,-1.4208922254358278,-1.042946718764942
0.8040457244514624,-1.582025289599178,-0.38160714055193495,-1.4553039298288504,0.14718688838832467
-1.4488047904143881,1.1621163448720637,-0.38160714055193495,-1.2832454078637379,-1.042946718764942
-0.037928710397390715,0.7573554537875555,0.2389645447305472,1.3537698251550396,1.0956400756690372
-1.4488047904143881,-0.2099544723635572,-1.2469194866406308,0.7126334469315663,-1.042946718764942
0.8040457244514624,-1.582025289599178,-0.38160714055193495,1.0911621952548136,-1.042946718764942
-1.4488047904143881,1.1621163448720637,-0.38160714055193495,-1.3176571122567604,-1.042946718764942
-1.4488047904143881,-1.582025289599178,-2.1122318327293264,-1.1111868858986256,0.14718688838832467
0.8040457244514624,-0.2099544723635572,0.4837052055367609,0.7814568557176109,0.14718688838832467
0.3261683425102213,0.40747739539247213,0.25744825374018493,0.6656304148987767,1.7191152226356832
0.8040457244514624,-0.2099544723635572,0.4837052055367609,-1.352068816649783,-1.042946718764942
-1.4488047904143881,-0.2099544723635572,-1.2469194866406308,1.1599856040408578,0.14718688838832467
0.8040457244514624,-1.582025289599178,-0.38160714055193495,-1.2488337034707155,-1.042946718764942
0.8040457244514624,1.1621163448720637,1.3490175516254568,-1.4553039298288504,0.14718688838832467
0.28065621089677,0.5515448312022125,0.7884984705381702,0.16157843241517672,1.6757154246295156
0.21238801347659253,0.7024726210981307,0.6762870816621841,-1.341768865060668,0.9470927995666273
0.030339487022786507,-0.19623376419120095,-0.3900649810188013,0.7716902075972637,2.3824617287462058
0.8040457244514624,1.1621163448720637,1.3490175516254568,1.1943973084338804,-1.042946718764942
-1.4488047904143881,-0.2099544723635572,-1.2469194866406308,0.850280264503656,0.14718688838832467
-1.4488047904143881,-0.2099544723635572,-1.2469194866406308,1.2632207172199261,0.14718688838832467
0.8040457244514624,-0.2099544723635572,0.4837052055367609,1.1255738996478362,0.14718688838832467
0.8040457244514624,1.1621163448720637,1.3490175516254568,1.2288090128269036,0.14718688838832467
-1.4488047904143881,-1.582025289599178,-2.1122318327293264,-0.8014815463614231,0.14718688838832467
-1.4488047904143881,-0.2099544723635572,-1.2469194866406308,-0.8358932507544456,-1.042946718764942
0.8040457244514624,1.1621163448720637,1.3490175516254568,-0.9735400683265355,0.14718688838832467
-1.4488047904143881,-0.2099544723635572,-1.2469194866406308,1.2976324216129478,0.14718688838832467
0.5764850663842048,0.11248216968681385,0.24443991217210617,0.7558477792613869,1.7035900916416071
0.8040457244514624,1.1621163448720637,1.3490175516254568,1.0223387864687679,-1.042946718764942
0.8040457244514624,-0.2099544723635572,0.4837052055367609,0.7814568557176109,0.14718688838832467
0.37168047412367267,0.33201350044451305,0.38584150468642875,0.29841203748501954,1.085407602968396
0.8040457244514624,-0.2099544723635572,0.4837052055367609,-1.0767751815056033,0.14718688838832467
-0.12895297362429387,0.6681708506672402,0.46997610071613793,1.0155723515208495,1.7716889616838047
-1.4488047904143881,1.1621163448720637,-0.38160714055193495,0.7814568557176109,-1.042946718764942
0.8040457244514624,-0.2099544723635572,0.4837052055367609,0.7814568557176109,-1.042946718764942
-1.4488047904143881,-0.2099544723635572,-1.2469194866406308,1.056750490861791,-1.042946718764942
0.8040457244514624,1.1621163448720637,1.3490175516254568,-1.3176571122567604,0.14718688838832467
-1.4488047904143881,1.1621163448720637,-0.38160714055193495,-0.9735400683265355,-1.042946718764942
-1.4488047904143881,-0.2099544723635572,-1.2469194866406308,-1.4553039298288504,-1.042946718764942
-0.1061969078175682,-0.0178645579505704,0.15211689891098537,-0.4121381845677852,2.3348278041052906
0.8040457244514624,-0.2099544723635572,0.4837052055367609,0.8846919688966784,0.14718688838832467
-1.4488047904143881,-0.2099544723635572,-1.2469194866406308,-1.0423634771125805,0.14718688838832467
0.8040457244514624,-1.582025289599178,-0.38160714055193495,1.056750490861791,-1.042946718764942
0.8040457244514624,-0.2099544723635572,0.4837052055367609,-0.9735400683265355,-1.042946718764942
0.8040457244514624,-1.582025289599178,-0.38160714055193495,1.2288090128269036,0.14718688838832467
0.8040457244514624,-1.582025289599178,-0.38160714055193495,0.6782217425385434,-1.042946718764942
0.8040457244514624,-1.582025289599178,-0.38160714055193495,-1.145598590291648,-1.042946718764942
0.8040457244514624,-1.582025289599178,-0.38160714055193495,0.7814568557176109,-1.042946718764942
-1.4488047904143881,-1.582025289599178,-2.1122318327293264,0.9879270820757461,0.14718688838832467
0.8040457244514624,-0.2099544723635572,0.4837052055367609,1.1943973084338804,-1.042946718764942
-1.4488047904143881,-1.582025289599178,-2.1122318327293264,0.9879270820757461,-1.042946718764942
-0.3110015000780999,0.8259589946493364,0.3890793823804768,0.24730357733314862,1.1206919915912958
0.8040457244514624,-1.582025289599178,-0.38160714055193495,-0.8358932507544456,0.14718688838832467
0.8040457244514624,1.1621163448720637,1.3490175516254568,-0.8703049551474681,-1.042946718764942
0.8040457244514624,-0.2099544723635572,0.4837052055367609,0.8158685601106335,-1.042946718764942
-1.4488047904143881,-1.582025289599178,-2.1122318327293264,0.9535153776827235,-1.042946718764942
0.8040457244514624,-1.582025289599178,-0.38160714055193495,-1.4553039298288504,-1.042946718764942
0.644753263804382,0.7847968701322681,1.077613722343548,-0.20085452468121734,1.4315474553590466
0.8040457244514624,1.1621163448720637,1.3490175516254568,0.6782217425385434,-1.042946718764942
0.21238801347659253,0.5789862475469251,0.8148327151440672,-1.2875321289480972,1.0769393496988997
-1.4488047904143881,-1.582025289599178,-2.1122318327293264,0.7814568557176109,0.14718688838832467
-0.24273330265792264,0.585846601633103,0.41102497378648756,0.038458086643199454,1.1460967513997844
0.8040457244514624,-0.2099544723635572,0.4837052055367609,1.056750490861791,-1.042946718764942
-1.4488047904143881,-1.582025289599178,-2.1122318327293264,0.643810038145521,-1.042946718764942
-1.4488047904143881,1.1621163448720637,-0.38160714055193495,-1.145598590291648,-1.042946718764942
0.23514407928331843,0.9563057222867206,0.9923162835834912,1.223816864379579,1.9929220783493884
0.8040457244514624,-0.2099544723635572,0.4837052055367609,0.9535153776827235,0.14718688838832467
0.6902653954178334,-0.19623376419120095,0.1355688273814121,0.5353834502120817,2.3676422855245876
0.5537290005774789,0.8328193487355143,1.077989156383881,-0.9459779234312596,1.8390821439535436
-1.4488047904143881,-0.2099544723635572,-1.2469194866406308,0.7470451513245885,0.14718688838832467
0.8040457244514624,-1.582025289599178,-0.38160714055193495,1.0223387864687679,-1.042946718764942
-1.4488047904143881,-1.582025289599178,-2.1122318327293264,-1.0423634771125805,-1.042946718764942
-1.4488047904143881,-1.582025289599178,-2.1122318327293264,-1.2144219990776928,0.14718688838832467
0.5309729347707535,-0.09332845289852947,0.14050148808443683,0.08543971162331636,1.3638014292030785
0.7585335928380106,0.6064276638916375,1.1308867237903881,-0.33549156992991147,2.134412476727218
0.8040457244514624,-0.2099544723635572,0.4837052055367609,0.8158685601106335,0.14718688838832467
-1.4488047904143881,-1.582025289599178,-2.1122318327293264,1.1943973084338804,-1.042946718764942
-1.4488047904143881,-0.2099544723635572,-1.2469194866406308,1.2632207172199261,0.14718688838832467
-1.4488047904143881,-0.2099544723635572,-1.2469194866406308,-1.2488337034707155,-1.042946718764942
-1.4488047904143881,1.1621163448720637,-0.38160714055193495,-1.3176571122567604,-1.042946718764942
0.8040457244514624,-0.2099544723635572,0.4837052055367609,0.643810038145521,-1.042946718764942
0.8040457244514624,1.1621163448720637,1.3490175516254568,1.1599856040408578,0.14718688838832467
0.8040457244514624,-1.582025289599178,-0.38160714055193495,1.1255738996478362,-1.042946718764942
0.8040457244514624,-0.2099544723635572,0.4837052055367609,0.7126334469315663,0.14718688838832467
-1.4488047904143881,-0.2099544723635572,-1.2469194866406308,1.1599856040408578,-1.042946718764942
0.8040457244514624,-0.2099544723635572,0.4837052055367609,0.7814568557176109,0.14718688838832467
-0.2882454342713742,0.1536442942038822,-0.25504209860706195,-0.14091783699678218,1.0345980833514195
0.6219971979976562,0.22910818915184156,0.807596887172624,0.26576154907255845,1.5049389836946792
-1.4488047904143881,1.1621163448720637,-0.38160714055193495,0.8846919688966784,-1.042946718764942
-1.4488047904143881,-0.2099544723635572,-1.2469194866406308,-0.7670698419684006,-1.042946718764942
-0.15170903943101952,0.6201483720639934,0.5022411696844191,0.46242658160417,1.3634485853168499
-1.4488047904143881,1.1621163448720637,-0.38160714055193495,0.7814568557176109,0.14718688838832467
0.8040457244514624,-0.2099544723635572,0.4837052055367609,1.056750490861791,0.14718688838832467
0.8040457244514624,-1.582025289599178,-0.38160714055193495,0.8846919688966784,-1.042946718764942
0.8040457244514624,-0.2099544723635572,0.4837052055367609,-0.9047166595404906,0.14718688838832467
-1.4488047904143881,-0.2099544723635572,-1.2469194866406308,1.1599856040408578,-1.042946718764942
0.8040457244514624,-0.2099544723635572,0.4837052055367609,1.0223387864687679,-1.042946718764942
0.8040457244514624,-1.582025289599178,-0.38160714055193495,-0.7670698419684006,0.14718688838832467
-1.4488047904143881,-1.582025289599178,-2.1122318327293264,1.1255738996478362,0.14718688838832467
-1.4488047904143881,-0.2099544723635572,-1.2469194866406308,1.1255738996478362,-1.042946718764942
0.8040457244514624,-1.582025289599178,-0.38160714055193495,-1.0423634771125805,0.14718688838832467
0.8040457244514624,1.1621163448720637,1.3490175516254568,-1.1800102946846704,-1.042946718764942
0.8040457244514624,-1.582025289599178,-0.38160714055193495,-1.2144219990776928,0.14718688838832467
0.8040457244514624,-1.582025289599178,-0.38160714055193495,0.6093983337524984,-1.042946718764942
0.8040457244514624,-1.582025289599178,-0.38160714055193495,1.056750490861791,-1.042946718764942
-1.4488047904143881,-0.2099544723635572,-1.2469194866406308,0.9535153776827235,0.14718688838832467
-1.4488047904143881,-1.582025289599178,-2.1122318327293264,-1.4208922254358278,-1.042946718764942
0.667509329611108,0.16736500237623841,0.6273487724222154,0.19156361360299523,0.9668520571954511
0.8040457244514624,1.1621163448720637,1.3490175516254568,-1.0423634771125805,0.14718688838832467
0.8040457244514624,1.1621163448720637,1.3490175516254568,-1.145598590291648,0.14718688838832467
-0.06068477620411663,-0.1550716396741323,-0.237189274923466,-0.9727974802734222,1.705354311072752
-0.12895297362429387,-0.004143849778214181,-0.2729648817160181,0.2735771918962951,1.8397878317260015
0.8040457244514624,-1.582025289599178,-0.38160714055193495,1.2976324216129478,-1.042946718764942
-1.4488047904143881,-0.2099544723635572,-1.2469194866406308,-1.4553039298288504,0.14718688838832467
0.6902653954178334,0.1879460646347729,0.4372346306719283,-0.32362466457001854,2.0634908555951887
-1.4488047904143881,1.1621163448720637,-0.38160714055193495,0.6782217425385434,0.14718688838832467
-1.4488047904143881,1.1621163448720637,-0.38160714055193495,-1.0079517727195582,0.14718688838832467
0.8040457244514624,1.1621163448720637,1.3490175516254568,-1.2488337034707155,-1.042946718764942
-1.4488047904143881,-0.2099544723635572,-1.2469194866406308,-1.2488337034707155,-1.042946718764942
0.8040457244514624,-0.2099544723635572,0.4837052055367609,1.1255738996478362,0.14718688838832467
-1.4488047904143881,-0.2099544723635572,-1.2469194866406308,-1.1800102946846704,-1.042946718764942
-0.219977236851197,-0.03158526612292662,-0.04225621673675597,0.4927418161436777,1.5592769421739456
-1.4488047904143881,1.1621163448720637,-0.38160714055193495,1.1255738996478362,0.14718688838832467
-1.4488047904143881,-0.2099544723635572,-1.2469194866406308,0.6782217425385434,0.14718688838832467
-0.15170903943101952,-0.0864680988123512,-0.22335524302535845,0.3451204443219228,2.4696141686447692
0.8040457244514624,-0.2099544723635572,0.4837052055367609,1.1599856040408578,0.14718688838832467
0.8040457244514624,1.1621163448720637,1.3490175516254568,-0.8358932507544456,-1.042946718764942
0.8040457244514624,1.1621163448720637,1.3490175516254568,-1.352068816649783,-1.042946718764942
0.8040457244514624,-0.2099544723635572,0.4837052055367609,-1.4208922254358278,0.14718688838832467
0.8040457244514624,-0.2099544723635572,0.4837052055367609,-1.1800102946846704,-1.042946718764942
-0.219977236851197,0.27713066775508816,-0.1848700313740398,0.5562253429163582,2.335886335763978
-1.4488047904143881,-0.2099544723635572,-1.2469194866406308,-1.4208922254358278,-1.042946718764942
-1.4488047904143881,-0.2099544723635572,-1.2469194866406308,1.2976324216129478,-1.042946718764942
0.8040457244514624,1.1621163448720637,1.3490175516254568,-0.9735400683265355,0.14718688838832467
-1.4488047904143881,-1.582025289599178,-2.1122318327293264,0.6093983337524984,-1.042946718764942
-1.4488047904143881,-0.2099544723635572,-1.2469194866406308,0.6093983337524984,-1.042946718764942
0.8040457244514624,-0.2099544723635572,0.4837052055367609,1.2976324216129478,-1.042946718764942
-1.4488047904143881,1.1621163448720637,-0.38160714055193495,-1.0767751815056033,0.14718688838832467
0.3489244083169472,0.4692205821680753,0.7732342486008085,0.5543613271892339,1.3726225263588039
-1.4488047904143881,-0.2099544723635572,-1.2469194866406308,-1.1800102946846704,0.14718688838832467
-1.4488047904143881,1.1621163448720637,-0.38160714055193495,1.2288090128269036,0.14718688838832467
0.00758342121606085,0.02329756656649826,-0.12964526804202162,-0.08129536847129215,1.2561840439032324
0.7585335928380106,0.5927069557192809,0.8850430335886574,0.062048888006785395,1.8718966253728406
-1.4488047904143881,-1.582025289599178,-2.1122318327293264,0.9879270820757461,0.14718688838832467
-1.4488047904143881,1.1621163448720637,-0.38160714055193495,0.643810038145521,0.14718688838832467
0.43994867154384987,1.1209542203549954,0.951904323761319,0.013510240170673142,1.3062878757477512
0.8040457244514624,1.1621163448720637,1.3490175516254568,1.2976324216129478,0.14718688838832467
-1.4488047904143881,-1.582025289599178,-2.1122318327293264,1.1255738996478362,-1.042946718764942
0.8040457244514624,-1.582025289599178,-0.38160714055193495,1.1599856040408578,0.14718688838832467
-1.4488047904143881,1.1621163448720637,-0.38160714055193495,1.2632207172199261,-1.042946718764942
-1.4488047904143881,-1.582025289599178,-2.1122318327293264,0.9535153776827235,0.14718688838832467
0.8040457244514624,-0.2099544723635572,0.4837052055367609,-1.1111868858986256,0.14718688838832467
0.8040457244514624,1.1621163448720637,1.3490175516254568,1.0223387864687679,-1.042946718764942
0.644753263804382,0.11248216968681385,0.7714358618845853,-0.286644231085505,2.0959524931282565
0.8040457244514624,-0.2099544723635572,0.4837052055367609,0.919103673289701,0.14718688838832467
0.030339487022786507,0.28399102184126646,0.09178131936365731,-0.8382930913841238,1.2625352338553553
-1.4488047904143881,1.1621163448720637,-0.38160714055193495,-1.0079517727195582,0.14718688838832467
-1.4488047904143881,-0.2099544723635572,-1.2469194866406308,-1.145598590291648,-1.042946718764942
0.8040457244514624,-0.2099544723635572,0.4837052055367609,-1.0423634771125805,0.14718688838832467
-1.4488047904143881,-1.582025289599178,-2.1122318327293264,-0.8358932507544456,-1.042946718764942
-1.4488047904143881,1.1621163448720637,-0.38160714055193495,1.1943973084338804,-1.042946718764942
-1.4488047904143881,-0.2099544723635572,-1.2469194866406308,-0.8014815463614231,0.14718688838832467
0.7357775270312852,-0.20309411827737922,0.38405904403433044,0.08617116311384633,2.173930991984866
0.09860768444296374,0.06445969108356692,0.044242382950068326,-1.031873753020764,2.206745473404163
-1.4488047904143881,-1.582025289599178,-2.1122318327293264,1.1255738996478362,0.14718688838832467
0.8040457244514624,-1.582025289599178,-0.38160714055193495,0.850280264503656,-1.042946718764942
0.8040457244514624,-0.2099544723635572,0.4837052055367609,0.9535153776827235,-1.042946718764942
-1.4488047904143881,-1.582025289599178,-2.1122318327293264,1.1943973084338804,0.14718688838832467
0.3034122767034954,1.038629971320858,1.0352202849736822,-0.8858508108051505,1.567392351557212
-1.4488047904143881,-0.2099544723635572,-1.2469194866406308,0.7814568557176109,0.14718688838832467
0.7357775270312852,-0.004143849778214181,0.828738555155548,0.7698760606987303,1.6033824279525704
0.8040457244514624,1.1621163448720637,1.3490175516254568,-1.3864805210428055,0.14718688838832467
-1.4488047904143881,-0.2099544723635572,-1.2469194866406308,-0.8358932507544456,-1.042946718764942
-1.4488047904143881,-0.2099544723635572,-1.2469194866406308,-0.7670698419684006,0.14718688838832467
0.8040457244514624,-1.582025289599178,-0.38160714055193495,-0.7670698419684006,-1.042946718764942
-1.4488047904143881,1.1621163448720637,-0.38160714055193495,-0.8014815463614231,0.14718688838832467
0.8040457244514624,1.1621163448720637,1.3490175516254568,0.7814568557176109,0.14718688838832467
0.8040457244514624,-0.2099544723635572,0.4837052055367609,-1.0079517727195582,-1.042946718764942
-1.4488047904143881,1.1621163448720637,-0.38160714055193495,-0.9735400683265355,0.14718688838832467
-1.4488047904143881,1.1621163448720637,-0.38160714055193495,1.2976324216129478,0.14718688838832467
0.18963194766986688,-0.0178645579505704,-0.03691759927206367,-1.5349678285220034,1.008840479656703
0.8040457244514624,1.1621163448720637,1.3490175516254568,0.9879270820757461,0.14718688838832467
0.8040457244514624,-1.582025289599178,-0.38160714055193495,0.6093983337524984,0.14718688838832467
0.8040457244514624,1.1621163448720637,1.3490175516254568,-1.3176571122567604,0.14718688838832467
0.5309729347707535,1.1483956366997077,0.9001571139727605,0.617257343745429,1.273120550442225
-0.1061969078175682,0.30457208409980063,-0.079162064115742,0.04563805267071448,0.8020739623265081
0.23514407928331843,0.11248216968681385,0.3392601810174765,0.0149814563211303,1.3620372097719333
-1.4488047904143881,-0.2099544723635572,-1.2469194866406308,-0.9391283639335132,0.14718688838832467
-1.4488047904143881,-1.582025289599178,-2.1122318327293264,-1.4553039298288504,0.14718688838832467
0.8040457244514624,-0.2099544723635572,0.4837052055367609,0.643810038145521,-1.042946718764942
0.8040457244514624,-1.582025289599178,-0.38160714055193495,0.6093983337524984,0.14718688838832467
0.8040457244514624,-0.2099544723635572,0.4837052055367609,0.9535153776827235,0.14718688838832467
0.8040457244514624,1.1621163448720637,1.3490175516254568,1.1599856040408578,-1.042946718764942
0.8040457244514624,-1.582025289599178,-0.38160714055193495,0.850280264503656,0.14718688838832467
0.8040457244514624,-0.2099544723635572,0.4837052055367609,-1.145598590291648,-1.042946718764942
0.8040457244514624,-0.2099544723635572,0.4837052055367609,-1.2144219990776928,0.14718688838832467
0.8040457244514624,1.1621163448720637,1.3490175516254568,1.0223387864687679,-1.042946718764942
-1.4488047904143881,-0.2099544723635572,-1.2469194866406308,-1.2144219990776928,0.14718688838832467
0.43994867154384987,0.5035223525989656,0.8649860778765183,0.634589854912093,1.6612488252941267
-1.4488047904143881,1.1621163448720637,-0.38160714055193495,0.6093983337524984,0.14718688838832467
0.8040457244514624,-1.582025289599178,-0.38160714055193495,-0.8358932507544456,0.14718688838832467
0.8040457244514624,1.1621163448720637,1.3490175516254568,-1.0767751815056033,0.14718688838832467
0.8040457244514624,-0.2099544723635572,0.4837052055367609,-0.9391283639335132,-1.042946718764942
0.8040457244514624,-1.582025289599178,-0.38160714055193495,-1.0767751815056033,0.14718688838832467
0.3261683425102213,0.5789862475469251,0.8448092445848682,-0.5125381077663271,0.7636139787275469
-1.4488047904143881,-0.2099544723635572,-1.2469194866406308,0.919103673289701,0.14718688838832467
0.8040457244514624,-1.582025289599178,-0.38160714055193495,0.850280264503656,-1.042946718764942
0.8040457244514624,-1.582025289599178,-0.38160714055193495,1.0223387864687679,0.14718688838832467
0.8040457244514624,1.1621163448720637,1.3490175516254568,0.643810038145521,-1.042946718764942
-1.4488047904143881,-1.582025289599178,-2.1122318327293264,-1.2144219990776928,0.14718688838832467
0.8040457244514624,-1.582025289599178,-0.38160714055193495,-0.8358932507544456,0.14718688838832467
0.8040457244514624,-0.2099544723635572,0.4837052055367609,-1.0079517727195582,-1.042946718764942
0.8040457244514624,1.1621163448720637,1.3490175516254568,-0.9391283639335132,-1.042946718764942
-1.4488047904143881,-1.582025289599178,-2.1122318327293264,0.6782217425385434,0.14718688838832467
0.8040457244514624,1.1621163448720637,1.3490175516254568,1.0911621952548136,0.14718688838832467
0.8040457244514624,1.1621163448720637,1.3490175516254568,-0.8358932507544456,0.14718688838832467
0.8040457244514624,-0.2099544723635572,0.4837052055367609,-1.2488337034707155,-1.042946718764942
0.8040457244514624,-1.582025289599178,-0.38160714055193495,0.6782217425385434,-1.042946718764942
-1.4488047904143881,1.1621163448720637,-0.38160714055193495,-1.1800102946846704,0.14718688838832467
-1.4488047904143881,-1.582025289599178,-2.1122318327293264,0.6782217425385434,-1.042946718764942
0.8040457244514624,-0.2099544723635572,0.4837052055367609,1.1599856040408578,-1.042946718764942
0.8040457244514624,1.1621163448720637,1.3490175516254568,0.6782217425385434,0.14718688838832467
0.18963194766986688,0.997467846803789,0.9222245045110717,-0.15012500606127463,1.2865286181189275
-0.12895297362429387,0.07132004516974519,0.07244019351329113,-1.1842868757657061,0.9763788421236343
0.2579001450900441,0.8190986405631584,0.7215256380227879,-0.900438686340335,0.7759635147455616
-1.4488047904143881,-0.2099544723635572,-1.2469194866406308,-1.2488337034707155,0.14718688838832467
0.8040457244514624,-0.2099544723635572,0.4837052055367609,-1.4553039298288504,0.14718688838832467
0.41719260573712447,0.8808418273387613,0.8631262051233032,-0.0073463333488192105,1.5860930775273492
0.8040457244514624,-0.2099544723635572,0.4837052055367609,0.643810038145521,-1.042946718764942
-1.4488047904143881,1.1621163448720637,-0.38160714055193495,0.9535153776827235,-1.042946718764942
0.8040457244514624,-1.582025289599178,-0.38160714055193495,-1.4208922254358278,-1.042946718764942
0.8040457244514624,-1.582025289599178,-0.38160714055193495,1.1599856040408578,-1.042946718764942
-1.4488047904143881,-0.2099544723635572,-1.2469194866406308,-0.7670698419684006,-1.042946718764942
0.5537290005774789,0.8465400569078708,0.8084644441975481,-0.5595076627384202,1.6227888416951655
0.8040457244514624,-0.2099544723635572,0.4837052055367609,-1.3176571122567604,-1.042946718764942
0.8040457244514624,-0.2099544723635572,0.4837052055367609,0.9535153776827235,-1.042946718764942
-1.4488047904143881,-0.2099544723635572,-1.2469194866406308,-0.9735400683265355,0.14718688838832467
-1.4488047904143881,-0.2099544723635572,-1.2469194866406308,-1.0079517727195582,0.14718688838832467
0.053095552829512165,-0.07960774472617324,-0.022615382279763802,1.0040032733106798,1.1079896116870518
-1.4488047904143881,-0.2099544723635572,-1.2469194866406308,1.0911621952548136,0.14718688838832467
0.8040457244514624,1.1621163448720637,1.3490175516254568,1.0911621952548136,-1.042946718764942
0.8040457244514624,-0.2099544723635572,0.4837052055367609,-1.4553039298288504,-1.042946718764942
0.28065621089677,0.7985175783046239,0.749370389864599,-0.3387649555987024,1.6217303100364784
-1.4488047904143881,1.1621163448720637,-0.38160714055193495,0.9535153776827235,0.14718688838832467
0.8040457244514624,1.1621163448720637,1.3490175516254568,0.7470451513245885,-1.042946718764942
0.8040457244514624,1.1621163448720637,1.3490175516254568,-0.8358932507544456,0.14718688838832467
-1.4488047904143881,-0.2099544723635572,-1.2469194866406308,-1.4553039298288504,-1.042946718764942
0.3261683425102213,0.1742253564624167,0.5672118274032318,-0.9907386193808236,1.2145484653282106
-1.4488047904143881,1.1621163448720637,-0.38160714055193495,1.2632207172199261,-1.042946718764942
0.8040457244514624,1.1621163448720637,1.3490175516254568,-0.8703049551474681,-1.042946718764942
0.8040457244514624,1.1621163448720637,1.3490175516254568,-0.8014815463614231,-1.042946718764942
0.8040457244514624,-1.582025289599178,-0.38160714055193495,-1.145598590291648,0.14718688838832467
0.8040457244514624,-0.2099544723635572,0.4837052055367609,-1.2488337034707155,0.14718688838832467
0.8040457244514624,-0.2099544723635572,0.4837052055367609,-1.2144219990776928,0.14718688838832467
0.8040457244514624,1.1621163448720637,1.3490175516254568,1.2976324216129478,0.14718688838832467
0.8040457244514624,1.1621163448720637,1.3490175516254568,-0.8014815463614231,-1.042946718764942
0.8040457244514624,1.1621163448720637,1.3490175516254568,0.919103673289701,-1.042946718764942
0.8040457244514624,-1.582025289599178,-0.38160714055193495,0.8846919688966784,0.14718688838832467
-1.4488047904143881,-1.582025289599178,-2.1122318327293264,0.6093983337524984,0.14718688838832467
-1.4488047904143881,1.1621163448720637,-0.38160714055193495,1.2288090128269036,0.14718688838832467
0.8040457244514624,1.1621163448720637,1.3490175516254568,-1.3864805210428055,-1.042946718764942
0.8040457244514624,-1.582025289599178,-0.38160714055193495,-1.0767751815056033,-1.042946718764942
0.8040457244514624,-1.582025289599178,-0.38160714055193495,0.9879270820757461,-1.042946718764942
-1.4488047904143881,-0.2099544723635572,-1.2469194866406308,-1.1800102946846704,-1.042946718764942
0.8040457244514624,1.1621163448720637,1.3490175516254568,-1.0079517727195582,-1.042946718764942
-1.4488047904143881,1.1621163448720637,-0.38160714055193495,-1.0767751815056033,0.14718688838832467
0.7357775270312852,0.9768867845452551,1.0899706002205423,0.9063451879912295,1.0907002612618308
0.8040457244514624,-0.2099544723635572,0.4837052055367609,1.056750490861791,0.14718688838832467
-1.4488047904143881,-0.2099544723635572,-1.2469194866406308,1.2288090128269036,-1.042946718764942
0.8040457244514624,-0.2099544723635572,0.4837052055367609,-0.9047166595404906,0.14718688838832467
-1.4488047904143881,1.1621163448720637,-0.38160714055193495,0.6782217425385434,-1.042946718764942
0.8040457244514624,1.1621163448720637,1.3490175516254568,0.8158685601106335,-1.042946718764942
-0.2882454342713742,0.7985175783046239,0.5479664915700087,1.1550097344167072,2.0409088468765324
0.8040457244514624,1.1621163448720637,1.3490175516254568,1.2632207172199261,0.14718688838832467
-0.01517264459066506,0.09876146151445762,0.2384383335343124,-1.2085495817757166,1.2974667785920264
0.8040457244514624,1.1621163448720637,1.3490175516254568,-0.9391283639335132,-1.042946718764942
-1.4488047904143881,1.1621163448720637,-0.38160714055193495,1.0911621952548136,-1.042946718764942
0.8040457244514624,1.1621163448720637,1.3490175516254568,0.919103673289701,-1.042946718764942
-1.4488047904143881,1.1621163448720637,-0.38160714055193495,-0.9391283639335132,0.14718688838832467
0.8040457244514624,-1.582025289599178,-0.38160714055193495,1.1943973084338804,-1.042946718764942
0.8040457244514624,-0.2099544723635572,0.4837052055367609,-1.2488337034707155,-1.042946718764942
-1.4488047904143881,1.1621163448720637,-0.38160714055193495,1.1255738996478362,0.14718688838832467
0.8040457244514624,-0.2099544723635572,0.4837052055367609,1.2288090128269036,0.14718688838832467
-1.4488047904143881,-0.2099544723635572,-1.2469194866406308,-0.9735400683265355,-1.042946718764942
-1.4488047904143881,-1.582025289599178,-2.1122318327293264,0.9879270820757461,0.14718688838832467
0.5992411321909308,-0.03844562020910458,0.4626222036569636,0.6987077517731956,1.4057898516643295
0.8040457244514624,1.1621163448720637,1.3490175516254568,0.643810038145521,0.14718688838832467
0.8040457244514624,-0.2099544723635572,0.4837052055367609,-1.1800102946846704,0.14718688838832467
-1.4488047904143881,-1.582025289599178,-2.1122318327293264,-1.0079517727195582,0.14718688838832467
-1.4488047904143881,-1.582025289599178,-2.1122318327293264,1.056750490861791,-1.042946718764942
0.8040457244514624,-1.582025289599178,-0.38160714055193495,0.7814568557176109,0.14718688838832467
0.8040457244514624,-0.2099544723635572,0.4837052055367609,1.1943973084338804,-1.042946718764942
0.8040457244514624,-0.2099544723635572,0.4837052055367609,-1.2832454078637379,0.14718688838832467
-1.4488047904143881,-0.2099544723635572,-1.2469194866406308,-0.8703049551474681,-1.042946718764942
0.7357775270312852,0.6132880179778154,0.8589645433255516,1.0716538402488667,2.13370678895476
-1.4488047904143881,-0.2099544723635572,-1.2469194866406308,-1.1111868858986256,-1.042946718764942
-1.4488047904143881,-0.2099544723635572,-1.2469194866406308,0.6782217425385434,-1.042946718764942
0.8040457244514624,-1.582025289599178,-0.38160714055193495,0.8158685601106335,-1.042946718764942
0.8040457244514624,-1.582025289599178,-0.38160714055193495,-1.2144219990776928,0.14718688838832467
-1.4488047904143881,1.1621163448720637,-0.38160714055193495,0.7470451513245885,0.14718688838832467
0.8040457244514624,-1.582025289599178,-0.38160714055193495,0.9879270820757461,0.14718688838832467
0.8040457244514624,-1.582025289599178,-0.38160714055193495,-0.9391283639335132,0.14718688838832467
0.8040457244514624,-1.582025289599178,-0.38160714055193495,-0.9047166595404906,0.14718688838832467
-1.4488047904143881,-0.2099544723635572,-1.2469194866406308,0.8846919688966784,-1.042946718764942
0.8040457244514624,-1.582025289599178,-0.38160714055193495,1.1943973084338804,-1.042946718764942
0.8040457244514624,1.1621163448720637,1.3490175516254568,0.9879270820757461,-1.042946718764942
0.1441198160564153,0.38003597904775965,0.29814505488236676,-0.24504576352650964,1.4890610088143739
-1.4488047904143881,1.1621163448720637,-0.38160714055193495,1.2288090128269036,0.14718688838832467
-1.4488047904143881,1.1621163448720637,-0.38160714055193495,-1.0079517727195582,0.14718688838832467
0.8040457244514624,-1.582025289599178,-0.38160714055193495,-0.7670698419684006,0.14718688838832467
0.8040457244514624,-0.2099544723635572,0.4837052055367609,1.1255738996478362,0.14718688838832467
0.8040457244514624,-0.2099544723635572,0.4837052055367609,1.1255738996478362,-1.042946718764942
0.667509329611108,0.4966619985127877,0.6334148669230518,-0.7794815318913328,1.6778324879468898
0.8040457244514624,-0.2099544723635572,0.4837052055367609,-0.9391283639335132,0.14718688838832467
-1.4488047904143881,-1.582025289599178,-2.1122318327293264,0.7126334469315663,0.14718688838832467
0.8040457244514624,-1.582025289599178,-0.38160714055193495,0.7126334469315663,0.14718688838832467
0.3034122767034954,0.537824123029856,0.48129341384859775,-1.3597442166937854,2.2289746382365903
0.8040457244514624,1.1621163448720637,1.3490175516254568,1.056750490861791,-1.042946718764942
0.8040457244514624,-1.582025289599178,-0.38160714055193495,-0.8014815463614231,0.14718688838832467
-1.4488047904143881,-1.582025289599178,-2.1122318327293264,-1.4553039298288504,-1.042946718764942
0.8040457244514624,1.1621163448720637,1.3490175516254568,-0.7670698419684006,0.14718688838832467
0.8040457244514624,-1.582025289599178,-0.38160714055193495,-1.145598590291648,0.14718688838832467
0.8040457244514624,1.1621163448720637,1.3490175516254568,1.056750490861791,-1.042946718764942
0.8040457244514624,-1.582025289599178,-0.38160714055193495,-1.0767751815056033,0.14718688838832467
-1.4488047904143881,1.1621163448720637,-0.38160714055193495,0.6093983337524984,0.14718688838832467
0.8040457244514624,1.1621163448720637,1.3490175516254568,-0.7670698419684006,-1.042946718764942
0.8040457244514624,-0.2099544723635572,0.4837052055367609,-1.2144219990776928,-1.042946718764942
0.8040457244514624,-0.2099544723635572,0.4837052055367609,0.919103673289701,0.14718688838832467
-0.1972211710444711,0.9357246600281861,0.2665342041827014,0.9535225026783031,1.361684365885704
0.8040457244514624,1.1621163448720637,1.3490175516254568,-1.0079517727195582,0.14718688838832467
0.8040457244514624,-1.582025289599178,-0.38160714055193495,-1.2144219990776928,0.14718688838832467
0.8040457244514624,-0.2099544723635572,0.4837052055367609,0.7814568557176109,-1.042946718764942
-1.4488047904143881,-0.2099544723635572,-1.2469194866406308,1.1255738996478362,0.14718688838832467
0.8040457244514624,-0.2099544723635572,0.4837052055367609,0.9535153776827235,0.14718688838832467
0.8040457244514624,-0.2099544723635572,0.4837052055367609,-0.9047166595404906,-1.042946718764942
-1.4488047904143881,-0.2099544723635572,-1.2469194866406308,0.850280264503656,-1.042946718764942
0.8040457244514624,1.1621163448720637,1.3490175516254568,-1.3176571122567604,-1.042946718764942
0.667509329611108,0.5103827066851436,0.7639216654285319,-0.19750024517766016,1.3454535471191702
-1.4488047904143881,1.1621163448720637,-0.38160714055193495,-1.1800102946846704,-1.042946718764942
-1.4488047904143881,1.1621163448720637,-0.38160714055193495,0.7470451513245885,0.14718688838832467
-1.4488047904143881,1.1621163448720637,-0.38160714055193495,-0.8358932507544456,0.14718688838832467
0.8040457244514624,-0.2099544723635572,0.4837052055367609,-1.1111868858986256,0.14718688838832467
0.7130214612245592,-0.04530597429528254,0.23123764584134018,-0.7111581798634691,1.1422154686512653
0.8040457244514624,-1.582025289599178,-0.38160714055193495,1.2976324216129478,-1.042946718764942
0.8040457244514624,-0.2099544723635572,0.4837052055367609,0.8158685601106335,0.14718688838832467
-1.4488047904143881,1.1621163448720637,-0.38160714055193495,-1.2832454078637379,-1.042946718764942
0.8040457244514624,1.1621163448720637,1.3490175516254568,-1.3864805210428055,0.14718688838832467
-1.4488047904143881,-0.2099544723635572,-1.2469194866406308,1.2288090128269036,0.14718688838832467
0.6219971979976562,0.7847968701322681,0.8604205123403839,-0.11324365645510058,1.5910328919345555
0.48546080315730167,0.5927069557192809,0.4773339415007779,-0.555599529811139,2.4068079568960075
0.8040457244514624,-0.2099544723635572,0.4837052055367609,0.6093983337524984,0.14718688838832467
-0.06068477620411663,0.13992358603152596,0.1875913906533616,0.5983952155564698,1.5236397096648158
-1.4488047904143881,1.1621163448720637,-0.38160714055193495,1.2288090128269036,0.14718688838832467
-1.4488047904143881,-0.2099544723635572,-1.2469194866406308,1.1255738996478362,-1.042946718764942
-1.4488047904143881,1.1621163448720637,-0.38160714055193495,-1.4553039298288504,0.14718688838832467
0.8040457244514624,1.1621163448720637,1.3490175516254568,0.8846919688966784,0.14718688838832467
-1.4488047904143881,-0.2099544723635572,-1.2469194866406308,1.2632207172199261,-1.042946718764942
-1.4488047904143881,-1.582025289599178,-2.1122318327293264,-1.1111868858986256,-1.042946718764942
-1.4488047904143881,1.1621163448720637,-0.38160714055193495,1.2632207172199261,0.14718688838832467
-1.4488047904143881,-0.2099544723635572,-1.2469194866406308,0.850280264503656,-1.042946718764942
-1.4488047904143881,1.1621163448720637,-0.38160714055193495,-0.8358932507544456,0.14718688838832467
0.2579001450900441,0.8465400569078708,0.9174570438370041,-0.9303194835869982,0.9294506052551778
0.8040457244514624,1.1621163448720637,1.3490175516254568,0.6093983337524984,0.14718688838832467
0.8040457244514624,-1.582025289599178,-0.38160714055193495,-1.1111868858986256,0.14718688838832467
0.00758342121606085,1.0317696172346793,0.9238324808718774,-0.012211839358823261,2.4124534590756714
-1.4488047904143881,-0.2099544723635572,-1.2469194866406308,-1.3864805210428055,0.14718688838832467
0.781289658644737,0.11248216968681385,0.6014937018033281,-1.5240266990578912,0.9368603268659861
0.8040457244514624,-1.582025289599178,-0.38160714055193495,-1.1800102946846704,-1.042946718764942
0.8040457244514624,-0.2099544723635572,0.4837052055367609,0.7470451513245885,0.14718688838832467
-1.4488047904143881,-1.582025289599178,-2.1122318327293264,-1.1111868858986256,0.14718688838832467
-1.4488047904143881,-0.2099544723635572,-1.2469194866406308,-1.2488337034707155,-1.042946718764942
-1.4488047904143881,-0.2099544723635572,-1.2469194866406308,0.919103673289701,0.14718688838832467
0.8040457244514624,-0.2099544723635572,0.4837052055367609,0.8846919688966784,0.14718688838832467
-1.4488047904143881,-0.2099544723635572,-1.2469194866406308,0.7126334469315663,-1.042946718764942
-1.4488047904143881,1.1621163448720637,-0.38160714055193495,0.8846919688966784,-1.042946718764942
0.8040457244514624,-0.2099544723635572,0.4837052055367609,-1.145598590291648,-1.042946718764942
0.8040457244514624,-1.582025289599178,-0.38160714055193495,-1.352068816649783,-1.042946718764942
0.8040457244514624,1.1621163448720637,1.3490175516254568,-1.2832454078637379,0.14718688838832467
-1.4488047904143881,1.1621163448720637,-0.38160714055193495,0.643810038145521,0.14718688838832467
0.8040457244514624,1.1621163448720637,1.3490175516254568,-1.0423634771125805,-1.042946718764942
-1.4488047904143881,-0.2099544723635572,-1.2469194866406308,0.6093983337524984,-1.042946718764942
0.8040457244514624,-1.582025289599178,-0.38160714055193495,-1.0423634771125805,-1.042946718764942
0.8040457244514624,-0.2099544723635572,0.4837052055367609,-0.7670698419684006,-1.042946718764942
-1.4488047904143881,-1.582025289599178,-2.1122318327293264,1.0911621952548136,0.14718688838832467
-1.4488047904143881,1.1621163448720637,-0.38160714055193495,1.2976324216129478,-1.042946718764942
0.8040457244514624,-0.2099544723635572,0.4837052055367609,0.8846919688966784,0.14718688838832467
-1.4488047904143881,1.1621163448720637,-0.38160714055193495,0.6093983337524984,0.14718688838832467
-1.4488047904143881,-1.582025289599178,-2.1122318327293264,0.9535153776827235,0.14718688838832467
-1.4488047904143881,1.1621163448720637,-0.38160714055193495,1.056750490861791,0.14718688838832467
0.8040457244514624,-1.582025289599178,-0.38160714055193495,-0.8358932507544456,0.14718688838832467
0.7357775270312852,0.5309637689436781,0.9901905643088947,-0.1668428494338424,1.8920087268878938
-1.4488047904143881,-1.582025289599178,-2.1122318327293264,1.0223387864687679,-1.042946718764942
0.8040457244514624,1.1621163448720637,1.3490175516254568,1.0911621952548136,0.14718688838832467
0.8040457244514624,-1.582025289599178,-0.38160714055193495,-0.9047166595404906,0.14718688838832467
0.8040457244514624,1.1621163448720637,1.3490175516254568,0.9879270820757461,0.14718688838832467
0.8040457244514624,-0.2099544723635572,0.4837052055367609,1.2976324216129478,0.14718688838832467
-1.4488047904143881,-0.2099544723635572,-1.2469194866406308,1.2288090128269036,-1.042946718764942
0.8040457244514624,1.1621163448720637,1.3490175516254568,1.1599856040408578,0.14718688838832467
-0.219977236851197,0.48294129034043115,0.2848229545182941,0.33281321248402235,1.7011201844380035
0.8040457244514624,-1.582025289599178,-0.38160714055193495,-0.8014815463614231,0.14718688838832467
0.8040457244514624,-1.582025289599178,-0.38160714055193495,-0.9391283639335132,0.14718688838832467
-1.4488047904143881,-0.2099544723635572,-1.2469194866406308,-0.9047166595404906,0.14718688838832467
0.8040457244514624,-1.582025289599178,-0.38160714055193495,0.7126334469315663,-1.042946718764942
0.8040457244514624,1.1621163448720637,1.3490175516254568,0.9535153776827235,0.14718688838832467
0.8040457244514624,1.1621163448720637,1.3490175516254568,0.850280264503656,0.14718688838832467
0.8040457244514624,-1.582025289599178,-0.38160714055193495,-1.0767751815056033,0.14718688838832467
0.8040457244514624,1.1621163448720637,1.3490175516254568,-1.145598590291648,-1.042946718764942
0.8040457244514624,-0.2099544723635572,0.4837052055367609,0.6782217425385434,0.14718688838832467
0.8040457244514624,-0.2099544723635572,0.4837052055367609,0.919103673289701,0.14718688838832467
0.8040457244514624,-0.2099544723635572,0.4837052055367609,1.1943973084338804,-1.042946718764942
-1.4488047904143881,1.1621163448720637,-0.38160714055193495,0.8846919688966784,-1.042946718764942
0.8040457244514624,1.1621163448720637,1.3490175516254568,-1.0767751815056033,0.14718688838832467
-1.4488047904143881,1.1621163448720637,-0.38160714055193495,-0.9047166595404906,-1.042946718764942
0.1441198160564153,0.7161933292704866,0.5701840657521737,0.47262256595493307,2.4650271981237926
0.8040457244514624,1.1621163448720637,1.3490175516254568,-1.1800102946846704,-1.042946718764942
0.8040457244514624,-1.582025289599178,-0.38160714055193495,-0.9391283639335132,0.14718688838832467
-1.4488047904143881,-0.2099544723635572,-1.2469194866406308,-1.145598590291648,-1.042946718764942
0.8040457244514624,-1.582025289599178,-0.38160714055193495,0.643810038145521,0.14718688838832467
0.43994867154384987,0.3251531463583348,0.31334962914854325,0.050558842686923754,2.16193429985308
0.43994867154384987,0.9014228895972958,1.1342655630486609,0.7961695733758954,0.9580309600397263
-0.219977236851197,0.7985175783046239,0.261621268215297,-1.2461261675871051,1.2364247862744087
0.46270473735057627,0.29771173001362267,0.5532733914683712,0.36471770306883894,1.8750722203489014
0.7585335928380106,0.585846601633103,1.0206581128950531,0.02200974263720885,1.1076367678008232
-1.4488047904143881,-1.582025289599178,-2.1122318327293264,-1.0079517727195582,-1.042946718764942
0.09860768444296374,0.5584051852883906,0.6369602697961034,0.792597188025498,2.24308839368575
0.8040457244514624,-0.2099544723635572,0.4837052055367609,-0.8014815463614231,0.14718688838832467
0.8040457244514624,-1.582025289599178,-0.38160714055193495,-1.1800102946846704,-1.042946718764942
-1.4488047904143881,-1.582025289599178,-2.1122318327293264,1.0223387864687679,-1.042946718764942
0.8040457244514624,-1.582025289599178,-0.38160714055193495,0.7126334469315663,0.14718688838832467
-1.4488047904143881,1.1621163448720637,-0.38160714055193495,0.643810038145521,0.14718688838832467
-1.4488047904143881,-1.582025289599178,-2.1122318327293264,0.6782217425385434,-1.042946718764942
-1.4488047904143881,-0.2099544723635572,-1.2469194866406308,-1.4553039298288504,-1.042946718764942
0.8040457244514624,0.1742253564624167,0.6544251475816067,-0.3697065446563249,1.0476533071418925
-1.4488047904143881,1.1621163448720637,-0.38160714055193495,1.1255738996478362,-1.042946718764942
-1.4488047904143881,-1.582025289599178,-2.1122318327293264,0.8846919688966784,0.14718688838832467
0.8040457244514624,1.1621163448720637,1.3490175516254568,-1.352068816649783,0.14718688838832467
0.23514407928331843,-0.12763022332941987,0.26689746243086376,0.2846654937157116,0.8521777941710261
0.8040457244514624,-1.582025289599178,-0.38160714055193495,-1.2144219990776928,-1.042946718764942
-1.4488047904143881,1.1621163448720637,-0.38160714055193495,-0.8014815463614231,-1.042946718764942
-1.4488047904143881,1.1621163448720637,-0.38160714055193495,1.0911621952548136,0.14718688838832467
0.8040457244514624,-0.2099544723635572,0.4837052055367609,-1.3864805210428055,-1.042946718764942
0.8040457244514624,-0.2099544723635572,0.4837052055367609,-1.4553039298288504,0.14718688838832467
0.5537290005774789,0.9425850141143641,1.0485057732856684,-0.7122081882766372,2.0469071929424256
0.8040457244514624,1.1621163448720637,1.3490175516254568,0.6782217425385434,0.14718688838832467
0.8040457244514624,-0.2099544723635572,0.4837052055367609,1.2632207172199261,0.14718688838832467
0.12136375024968965,0.2908513759274444,0.2469667496810568,-0.08626222739994754,0.7286824339908756
0.8040457244514624,1.1621163448720637,1.3490175516254568,-1.2488337034707155,-1.042946718764942
0.8040457244514624,1.1621163448720637,1.3490175516254568,-1.1111868858986256,0.14718688838832467
0.6902653954178334,0.8122382864769805,1.331315701261776,-0.7121762322462011,0.9418001412731924
0.8040457244514624,-0.2099544723635572,0.4837052055367609,1.1943973084338804,0.14718688838832467
-1.4488047904143881,1.1621163448720637,-0.38160714055193495,-1.1111868858986256,-1.042946718764942
0.8040457244514624,-1.582025289599178,-0.38160714055193495,0.6782217425385434,-1.042946718764942
-1.4488047904143881,-0.2099544723635572,-1.2469194866406308,1.1255738996478362,0.14718688838832467
-1.4488047904143881,-1.582025289599178,-2.1122318327293264,0.9535153776827235,0.14718688838832467
-1.4488047904143881,-0.2099544723635572,-1.2469194866406308,0.8158685601106335,0.14718688838832467
-1.4488047904143881,-1.582025289599178,-2.1122318327293264,-0.8014815463614231,0.14718688838832467
0.8040457244514624,-0.2099544723635572,0.4837052055367609,0.9535153776827235,0.14718688838832467
0.3034122767034954,0.4280584576510066,0.6501935376567369,-0.31556135908057537,2.1908674985238585
-1.4488047904143881,-0.2099544723635572,-1.2469194866406308,1.0223387864687679,-1.042946718764942
0.8040457244514624,1.1621163448720637,1.3490175516254568,-1.4208922254358278,0.14718688838832467
0.8040457244514624,1.1621163448720637,1.3490175516254568,-1.0423634771125805,0.14718688838832467
0.8040457244514624,-0.2099544723635572,0.4837052055367609,-1.3176571122567604,-1.042946718764942
-1.4488047904143881,-0.2099544723635572,-1.2469194866406308,-0.9391283639335132,-1.042946718764942
0.46270473735057627,0.26340995958273195,0.5486148202988309,1.0934990711220363,1.2748847698733698
-1.4488047904143881,-1.582025289599178,-2.1122318327293264,0.8846919688966784,-1.042946718764942
0.8040457244514624,-0.2099544723635572,0.4837052055367609,-1.0079517727195582,-1.042946718764942
0.8040457244514624,-1.582025289599178,-0.38160714055193495,-1.1111868858986256,-1.042946718764942
0.2579001450900441,0.5584051852883906,0.5380832237890478,0.6346539613047898,2.153113202697355
-1.4488047904143881,-0.2099544723635572,-1.2469194866406308,0.7126334469315663,0.14718688838832467
-1.4488047904143881,-0.2099544723635572,-1.2469194866406308,0.850280264503656,-1.042946718764942
-1.4488047904143881,-1.582025289599178,-2.1122318327293264,0.9879270820757461,-1.042946718764942
0.8040457244514624,1.1621163448720637,1.3490175516254568,0.6093983337524984,0.14718688838832467
-1.4488047904143881,1.1621163448720637,-0.38160714055193495,-1.0079517727195582,-1.042946718764942
0.37168047412367267,-0.04530597429528254,0.06438764900541698,0.018152677420479983,1.951286499774366
0.8040457244514624,-1.582025289599178,-0.38160714055193495,-1.352068816649783,0.14718688838832467
0.8040457244514624,-0.2099544723635572,0.4837052055367609,1.2288090128269036,0.14718688838832467
0.8040457244514624,-0.2099544723635572,0.4837052055367609,0.643810038145521,-1.042946718764942
0.07585161863623807,0.9151435977696517,0.8221991819731373,-1.0624844673479543,1.3930874717600854
-1.4488047904143881,-0.2099544723635572,-1.2469194866406308,0.8846919688966784,-1.042946718764942
0.8040457244514624,1.1621163448720637,1.3490175516254568,0.6782217425385434,-1.042946718764942
0.21238801347659253,0.0164372124803203,0.2009468430355157,-0.6684890211062717,1.1986704904479062
-1.4488047904143881,-1.582025289599178,-2.1122318327293264,0.8158685601106335,0.14718688838832467
0.8040457244514624,-0.2099544723635572,0.4837052055367609,-1.2488337034707155,0.14718688838832467
0.3489244083169472,1.1483956366997077,0.840059065124104,0.20711485760825463,2.0843086448826997
-1.4488047904143881,-0.2099544723635572,-1.2469194866406308,-1.4208922254358278,0.14718688838832467
-1.4488047904143881,-0.2099544723635572,-1.2469194866406308,-1.0079517727195582,-1.042946718764942
-1.4488047904143881,1.1621163448720637,-0.38160714055193495,-1.3864805210428055,0.14718688838832467
-1.4488047904143881,-0.2099544723635572,-1.2469194866406308,0.7814568557176109,-1.042946718764942
-1.4488047904143881,1.1621163448720637,-0.38160714055193495,0.8846919688966784,-1.042946718764942
0.3034122767034954,-0.14135093150177608,0.21187369504704465,-0.09223573974893125,1.395204535077459
-1.4488047904143881,-1.582025289599178,-2.1122318327293264,0.9879270820757461,0.14718688838832467
-1.4488047904143881,-0.2099544723635572,-1.2469194866406308,1.0911621952548136,-1.042946718764942
-1.4488047904143881,-0.2099544723635572,-1.2469194866406308,-1.145598590291648,-1.042946718764942
0.8040457244514624,1.1621163448720637,1.3490175516254568,0.8846919688966784,0.14718688838832467
0.8040457244514624,-0.2099544723635572,0.4837052055367609,0.6093983337524984,0.14718688838832467
0.8040457244514624,-0.2099544723635572,0.4837052055367609,0.8846919688966784,-1.042946718764942
-1.4488047904143881,1.1621163448720637,-0.38160714055193495,1.2976324216129478,0.14718688838832467
0.8040457244514624,-0.2099544723635572,0.4837052055367609,0.8846919688966784,-1.042946718764942
0.8040457244514624,-0.2099544723635572,0.4837052055367609,0.850280264503656,0.14718688838832467
0.8040457244514624,1.1621163448720637,1.3490175516254568,0.7126334469315663,0.14718688838832467
0.8040457244514624,-0.2099544723635572,0.4837052055367609,1.1599856040408578,-1.042946718764942
0.8040457244514624,-0.2099544723635572,0.4837052055367609,-1.3864805210428055,0.14718688838832467
-1.4488047904143881,-1.582025289599178,-2.1122318327293264,0.643810038145521,0.14718688838832467
0.8040457244514624,-1.582025289599178,-0.38160714055193495,-0.9735400683265355,0.14718688838832467
0.3489244083169472,-0.07960774472617324,0.24433514830655842,-1.2148626927094768,1.063531282022198
-1.4488047904143881,-0.2099544723635572,-1.2469194866406308,-1.0423634771125805,-1.042946718764942
-0.15170903943101952,0.1193425237729918,-0.11343642457898984,0.73320811493454,1.1051668605972205
0.8040457244514624,-0.2099544723635572,0.4837052055367609,-1.352068816649783,-1.042946718764942
0.8040457244514624,-1.582025289599178,-0.38160714055193495,1.056750490861791,-1.042946718764942
0.8040457244514624,-0.2099544723635572,0.4837052055367609,-0.9391283639335132,0.14718688838832467
-1.4488047904143881,-0.2099544723635572,-1.2469194866406308,-1.145598590291648,-1.042946718764942
0.8040457244514624,-0.2099544723635572,0.4837052055367609,0.9879270820757461,0.14718688838832467
0.8040457244514624,-1.582025289599178,-0.38160714055193495,-0.9735400683265355,0.14718688838832467
0.8040457244514624,1.1621163448720637,1.3490175516254568,-1.4208922254358278,0.14718688838832467
0.8040457244514624,1.1621163448720637,1.3490175516254568,1.2632207172199261,0.14718688838832467
0.8040457244514624,-1.582025289599178,-0.38160714055193495,-0.7670698419684006,0.14718688838832467
0.030339487022786507,0.9700264304590765,0.5621525164973453,-0.9975806980630177,1.1563292241004257
0.8040457244514624,1.1621163448720637,1.3490175516254568,1.056750490861791,-1.042946718764942
0.8040457244514624,-0.2099544723635572,0.4837052055367609,-0.8014815463614231,0.14718688838832467
0.8040457244514624,-1.582025289599178,-0.38160714055193495,1.1599856040408578,-1.042946718764942
0.8040457244514624,-0.2099544723635572,0.4837052055367609,0.643810038145521,0.14718688838832467
-1.4488047904143881,-0.2099544723635572,-1.2469194866406308,1.0223387864687679,0.14718688838832467
0.8040457244514624,-0.2099544723635572,0.4837052055367609,1.1943973084338804,0.14718688838832467
0.667509329611108,-0.189373410105023,0.16509707240336638,0.4292534507655044,1.4297832359279017
-1.4488047904143881,-1.582025289599178,-2.1122318327293264,-1.0423634771125805,0.14718688838832467
0.8040457244514624,1.1621163448720637,1.3490175516254568,1.1599856040408578,-1.042946718764942
-1.4488047904143881,-1.582025289599178,-2.1122318327293264,-1.145598590291648,-1.042946718764942
-0.2654893684646483,1.0249092631485015,0.19122627241787168,-0.8220675469631449,2.324242487518421
0.8040457244514624,-1.582025289599178,-0.38160714055193495,-1.3176571122567604,0.14718688838832467
0.8040457244514624,-0.2099544723635572,0.4837052055367609,-1.3864805210428055,-1.042946718764942
-1.4488047904143881,-1.582025289599178,-2.1122318327293264,-1.145598590291648,0.14718688838832467
0.46270473735057627,0.9288643059420082,0.9910413598406739,-1.7931088124268928,1.3436893276880253
0.8040457244514624,-0.2099544723635572,0.4837052055367609,0.6093983337524984,-1.042946718764942
0.8040457244514624,-0.2099544723635572,0.4837052055367609,0.6782217425385434,0.14718688838832467
-1.4488047904143881,-0.2099544723635572,-1.2469194866406308,-0.9047166595404906,-1.042946718764942
-1.4488047904143881,-1.582025289599178,-2.1122318327293264,1.2976324216129478,0.14718688838832467
0.8040457244514624,-1.582025289599178,-0.38160714055193495,-1.0079517727195582,-1.042946718764942
0.8040457244514624,-0.2099544723635572,0.4837052055367609,-1.3176571122567604,-1.042946718764942
-1.4488047904143881,-0.2099544723635572,-1.2469194866406308,-0.8014815463614231,0.14718688838832467
0.8040457244514624,1.1621163448720637,1.3490175516254568,0.6093983337524984,-1.042946718764942
0.8040457244514624,1.1621163448720637,1.3490175516254568,0.7126334469315663,0.14718688838832467
-0.2882454342713742,0.38003597904775965,0.3058821816588673,-0.7263983189481827,2.0363218763555553
-1.4488047904143881,-1.582025289599178,-2.1122318327293264,0.6093983337524984,0.14718688838832467
0.8040457244514624,-1.582025289599178,-0.38160714055193495,0.9535153776827235,0.14718688838832467
0.8040457244514624,-0.2099544723635572,0.4837052055367609,-1.0079517727195582,-1.042946718764942
0.8040457244514624,1.1621163448720637,1.3490175516254568,-1.0079517727195582,-1.042946718764942
0.8040457244514624,1.1621163448720637,1.3490175516254568,0.8158685601106335,-1.042946718764942
0.030339487022786507,0.4417791658233628,0.06978777170322584,0.3968982492291499,2.172872460326179
0.3034122767034954,1.0111885549761455,0.6797466213432409,1.298858795623191,1.6065580229286316
-1.4488047904143881,1.1621163448720637,-0.38160714055193495,0.7470451513245885,-1.042946718764942
0.8040457244514624,-1.582025289599178,-0.38160714055193495,0.9535153776827235,-1.042946718764942
-1.4488047904143881,1.1621163448720637,-0.38160714055193495,1.1943973084338804,0.14718688838832467
0.8040457244514624,-0.2099544723635572,0.4837052055367609,-1.352068816649783,0.14718688838832467
-1.4488047904143881,1.1621163448720637,-0.38160714055193495,-0.9391283639335132,0.14718688838832467
0.8040457244514624,-0.2099544723635572,0.4837052055367609,-1.2144219990776928,0.14718688838832467
0.8040457244514624,-0.2099544723635572,0.4837052055367609,-1.145598590291648,-1.042946718764942
0.8040457244514624,-1.582025289599178,-0.38160714055193495,-1.145598590291648,0.14718688838832467
-1.4488047904143881,-0.2099544723635572,-1.2469194866406308,-0.8014815463614231,-1.042946718764942
-1.4488047904143881,-0.2099544723635572,-1.2469194866406308,-1.4208922254358278,0.14718688838832467
-1.4488047904143881,-1.582025289599178,-2.1122318327293264,-0.9735400683265355,0.14718688838832467
0.8040457244514624,-1.582025289599178,-0.38160714055193495,-0.8703049551474681,0.14718688838832467
0.7585335928380106,0.6681708506672402,1.289215890016358,-0.7258346320150703,1.5553956594254266
-1.4488047904143881,-1.582025289599178,-2.1122318327293264,-1.0079517727195582,0.14718688838832467
-1.4488047904143881,-1.582025289599178,-2.1122318327293264,0.7814568557176109,0.14718688838832467
0.8040457244514624,-0.2099544723635572,0.4837052055367609,-1.0423634771125805,0.14718688838832467
0.667509329611108,0.8739814732525834,1.1111097927391327,-0.40708259869295527,2.3108344198417186
-1.4488047904143881,-0.2099544723635572,-1.2469194866406308,-1.4553039298288504,-1.042946718764942
0.8040457244514624,1.1621163448720637,1.3490175516254568,0.6093983337524984,-1.042946718764942
-1.4488047904143881,-1.582025289599178,-2.1122318327293264,-1.2144219990776928,0.14718688838832467
0.8040457244514624,-0.2099544723635572,0.4837052055367609,1.2288090128269036,-1.042946718764942
0.030339487022786507,-0.0178645579505704,0.1975853663544137,1.1917593785577587,1.6111449934496087
0.8040457244514624,1.1621163448720637,1.3490175516254568,-0.8703049551474681,-1.042946718764942
0.8040457244514624,1.1621163448720637,1.3490175516254568,1.1943973084338804,0.14718688838832467
0.8040457244514624,1.1621163448720637,1.3490175516254568,-1.0423634771125805,0.14718688838832467
-1.4488047904143881,1.1621163448720637,-0.38160714055193495,-0.8358932507544456,-1.042946718764942
0.8040457244514624,-1.582025289599178,-0.38160714055193495,0.7470451513245885,0.14718688838832467
0.8040457244514624,-0.2099544723635572,0.4837052055367609,0.7814568557176109,0.14718688838832467
-1.4488047904143881,-0.2099544723635572,-1.2469194866406308,-1.1111868858986256,0.14718688838832467
0.8040457244514624,-0.2099544723635572,0.4837052055367609,-1.2488337034707155,-1.042946718764942
0.8040457244514624,-0.2099544723635572,0.4837052055367609,-1.0079517727195582,-1.042946718764942
-1.4488047904143881,-0.2099544723635572,-1.2469194866406308,1.2976324216129478,0.14718688838832467
-1.4488047904143881,-0.2099544723635572,-1.2469194866406308,0.643810038145521,0.14718688838832467
-1.4488047904143881,-1.582025289599178,-2.1122318327293264,-0.8358932507544456,-1.042946718764942
-1.4488047904143881,-1.582025289599178,-2.1122318327293264,-0.7670698419684006,0.14718688838832467
0.8040457244514624,-1.582025289599178,-0.38160714055193495,0.7126334469315663,0.14718688838832467
-1.4488047904143881,1.1621163448720637,-0.38160714055193495,-1.4553039298288504,-1.042946718764942
-0.12895297362429387,0.256549605496554,0.11298123013173159,-0.9698342869070683,2.00633014602609
-1.4488047904143881,-0.2099544723635572,-1.2469194866406308,1.2976324216129478,0.14718688838832467
0.8040457244514624,-0.2099544723635572,0.4837052055367609,-0.9391283639335132,0.14718688838832467
0.8040457244514624,1.1621163448720637,1.3490175516254568,-0.8703049551474681,0.14718688838832467
0.8040457244514624,-0.2099544723635572,0.4837052055367609,0.7126334469315663,-1.042946718764942
-1.4488047904143881,-1.582025289599178,-2.1122318327293264,0.850280264503656,0.14718688838832467
0.8040457244514624,-0.2099544723635572,0.4837052055367609,-0.8358932507544456,0.14718688838832467
0.053095552829512165,0.6338690802363499,0.3484244161109365,0.12147212620158913,1.7688662105939719
0.8040457244514624,-0.2099544723635572,0.4837052055367609,1.056750490861791,0.14718688838832467
0.8040457244514624,1.1621163448720637,1.3490175516254568,0.8846919688966784,-1.042946718764942
0.8040457244514624,-1.582025289599178,-0.38160714055193495,0.6093983337524984,0.14718688838832467
0.8040457244514624,1.1621163448720637,1.3490175516254568,1.056750490861791,0.14718688838832467
0.8040457244514624,1.1621163448720637,1.3490175516254568,0.8846919688966784,-1.042946718764942
0.18963194766986688,0.8396797028216929,0.4065684612631882,0.23992492375381233,1.052593121549099
0.6902653954178334,0.4898016444266091,0.7282968420118857,-1.0155776546402788,2.2134495072425144
-1.4488047904143881,1.1621163448720637,-0.38160714055193495,0.6093983337524984,-1.042946718764942
-1.4488047904143881,-1.582025289599178,-2.1122318327293264,0.9535153776827235,0.14718688838832467
0.48546080315730167,0.6750312047534183,0.847078258401752,1.0820063739890828,2.3694065049557325
0.3034122767034954,0.29771173001362267,0.5498059056065137,-0.02243637883236143,1.4611863418022824
-1.4488047904143881,-1.582025289599178,-2.1122318327293264,1.1255738996478362,-1.042946718764942
-1.4488047904143881,-1.582025289599178,-2.1122318327293264,1.0911621952548136,0.14718688838832467
-1.4488047904143881,-0.2099544723635572,-1.2469194866406308,-1.0767751815056033,0.14718688838832467
0.8040457244514624,-1.582025289599178,-0.38160714055193495,1.0223387864687679,-1.042946718764942
-1.4488047904143881,-0.2099544723635572,-1.2469194866406308,0.7470451513245885,-1.042946718764942
0.8040457244514624,-0.2099544723635572,0.4837052055367609,0.9535153776827235,0.14718688838832467
0.667509329611108,0.8122382864769805,1.2516134601238595,-0.904103006280722,2.3711707243868774
0.8040457244514624,1.1621163448720637,1.3490175516254568,1.056750490861791,0.14718688838832467
0.8040457244514624,1.1621163448720637,1.3490175516254568,1.2288090128269036,-1.042946718764942
0.18963194766986688,0.07818039925592314,-0.01565002894782395,0.39458777784004306,1.480945599431107
-1.4488047904143881,-0.2099544723635572,-1.2469194866406308,0.850280264503656,-1.042946718764942
0.8040457244514624,1.1621163448720637,1.3490175516254568,-1.4553039298288504,0.14718688838832467
0.8040457244514624,1.1621163448720637,1.3490175516254568,0.6093983337524984,-1.042946718764942
0.48546080315730167,0.3251531463583348,0.7235531234779246,0.3409951880562344,2.140410822793111
-1.4488047904143881,-0.2099544723635572,-1.2469194866406308,-1.0079517727195582,-1.042946718764942
-1.4488047904143881,-0.2099544723635572,-1.2469194866406308,1.2288090128269036,-1.042946718764942
0.37168047412367267,0.002716504307964081,0.37415756391063437,-0.635274909734227,1.9248232083071908
0.8040457244514624,-0.2099544723635572,0.4837052055367609,0.8158685601106335,0.14718688838832467
-1.4488047904143881,1.1621163448720637,-0.38160714055193495,0.7470451513245885,0.14718688838832467
0.8040457244514624,1.1621163448720637,1.3490175516254568,1.1255738996478362,0.14718688838832467
-1.4488047904143881,-0.2099544723635572,-1.2469194866406308,1.0911621952548136,-1.042946718764942
0.8040457244514624,-1.582025289599178,-0.38160714055193495,1.0911621952548136,0.14718688838832467
0.8040457244514624,1.1621163448720637,1.3490175516254568,-1.3176571122567604,0.14718688838832467
0.18963194766986688,0.77793651604609,0.4867802909167308,0.37266447238917916,1.1662088529148376
-1.4488047904143881,1.1621163448720637,-0.38160714055193495,0.6093983337524984,0.14718688838832467
0.8040457244514624,1.1621163448720637,1.3490175516254568,-0.8014815463614231,0.14718688838832467
0.8040457244514624,1.1621163448720637,1.3490175516254568,-1.145598590291648,-1.042946718764942
0.3034122767034954,0.6475897884087058,0.39230693970055447,-0.1946040167506997,1.87577790812136
0.8040457244514624,-1.582025289599178,-0.38160714055193495,-1.352068816649783,0.14718688838832467
0.8040457244514624,1.1621163448720637,1.3490175516254568,-1.4208922254358278,0.14718688838832467
0.8040457244514624,1.1621163448720637,1.3490175516254568,1.2976324216129478,-1.042946718764942
0.8040457244514624,-1.582025289599178,-0.38160714055193495,-1.4208922254358278,0.14718688838832467
-1.4488047904143881,-0.2099544723635572,-1.2469194866406308,0.8846919688966784,0.14718688838832467
0.8040457244514624,-1.582025289599178,-0.38160714055193495,-1.0079517727195582,0.14718688838832467
0.8040457244514624,1.1621163448720637,1.3490175516254568,-1.3176571122567604,0.14718688838832467
-1.4488047904143881,1.1621163448720637,-0.38160714055193495,-1.3176571122567604,-1.042946718764942
0.21238801347659253,0.22910818915184156,0.19860745572715074,-0.3077012414612585,1.1090481433457389
0.8040457244514624,-1.582025289599178,-0.38160714055193495,-1.4553039298288504,0.14718688838832467
0.18963194766986688,0.6132880179778154,0.7193342784659275,0.6069092505376621,1.502821920377305
0.8040457244514624,1.1621163448720637,1.3490175516254568,-1.2832454078637379,0.14718688838832467
-0.3110015000780999,0.24282889732419777,0.12015421624091631,-0.11324010354020453,1.2279565330049131
0.8040457244514624,1.1621163448720637,1.3490175516254568,-1.4208922254358278,-1.042946718764942
0.8040457244514624,-0.2099544723635572,0.4837052055367609,-1.2144219990776928,-1.042946718764942
0.8040457244514624,-0.2099544723635572,0.4837052055367609,0.643810038145521,0.14718688838832467
-1.4488047904143881,-0.2099544723635572,-1.2469194866406308,0.9535153776827235,0.14718688838832467
-1.4488047904143881,1.1621163448720637,-0.38160714055193495,1.1599856040408578,0.14718688838832467
0.8040457244514624,-0.2099544723635572,0.4837052055367609,-1.0767751815056033,-1.042946718764942
0.8040457244514624,-0.2099544723635572,0.4837052055367609,-1.0079517727195582,-1.042946718764942
-1.4488047904143881,1.1621163448720637,-0.38160714055193495,-1.2488337034707155,-1.042946718764942
0.8040457244514624,-0.2099544723635572,0.4837052055367609,-1.2488337034707155,0.14718688838832467
0.8040457244514624,-0.2099544723635572,0.4837052055367609,-0.7670698419684006,-1.042946718764942
0.8040457244514624,-0.2099544723635572,0.4837052055367609,0.9879270820757461,0.14718688838832467
0.8040457244514624,1.1621163448720637,1.3490175516254568,-1.1800102946846704,0.14718688838832467
0.48546080315730167,0.8190986405631584,1.056645383897859,-0.027739834128132905,1.0010779141596644
-1.4488047904143881,1.1621163448720637,-0.38160714055193495,0.7470451513245885,-1.042946718764942
-1.4488047904143881,-1.582025289599178,-2.1122318327293264,-1.145598590291648,-1.042946718764942
0.8040457244514624,-1.582025289599178,-0.38160714055193495,0.919103673289701,0.14718688838832467
0.07585161863623807,-0.1207698692432419,0.18915423056156053,0.7765823468392808,1.9742213523792511
-1.4488047904143881,-0.2099544723635572,-1.2469194866406308,1.1255738996478362,-1.042946718764942
-1.4488047904143881,-0.2099544723635572,-1.2469194866406308,1.0911621952548136,-1.042946718764942
-1.4488047904143881,-1.582025289599178,-2.1122318327293264,0.9535153776827235,0.14718688838832467
-1.4488047904143881,-0.2099544723635572,-1.2469194866406308,0.8846919688966784,-1.042946718764942
0.8040457244514624,-1.582025289599178,-0.38160714055193495,-1.352068816649783,0.14718688838832467
0.6219971979976562,0.6064276638916375,0.7884810367463322,0.570924920843972,2.0596095728466697
0.8040457244514624,-0.2099544723635572,0.4837052055367609,1.0223387864687679,0.14718688838832467
-1.4488047904143881,1.1621163448720637,-0.38160714055193495,-0.8014815463614231,0.14718688838832467
-1.4488047904143881,-1.582025289599178,-2.1122318327293264,-1.4553039298288504,-1.042946718764942
0.18963194766986688,1.0523506794932138,1.0155283902725416,-1.530007461156704,2.251556646955246
0.8040457244514624,-0.2099544723635572,0.4837052055367609,-1.352068816649783,0.14718688838832467
0.8040457244514624,-0.2099544723635572,0.4837052055367609,-1.2488337034707155,0.14718688838832467
-1.4488047904143881,-0.2099544723635572,-1.2469194866406308,1.1255738996478362,0.14718688838832467
0.3034122767034954,0.8877021814249392,0.5646483123948025,-0.23063345444120426,0.7692594809072102
-0.24273330265792264,-0.04530597429528254,-0.3678120662782252,-0.3010044140730485,1.555748503311655
0.8040457244514624,-1.582025289599178,-0.38160714055193495,1.1255738996478362,-1.042946718764942
0.8040457244514624,1.1621163448720637,1.3490175516254568,0.7814568557176109,-1.042946718764942
0.8040457244514624,1.1621163448720637,1.3490175516254568,0.9879270820757461,-1.042946718764942
-0.1972211710444711,1.1140938662688167,0.518707633328642,-0.7599021493932102,0.9936681925488554
-1.4488047904143881,-1.582025289599178,-2.1122318327293264,-1.2832454078637379,-1.042946718764942
0.3034122767034954,-0.0178645579505704,0.052012024953586686,-1.0344839954399316,2.2399127987096894
0.8040457244514624,-1.582025289599178,-0.38160714055193495,-1.1800102946846704,0.14718688838832467
-1.4488047904143881,-0.2099544723635572,-1.2469194866406308,1.2288090128269036,-1.042946718764942
0.8040457244514624,-1.582025289599178,-0.38160714055193495,-0.9391283639335132,0.14718688838832467
0.8040457244514624,-0.2099544723635572,0.4837052055367609,-0.9735400683265355,-1.042946718764942
0.7130214612245592,0.16050464829006045,0.8174922216132219,-1.4005427549843028,1.8486089288817271
0.37168047412367267,0.7161933292704866,0.6668780894567621,-0.8034631101705614,0.8825223683867204
-1.4488047904143881,-0.2099544723635572,-1.2469194866406308,1.2976324216129478,-1.042946718764942
0.8040457244514624,-0.2099544723635572,0.4837052055367609,0.919103673289701,-1.042946718764942
-1.4488047904143881,1.1621163448720637,-0.38160714055193495,0.643810038145521,-1.042946718764942
0.23514407928331843,0.3937566872201159,0.20074081301439353,-0.24333978664575684,2.21486088278743
-1.4488047904143881,-0.2099544723635572,-1.2469194866406308,1.2632207172199261,0.14718688838832467
-0.2654893684646483,-0.03158526612292662,-0.2938690647347683,0.5965831828011726,2.3948112647642215
0.8040457244514624,1.1621163448720637,1.3490175516254568,-0.9047166595404906,-1.042946718764942
0.8040457244514624,-0.2099544723635572,0.4837052055367609,0.9879270820757461,-1.042946718764942
0.6902653954178334,1.0729317417517483,1.257133890787749,-0.6117795022338007,2.05608113398438
0.053095552829512165,0.544684477116034,0.35190881705321964,1.234357574094552,2.0948939614695696
-1.4488047904143881,-0.2099544723635572,-1.2469194866406308,-1.2832454078637379,-1.042946718764942
0.8040457244514624,-1.582025289599178,-0.38160714055193495,0.919103673289701,0.14718688838832467
0.8040457244514624,-1.582025289599178,-0.38160714055193495,-1.4208922254358278,-1.042946718764942
0.8040457244514624,1.1621163448720637,1.3490175516254568,-1.2832454078637379,0.14718688838832467
-1.4488047904143881,-1.582025289599178,-2.1122318327293264,-0.9735400683265355,0.14718688838832467
-1.4488047904143881,1.1621163448720637,-0.38160714055193495,0.919103673289701,0.14718688838832467
-1.4488047904143881,-1.582025289599178,-2.1122318327293264,0.7126334469315663,0.14718688838832467
0.8040457244514624,-0.2099544723635572,0.4837052055367609,-1.145598590291648,-1.042946718764942
0.8040457244514624,-0.2099544723635572,0.4837052055367609,0.7126334469315663,-1.042946718764942
0.053095552829512165,0.7161933292704866,0.44241979609277465,-0.12215912868191817,1.6524277281384019
0.5764850663842048,0.5515448312022125,0.9167131608694284,-1.4787088240634072,2.005271614367403
-0.1972211710444711,0.7230536833566652,0.35412628935695395,-0.7309324782692208,0.9523854578600621
-0.01517264459066506,0.2908513759274444,-0.04028581139437218,-0.37445987072437065,1.615026276198127
0.09860768444296374,0.37317562496158174,0.17964221093368327,0.8128454478787471,1.4989406376287864
-1.4488047904143881,1.1621163448720637,-0.38160714055193495,-1.4208922254358278,0.14718688838832467
-0.037928710397390715,-0.18251305601884474,-0.4362258905052824,-0.32215577586801103,1.963283191906152
0.8040457244514624,-0.2099544723635572,0.4837052055367609,1.2288090128269036,-1.042946718764942
0.8040457244514624,1.1621163448720637,1.3490175516254568,1.0911621952548136,-1.042946718764942
-0.06068477620411663,0.5103827066851436,0.08614283469089709,0.018260316392835305,1.7201737542943702
0.8040457244514624,1.1621163448720637,1.3490175516254568,1.1943973084338804,-1.042946718764942
0.09860768444296374,-0.14821128558795435,0.20744420066010577,0.12195077896716612,1.310522002382499
0.8040457244514624,1.1621163448720637,1.3490175516254568,0.7814568557176109,-1.042946718764942
0.8040457244514624,-0.2099544723635572,0.4837052055367609,-0.8014815463614231,0.14718688838832467
-1.4488047904143881,-1.582025289599178,-2.1122318327293264,-1.1111868858986256,0.14718688838832467
0.46270473735057627,0.9768867845452551,1.2179592443306735,-0.8519444286562732,0.8468851358775912
-1.4488047904143881,-0.2099544723635572,-1.2469194866406308,0.9879270820757461,0.14718688838832467
0.8040457244514624,-0.2099544723635572,0.4837052055367609,0.7126334469315663,0.14718688838832467
-1.4488047904143881,-0.2099544723635572,-1.2469194866406308,1.2976324216129478,0.14718688838832467
-1.4488047904143881,1.1621163448720637,-0.38160714055193495,-1.145598590291648,-1.042946718764942
0.8040457244514624,1.1621163448720637,1.3490175516254568,0.6093983337524984,0.14718688838832467
-1.4488047904143881,-1.582025289599178,-2.1122318327293264,-1.4553039298288504,-1.042946718764942
0.46270473735057627,0.7093329751843086,1.0113760854239116,0.03281322466243826,1.4237848898620091
-1.4488047904143881,-1.582025289599178,-2.1122318327293264,0.8846919688966784,0.14718688838832467
-1.4488047904143881,-0.2099544723635572,-1.2469194866406308,0.6782217425385434,-1.042946718764942
-1.4488047904143881,1.1621163448720637,-0.38160714055193495,-0.8703049551474681,0.14718688838832467
0.8040457244514624,1.1621163448720637,1.3490175516254568,0.643810038145521,0.14718688838832467
0.8040457244514624,1.1621163448720637,1.3490175516254568,0.9879270820757461,-1.042946718764942
-0.219977236851197,-0.1344905774155981,-0.10805867909240678,-0.969553571241338,2.134765320613447
0.8040457244514624,-1.582025289599178,-0.38160714055193495,-1.1111868858986256,-1.042946718764942
0.5992411321909308,0.0507389829112107,0.4413355470282668,-0.017364856205531097,1.8404935194984593
0.8040457244514624,-1.582025289599178,-0.38160714055193495,-1.3176571122567604,-1.042946718764942
0.8040457244514624,1.1621163448720637,1.3490175516254568,1.2976324216129478,0.14718688838832467
0.8040457244514624,-0.2099544723635572,0.4837052055367609,1.2632207172199261,0.14718688838832467
0.16687588186314095,0.6407294343225278,0.4793127453066966,-0.23429393199067966,1.7039429355278364
0.8040457244514624,-0.2099544723635572,0.4837052055367609,0.643810038145521,0.14718688838832467
0.21238801347659253,0.27713066775508816,0.6064275712176798,0.8004231255765338,1.240306069022928
-1.4488047904143881,-1.582025289599178,-2.1122318327293264,1.0223387864687679,0.14718688838832467
-0.01517264459066506,0.0507389829112107,0.14666746917821843,-0.5032103389235418,2.459028852057899
0.8040457244514624,-0.2099544723635572,0.4837052055367609,0.9879270820757461,0.14718688838832467
0.8040457244514624,-0.2099544723635572,0.4837052055367609,0.850280264503656,0.14718688838832467
0.21238801347659253,0.33201350044451305,0.6409775231434642,-0.3586567303548308,2.2437940814582085
0.8040457244514624,-0.2099544723635572,0.4837052055367609,-0.9735400683265355,0.14718688838832467
0.8040457244514624,-0.2099544723635572,0.4837052055367609,1.2288090128269036,0.14718688838832467
-1.4488047904143881,-1.582025289599178,-2.1122318327293264,-0.8014815463614231,0.14718688838832467
-1.4488047904143881,1.1621163448720637,-0.38160714055193495,-0.9735400683265355,-1.042946718764942
0.8040457244514624,-0.2099544723635572,0.4837052055367609,0.8846919688966784,-1.042946718764942
0.8040457244514624,-0.2099544723635572,0.4837052055367609,-1.0079517727195582,-1.042946718764942
0.8040457244514624,1.1621163448720637,1.3490175516254568,1.2976324216129478,-1.042946718764942
0.8040457244514624,1.1621163448720637,1.3490175516254568,-1.4208922254358278,-1.042946718764942
0.8040457244514624,-0.2099544723635572,0.4837052055367609,1.2288090128269036,0.14718688838832467
0.3261683425102213,1.0180489090623235,1.1009828534780046,0.18587799052834167,0.8401811020392399
0.8040457244514624,-1.582025289599178,-0.38160714055193495,-1.352068816649783,0.14718688838832467
0.8040457244514624,1.1621163448720637,1.3490175516254568,1.2288090128269036,-1.042946718764942
0.8040457244514624,-0.2099544723635572,0.4837052055367609,0.6782217425385434,-1.042946718764942
0.8040457244514624,-0.2099544723635572,0.4837052055367609,-1.0767751815056033,0.14718688838832467
0.8040457244514624,-1.582025289599178,-0.38160714055193495,-1.0767751815056033,-1.042946718764942
0.8040457244514624,-0.2099544723635572,0.4837052055367609,1.1599856040408578,0.14718688838832467
0.8040457244514624,-0.2099544723635572,0.4837052055367609,0.850280264503656,-1.042946718764942
0.8040457244514624,-0.2099544723635572,0.4837052055367609,-0.9047166595404906,-1.042946718764942
0.8040457244514624,-1.582025289599178,-0.38160714055193495,1.2976324216129478,-1.042946718764942
0.781289658644737,0.1742253564624167,0.6370734313494884,0.968681117927673,2.4696141686447692
0.8040457244514624,-1.582025289599178,-0.38160714055193495,0.9879270820757461,0.14718688838832467
0.8040457244514624,-0.2099544723635572,0.4837052055367609,1.1943973084338804,-1.042946718764942
0.8040457244514624,1.1621163448720637,1.3490175516254568,-1.4553039298288504,0.14718688838832467
-1.4488047904143881,-1.582025289599178,-2.1122318327293264,0.8846919688966784,-1.042946718764942
-1.4488047904143881,1.1621163448720637,-0.38160714055193495,-0.8014815463614231,-1.042946718764942
0.8040457244514624,1.1621163448720637,1.3490175516254568,0.7814568557176109,-1.042946718764942
0.8040457244514624,1.1621163448720637,1.3490175516254568,0.9535153776827235,0.14718688838832467
0.781289658644737,0.7710761619599115,1.3737847121634539,1.2797919275544907,1.658778918090524
0.1441198160564153,1.0866524499241041,0.6268080255268123,0.36929814771388003,1.9900993272595564
0.8040457244514624,-0.2099544723635572,0.4837052055367609,1.0911621952548136,-1.042946718764942
0.8040457244514624,-1.582025289599178,-0.38160714055193495,1.1599856040408578,-1.042946718764942
-1.4488047904143881,-1.582025289599178,-2.1122318327293264,1.1599856040408578,-1.042946718764942
0.8040457244514624,-0.2099544723635572,0.4837052055367609,0.919103673289701,-1.042946718764942
0.8040457244514624,-0.2099544723635572,0.4837052055367609,-1.3864805210428055,-1.042946718764942
0.8040457244514624,-1.582025289599178,-0.38160714055193495,0.9535153776827235,0.14718688838832467
-1.4488047904143881,1.1621163448720637,-0.38160714055193495,0.9879270820757461,0.14718688838832467
0.8040457244514624,-0.2099544723635572,0.4837052055367609,-1.1111868858986256,0.14718688838832467
-0.037928710397390715,0.009576858394142039,-0.3136979775933736,0.913810955951604,0.9971966314111461
-1.4488047904143881,1.1621163448720637,-0.38160714055193495,0.7126334469315663,0.14718688838832467
0.8040457244514624,-0.2099544723635572,0.4837052055367609,0.9879270820757461,-1.042946718764942
0.8040457244514624,-0.2099544723635572,0.4837052055367609,0.9879270820757461,-1.042946718764942
0.8040457244514624,-0.2099544723635572,0.4837052055367609,-1.352068816649783,0.14718688838832467
0.8040457244514624,-1.582025289599178,-0.38160714055193495,0.6782217425385434,0.14718688838832467
0.46270473735057627,0.11248216968681385,0.5941256205037088,-0.7268714301320951,1.1213976793637543
0.2579001450900441,0.30457208409980063,0.41662871135857776,-0.4408679115042911,1.6026767401801125
-1.4488047904143881,-1.582025289599178,-2.1122318327293264,-0.9391283639335132,-1.042946718764942
0.8040457244514624,1.1621163448720637,1.3490175516254568,0.6782217425385434,0.14718688838832467
0.2579001450900441,0.9220039518558302,0.8677313079465637,0.5388659032078713,1.6626602008390423
0.781289658644737,0.5789862475469251,0.6772214345488808,0.15241992693078255,1.9548149386366567
-1.4488047904143881,-0.2099544723635572,-1.2469194866406308,-1.0423634771125805,0.14718688838832467
0.8040457244514624,1.1621163448720637,1.3490175516254568,0.8846919688966784,-1.042946718764942
0.8040457244514624,-0.2099544723635572,0.4837052055367609,-1.145598590291648,-1.042946718764942
0.8040457244514624,-0.2099544723635572,0.4837052055367609,-1.0767751815056033,0.14718688838832467
-1.4488047904143881,1.1621163448720637,-0.38160714055193495,-1.0079517727195582,0.14718688838832467
0.8040457244514624,1.1621163448720637,1.3490175516254568,0.7814568557176109,-1.042946718764942
0.8040457244514624,1.1621163448720637,1.3490175516254568,1.1599856040408578,0.14718688838832467
0.8040457244514624,1.1621163448720637,1.3490175516254568,-0.8014815463614231,-1.042946718764942
0.8040457244514624,-1.582025289599178,-0.38160714055193495,1.1599856040408578,-1.042946718764942
-1.4488047904143881,-1.582025289599178,-2.1122318327293264,0.8158685601106335,0.14718688838832467
0.8040457244514624,-1.582025289599178,-0.38160714055193495,1.2976324216129478,0.14718688838832467
-1.4488047904143881,-1.582025289599178,-2.1122318327293264,1.056750490861791,0.14718688838832467
0.8040457244514624,-1.582025289599178,-0.38160714055193495,0.7470451513245885,-1.042946718764942
-1.4488047904143881,-0.2099544723635572,-1.2469194866406308,-1.0423634771125805,-1.042946718764942
0.8040457244514624,-1.582025289599178,-0.38160714055193495,0.8158685601106335,0.14718688838832467
0.8040457244514624,1.1621163448720637,1.3490175516254568,0.9535153776827235,0.14718688838832467
0.39443653993039907,1.1072335121826387,0.8901885986636868,0.12864345349518128,1.4978821059700986
-1.4488047904143881,-0.2099544723635572,-1.2469194866406308,1.0911621952548136,-1.042946718764942
0.8040457244514624,-1.582025289599178,-0.38160714055193495,-1.2488337034707155,0.14718688838832467
0.07585161863623807,0.9151435977696517,0.8814258458554755,-0.7469742040447139,1.8376707684086273
0.8040457244514624,1.1621163448720637,1.3490175516254568,-0.8358932507544456,-1.042946718764942
0.8040457244514624,1.1621163448720637,1.3490175516254568,-0.9735400683265355,-1.042946718764942
0.8040457244514624,-1.582025289599178,-0.38160714055193495,-0.9047166595404906,0.14718688838832467
-1.4488047904143881,-1.582025289599178,-2.1122318327293264,0.9535153776827235,-1.042946718764942
0.41719260573712447,0.6270087261501713,0.7428963901555758,-0.427640575504075,2.0260894036549146
0.8040457244514624,1.1621163448720637,1.3490175516254568,-0.8014815463614231,0.14718688838832467
0.8040457244514624,-0.2099544723635572,0.4837052055367609,0.8158685601106335,-1.042946718764942
-1.4488047904143881,-0.2099544723635572,-1.2469194866406308,0.6782217425385434,0.14718688838832467
-1.4488047904143881,-0.2099544723635572,-1.2469194866406308,-1.145598590291648,-1.042946718764942
0.8040457244514624,1.1621163448720637,1.3490175516254568,-1.145598590291648,-1.042946718764942
-0.06068477620411663,0.997467846803789,0.7114548087501696,-0.3036354414017703,1.2657108288314158
-0.24273330265792264,0.10562181560063558,-0.3719215554645844,0.8655166881261378,1.8196757302109485
0.8040457244514624,-1.582025289599178,-0.38160714055193495,-0.8358932507544456,-1.042946718764942
0.8040457244514624,-0.2099544723635572,0.4837052055367609,-1.2832454078637379,-1.042946718764942
0.8040457244514624,-1.582025289599178,-0.38160714055193495,-0.9735400683265355,0.14718688838832467
0.8040457244514624,-0.2099544723635572,0.4837052055367609,1.056750490861791,-1.042946718764942
0.8040457244514624,1.1621163448720637,1.3490175516254568,-1.2832454078637379,-1.042946718764942
0.8040457244514624,-0.2099544723635572,0.4837052055367609,-0.8358932507544456,-1.042946718764942
0.8040457244514624,-1.582025289599178,-0.38160714055193495,0.8846919688966784,-1.042946718764942
0.8040457244514624,1.1621163448720637,1.3490175516254568,1.1943973084338804,0.14718688838832467
0.8040457244514624,-0.2099544723635572,0.4837052055367609,-0.9391283639335132,0.14718688838832467
0.7585335928380106,-0.07960774472617324,0.7185464214072435,-0.8788564862530054,0.9036930015604605
-0.1972211710444711,0.3937566872201159,0.02658102728661489,0.3970760276645798,1.0645898136808851
0.8040457244514624,-0.2099544723635572,0.4837052055367609,0.6782217425385434,-1.042946718764942
0.8040457244514624,-0.2099544723635572,0.4837052055367609,0.7126334469315663,-1.042946718764942
-1.4488047904143881,-1.582025289599178,-2.1122318327293264,0.6093983337524984,-1.042946718764942
-1.4488047904143881,-1.582025289599178,-2.1122318327293264,0.6093983337524984,0.14718688838832467
0.8040457244514624,1.1621163448720637,1.3490175516254568,0.9535153776827235,-1.042946718764942
-1.4488047904143881,-1.582025289599178,-2.1122318327293264,0.9879270820757461,-1.042946718764942
0.8040457244514624,1.1621163448720637,1.3490175516254568,-1.0079517727195582,-1.042946718764942
0.8040457244514624,-0.2099544723635572,0.4837052055367609,-0.8358932507544456,0.14718688838832467
0.8040457244514624,1.1621163448720637,1.3490175516254568,0.8846919688966784,0.14718688838832467
0.8040457244514624,-1.582025289599178,-0.38160714055193495,0.6093983337524984,-1.042946718764942
-1.4488047904143881,-0.2099544723635572,-1.2469194866406308,0.6782217425385434,-1.042946718764942
0.5764850663842048,0.21538748097948535,0.6486230302802958,0.6537586508781955,1.375092433562406
0.053095552829512165,-0.16879234784648853,-0.09608333585293652,-0.9815277656267261,1.922353301103588
0.8040457244514624,-1.582025289599178,-0.38160714055193495,-1.2488337034707155,0.14718688838832467
0.3489244083169472,0.7847968701322681,0.8110160212367523,-1.5431913003121833,2.000684643846426
0.8040457244514624,1.1621163448720637,1.3490175516254568,-1.352068816649783,-1.042946718764942
-1.4488047904143881,-1.582025289599178,-2.1122318327293264,0.8846919688966784,0.14718688838832467
-1.4488047904143881,1.1621163448720637,-0.38160714055193495,0.7126334469315663,-1.042946718764942
0.8040457244514624,1.1621163448720637,1.3490175516254568,-0.9735400683265355,-1.042946718764942
-1.4488047904143881,-0.2099544723635572,-1.2469194866406308,-1.0423634771125805,0.14718688838832467
0.8040457244514624,-0.2099544723635572,0.4837052055367609,-1.2488337034707155,0.14718688838832467
0.23514407928331843,0.8671211191664053,0.6777329518139822,0.7228911858813416,2.3986925475127396
-1.4488047904143881,1.1621163448720637,-0.38160714055193495,-1.145598590291648,0.14718688838832467
0.8040457244514624,-0.2099544723635572,0.4837052055367609,1.2632207172199261,-1.042946718764942
0.8040457244514624,1.1621163448720637,1.3490175516254568,0.9879270820757461,-1.042946718764942
-1.4488047904143881,1.1621163448720637,-0.38160714055193495,0.6782217425385434,-1.042946718764942
0.8040457244514624,-0.2099544723635572,0.4837052055367609,-1.0079517727195582,0.14718688838832467
-1.4488047904143881,1.1621163448720637,-0.38160714055193495,0.9879270820757461,0.14718688838832467
0.8040457244514624,1.1621163448720637,1.3490175516254568,0.8158685601106335,0.14718688838832467
-0.15170903943101952,0.8328193487355143,0.4363264499050518,-0.8405812304948047,2.155583109900958
-1.4488047904143881,-1.582025289599178,-2.1122318327293264,-0.9047166595404906,0.14718688838832467
-1.4488047904143881,1.1621163448720637,-0.38160714055193495,1.1943973084338804,-1.042946718764942
0.8040457244514624,-0.2099544723635572,0.4837052055367609,0.7126334469315663,-1.042946718764942
0.8040457244514624,-0.2099544723635572,0.4837052055367609,0.7470451513245885,-1.042946718764942
0.39443653993039907,-0.09332845289852947,0.13112894666556668,-0.2873362742896366,2.2819012211709406
-0.15170903943101952,0.04387862882503274,0.1565192871088349,-1.0168450971077083,1.8676624987380923
-1.4488047904143881,-0.2099544723635572,-1.2469194866406308,0.6782217425385434,0.14718688838832467
0.8040457244514624,-0.2099544723635572,0.4837052055367609,1.2632207172199261,0.14718688838832467
-1.4488047904143881,1.1621163448720637,-0.38160714055193495,-1.4553039298288504,-1.042946718764942
-1.4488047904143881,-1.582025289599178,-2.1122318327293264,-1.0079517727195582,-1.042946718764942
0.8040457244514624,-0.2099544723635572,0.4837052055367609,-1.2488337034707155,0.14718688838832467
0.8040457244514624,1.1621163448720637,1.3490175516254568,0.919103673289701,0.14718688838832467
-1.4488047904143881,-0.2099544723635572,-1.2469194866406308,0.643810038145521,0.14718688838832467
0.8040457244514624,1.1621163448720637,1.3490175516254568,0.6782217425385434,-1.042946718764942
-0.1972211710444711,-0.17565270193266677,-0.4907071825641644,-0.6528096529274341,0.9022816260155441
0.8040457244514624,-1.582025289599178,-0.38160714055193495,-0.9735400683265355,-1.042946718764942
-1.4488047904143881,-0.2099544723635572,-1.2469194866406308,-1.2832454078637379,0.14718688838832467
0.8040457244514624,-1.582025289599178,-0.38160714055193495,-1.3176571122567604,-1.042946718764942
-1.4488047904143881,-0.2099544723635572,-1.2469194866406308,1.2976324216129478,0.14718688838832467
-0.17446510523774542,0.6956122670119528,0.5507621732958307,0.36765867268289104,1.907886701768199
0.8040457244514624,-1.582025289599178,-0.38160714055193495,1.056750490861791,0.14718688838832467
-1.4488047904143881,-0.2099544723635572,-1.2469194866406308,-1.3864805210428055,-1.042946718764942
0.12136375024968965,0.26340995958273195,0.4674712119540176,-1.2651832782666645,2.122768628481661
0.8040457244514624,1.1621163448720637,1.3490175516254568,-1.0079517727195582,-1.042946718764942
0.8040457244514624,0.6544501424948838,1.3183024066681082,0.2675207557031495,2.202158502883186
0.6902653954178334,0.16736500237623841,0.4259221801145702,0.24400617133937452,1.4393100208560843
0.8040457244514624,-1.582025289599178,-0.38160714055193495,-0.9047166595404906,-1.042946718764942
0.8040457244514624,-0.2099544723635572,0.4837052055367609,0.6093983337524984,-1.042946718764942
-1.4488047904143881,-0.2099544723635572,-1.2469194866406308,-0.8014815463614231,-1.042946718764942
0.5764850663842048,1.1003731580964609,1.1462716166624214,0.6362172912644665,1.4484839618980383
0.5309729347707535,0.6064276638916375,0.6977887843444383,-1.6665132367453883,2.0003317999601977
0.8040457244514624,1.1621163448720637,1.3490175516254568,0.9535153776827235,-1.042946718764942
0.030339487022786507,0.35259456270304723,0.4515302673553854,-1.4639627423645443,2.2755500312188186
0.8040457244514624,-1.582025289599178,-0.38160714055193495,-1.1800102946846704,0.14718688838832467
0.6902653954178334,0.6544501424948838,0.7907303275119696,-0.32873223824280745,1.639725348234158
-1.4488047904143881,-0.2099544723635572,-1.2469194866406308,-1.0767751815056033,0.14718688838832467
-1.4488047904143881,1.1621163448720637,-0.38160714055193495,0.6782217425385434,0.14718688838832467
0.8040457244514624,1.1621163448720637,1.3490175516254568,0.6093983337524984,0.14718688838832467
-1.4488047904143881,-0.2099544723635572,-1.2469194866406308,-1.1800102946846704,0.14718688838832467
0.8040457244514624,-1.582025289599178,-0.38160714055193495,-1.2832454078637379,0.14718688838832467
0.2579001450900441,0.8602607650802268,0.8495235458432854,0.526467232312877,2.0977167125594014
0.8040457244514624,-0.2099544723635572,0.4837052055367609,-1.4208922254358278,-1.042946718764942
0.8040457244514624,1.1621163448720637,1.3490175516254568,-1.352068816649783,-1.042946718764942
-1.4488047904143881,-1.582025289599178,-2.1122318327293264,-0.7670698419684006,0.14718688838832467
0.7585335928380106,0.03701827473885448,0.6329929441262624,0.24105066840595601,2.406102269123549
0.781289658644737,0.40747739539247213,0.6272565998762251,0.1021863007840661,0.7491473793921571
0.8040457244514624,-0.2099544723635572,0.4837052055367609,-1.3176571122567604,0.14718688838832467
0.8040457244514624,1.1621163448720637,1.3490175516254568,-0.9391283639335132,-1.042946718764942
0.8040457244514624,1.1621163448720637,1.3490175516254568,-1.0423634771125805,-1.042946718764942
0.1441198160564153,-0.0864680988123512,0.16565885963904886,-0.6167015857691451,2.064196543367647
0.8040457244514624,-1.582025289599178,-0.38160714055193495,-1.2832454078637379,-1.042946718764942
0.5082168689640276,0.4417791658233628,0.8160508676935949,-0.4750378404447591,2.3831674165186647
0.8040457244514624,1.1621163448720637,1.3490175516254568,1.2976324216129478,0.14718688838832467
0.8040457244514624,1.1621163448720637,1.3490175516254568,-1.0079517727195582,0.14718688838832467
0.39443653993039907,0.38689633313393795,0.3554428500984371,1.0084208454289088,1.886716068594459
0.8040457244514624,-1.582025289599178,-0.38160714055193495,0.7126334469315663,0.14718688838832467
0.8040457244514624,-1.582025289599178,-0.38160714055193495,0.643810038145521,0.14718688838832467
-1.4488047904143881,-1.582025289599178,-2.1122318327293264,-1.3864805210428055,-1.042946718764942
0.8040457244514624,1.1621163448720637,1.3490175516254568,-0.8014815463614231,-1.042946718764942
0.37168047412367267,0.7504950997013776,0.9641366179269977,0.5095721260078562,2.4689084808723116
-1.4488047904143881,-1.582025289599178,-2.1122318327293264,-1.0079517727195582,-1.042946718764942
-1.4488047904143881,-0.2099544723635572,-1.2469194866406308,0.850280264503656,0.14718688838832467
0.3489244083169472,0.36631527087540344,0.22774182447149413,-1.4518301984580348,0.910397035398811
-1.4488047904143881,1.1621163448720637,-0.38160714055193495,0.850280264503656,0.14718688838832467
0.8040457244514624,1.1621163448720637,1.3490175516254568,1.1255738996478362,-1.042946718764942
0.8040457244514624,1.1621163448720637,1.3490175516254568,-1.2832454078637379,-1.042946718764942
0.3261683425102213,0.9220039518558302,0.8008948998529306,0.9951327524135472,0.7844317680150578
0.8040457244514624,-1.582025289599178,-0.38160714055193495,1.1943973084338804,-1.042946718764942
-1.4488047904143881,-0.2099544723635572,-1.2469194866406308,0.6782217425385434,0.14718688838832467
-1.4488047904143881,1.1621163448720637,-0.38160714055193495,0.9879270820757461,-1.042946718764942
0.8040457244514624,1.1621163448720637,1.3490175516254568,-1.352068816649783,-1.042946718764942
0.8040457244514624,-0.2099544723635572,0.4837052055367609,-1.4553039298288504,0.14718688838832467
-1.4488047904143881,-1.582025289599178,-2.1122318327293264,1.056750490861791,-1.042946718764942
-1.4488047904143881,-0.2099544723635572,-1.2469194866406308,0.6093983337524984,0.14718688838832467
-1.4488047904143881,-1.582025289599178,-2.1122318327293264,0.643810038145521,-1.042946718764942
0.21238801347659253,0.9151435977696517,0.7873656295795002,0.0638377407102971,1.722643661497973
0.8040457244514624,-1.582025289599178,-0.38160714055193495,1.0911621952548136,-1.042946718764942
0.8040457244514624,-1.582025289599178,-0.38160714055193495,0.7814568557176109,0.14718688838832467
0.39443653993039907,0.9014228895972958,1.140010596669297,0.6579090101391093,2.0691363577748523
0.8040457244514624,1.1621163448720637,1.3490175516254568,0.9535153776827235,0.14718688838832467
0.8040457244514624,-0.2099544723635572,0.4837052055367609,-0.8703049551474681,-1.042946718764942
-1.4488047904143881,1.1621163448720637,-0.38160714055193495,-0.8358932507544456,0.14718688838832467
0.8040457244514624,1.1621163448720637,1.3490175516254568,-0.8358932507544456,-1.042946718764942
-1.4488047904143881,-0.2099544723635572,-1.2469194866406308,-1.0079517727195582,0.14718688838832467
0.8040457244514624,-0.2099544723635572,0.4837052055367609,0.9879270820757461,0.14718688838832467
0.39443653993039907,0.03701827473885448,0.4720614045310897,-0.2648427206677505,2.156994485445874
0.8040457244514624,1.1621163448720637,1.3490175516254568,-1.3176571122567604,-1.042946718764942
0.8040457244514624,-0.2099544723635572,0.4837052055367609,-1.145598590291648,0.14718688838832467
0.8040457244514624,-1.582025289599178,-0.38160714055193495,0.7470451513245885,-1.042946718764942
-1.4488047904143881,1.1621163448720637,-0.38160714055193495,1.1599856040408578,-1.042946718764942
-0.15170903943101952,0.537824123029856,-0.00851568205547511,-1.4627204634665,0.7960756162606146
-1.4488047904143881,-0.2099544723635572,-1.2469194866406308,1.1943973084338804,0.14718688838832467
0.8040457244514624,-0.2099544723635572,0.4837052055367609,-1.0079517727195582,0.14718688838832467
-1.4488047904143881,1.1621163448720637,-0.38160714055193495,0.7470451513245885,0.14718688838832467
-1.4488047904143881,1.1621163448720637,-0.38160714055193495,0.919103673289701,-1.042946718764942
-1.4488047904143881,-1.582025289599178,-2.1122318327293264,0.7126334469315663,0.14718688838832467
-1.4488047904143881,-0.2099544723635572,-1.2469194866406308,0.7126334469315663,0.14718688838832467
-1.4488047904143881,-0.2099544723635572,-1.2469194866406308,1.2976324216129478,0.14718688838832467
-1.4488047904143881,-0.2099544723635572,-1.2469194866406308,0.7126334469315663,-1.042946718764942
0.8040457244514624,-0.2099544723635572,0.4837052055367609,-1.145598590291648,0.14718688838832467
-1.4488047904143881,-0.2099544723635572,-1.2469194866406308,0.643810038145521,0.14718688838832467
0.8040457244514624,-0.2099544723635572,0.4837052055367609,1.056750490861791,0.14718688838832467
0.8040457244514624,-0.2099544723635572,0.4837052055367609,-0.8703049551474681,-1.042946718764942
-1.4488047904143881,-0.2099544723635572,-1.2469194866406308,-0.9391283639335132,0.14718688838832467
0.8040457244514624,1.1621163448720637,1.3490175516254568,-0.7670698419684006,-1.042946718764942
-1.4488047904143881,-0.2099544723635572,-1.2469194866406308,1.2632207172199261,-1.042946718764942
0.8040457244514624,-1.582025289599178,-0.38160714055193495,-0.8014815463614231,-1.042946718764942
0.8040457244514624,-0.2099544723635572,0.4837052055367609,1.0911621952548136,0.14718688838832467
0.8040457244514624,1.1621163448720637,1.3490175516254568,1.1943973084338804,-1.042946718764942
-1.4488047904143881,-1.582025289599178,-2.1122318327293264,-1.2144219990776928,0.14718688838832467
0.8040457244514624,-0.2099544723635572,0.4837052055367609,-1.1111868858986256,-1.042946718764942
0.8040457244514624,-0.2099544723635572,0.4837052055367609,1.1599856040408578,0.14718688838832467
-1.4488047904143881,-0.2099544723635572,-1.2469194866406308,-0.8358932507544456,-1.042946718764942
0.8040457244514624,1.1621163448720637,1.3490175516254568,0.643810038145521,0.14718688838832467
0.8040457244514624,-1.582025289599178,-0.38160714055193495,-1.0423634771125805,0.14718688838832467
0.8040457244514624,-1.582025289599178,-0.38160714055193495,0.9535153776827235,-1.042946718764942
0.8040457244514624,1.1621163448720637,1.3490175516254568,0.9879270820757461,0.14718688838832467
0.8040457244514624,-1.582025289599178,-0.38160714055193495,0.643810038145521,-1.042946718764942
-1.4488047904143881,-1.582025289599178,-2.1122318327293264,1.1255738996478362,-1.042946718764942
-1.4488047904143881,-0.2099544723635572,-1.2469194866406308,-1.4208922254358278,0.14718688838832467
0.8040457244514624,-0.2099544723635572,0.4837052055367609,-0.9391283639335132,0.14718688838832467
0.8040457244514624,1.1621163448720637,1.3490175516254568,0.6093983337524984,-1.042946718764942
0.8040457244514624,1.1621163448720637,1.3490175516254568,-1.2488337034707155,-1.042946718764942
0.8040457244514624,1.1621163448720637,1.3490175516254568,-1.0079517727195582,0.14718688838832467
0.8040457244514624,-0.2099544723635572,0.4837052055367609,0.6782217425385434,-1.042946718764942
0.8040457244514624,1.1621163448720637,1.3490175516254568,-0.8014815463614231,-1.042946718764942
0.8040457244514624,1.1621163448720637,1.3490175516254568,0.919103673289701,0.14718688838832467
0.8040457244514624,-0.2099544723635572,0.4837052055367609,-1.4553039298288504,-1.042946718764942
0.8040457244514624,-0.2099544723635572,0.4837052055367609,-0.9735400683265355,0.14718688838832467
0.12136375024968965,0.11248216968681385,0.4503536224221442,1.0449380480141406,2.454794725423151
-0.219977236851197,-0.07960774472617324,-0.4304402770032964,0.6007601289400946,2.1686383336914314
-1.4488047904143881,-1.582025289599178,-2.1122318327293264,-1.352068816649783,-1.042946718764942
-1.4488047904143881,-0.2099544723635572,-1.2469194866406308,-1.145598590291648,0.14718688838832467
0.8040457244514624,-0.2099544723635572,0.4837052055367609,0.643810038145521,-1.042946718764942
0.667509329611108,0.4692205821680753,0.9747414277675517,0.8687229184165529,2.348588715668222
0.8040457244514624,0.23596854323801952,0.5348733560453546,-0.6513143188178856,0.8027796500989659
0.43994867154384987,0.9425850141143641,1.0795959584471542,-0.6267049310135737,0.7265653706735014
-1.4488047904143881,-1.582025289599178,-2.1122318327293264,-1.145598590291648,0.14718688838832467
0.8040457244514624,-0.2099544723635572,0.4837052055367609,-0.7670698419684006,0.14718688838832467
0.8040457244514624,-0.2099544723635572,0.4837052055367609,0.9879270820757461,-1.042946718764942
0.8040457244514624,-1.582025289599178,-0.38160714055193495,-1.2832454078637379,0.14718688838832467
-0.2654893684646483,-0.10018880698470742,-0.038597883694221485,0.5337000705115735,2.468202793099853
-0.24273330265792264,1.1209542203549954,0.5693231389177754,1.3858958434842048,1.7766287760910102
-1.4488047904143881,-0.2099544723635572,-1.2469194866406308,1.0223387864687679,-1.042946718764942
0.16687588186314095,-0.1550716396741323,-0.04097725635717439,-0.4965946871827959,0.8200690005241869
0.8040457244514624,-1.582025289599178,-0.38160714055193495,-1.2144219990776928,0.14718688838832467
-1.4488047904143881,-0.2099544723635572,-1.2469194866406308,-1.3864805210428055,0.14718688838832467
0.8040457244514624,1.1621163448720637,1.3490175516254568,1.0911621952548136,0.14718688838832467
-1.4488047904143881,-1.582025289599178,-2.1122318327293264,-0.8703049551474681,0.14718688838832467
0.8040457244514624,1.1621163448720637,1.3490175516254568,0.9879270820757461,0.14718688838832467
-0.17446510523774542,0.09190110742827937,-0.22631778616901457,-1.238893330454419,2.0402031591040743
0.8040457244514624,1.1621163448720637,1.3490175516254568,1.0223387864687679,0.14718688838832467
-1.4488047904143881,-1.582025289599178,-2.1122318327293264,0.643810038145521,0.14718688838832467
0.3034122767034954,1.1552559907858857,1.1078604401392014,0.11693805634594766,2.185927684116652
-1.4488047904143881,1.1621163448720637,-0.38160714055193495,-1.145598590291648,0.14718688838832467
0.8040457244514624,1.1621163448720637,1.3490175516254568,1.2976324216129478,0.14718688838832467
0.8040457244514624,-0.2099544723635572,0.4837052055367609,-0.8358932507544456,0.14718688838832467
0.8040457244514624,1.1621163448720637,1.3490175516254568,-1.1111868858986256,-1.042946718764942
-1.4488047904143881,1.1621163448720637,-0.38160714055193495,-1.145598590291648,0.14718688838832467
0.8040457244514624,-1.582025289599178,-0.38160714055193495,-1.2144219990776928,-1.042946718764942
0.8040457244514624,1.1621163448720637,1.3490175516254568,-1.4208922254358278,-1.042946718764942
-1.4488047904143881,-1.582025289599178,-2.1122318327293264,0.919103673289701,-1.042946718764942
0.8040457244514624,-1.582025289599178,-0.38160714055193495,-1.2144219990776928,-1.042946718764942
0.8040457244514624,1.1621163448720637,1.3490175516254568,1.0911621952548136,0.14718688838832467
0.8040457244514624,-1.582025289599178,-0.38160714055193495,1.1255738996478362,-1.042946718764942
-1.4488047904143881,1.1621163448720637,-0.38160714055193495,-0.9735400683265355,0.14718688838832467
0.46270473735057627,0.6270087261501713,0.9200930390753045,0.47462930354864774,1.8824819419597105
0.8040457244514624,1.1621163448720637,1.3490175516254568,1.1943973084338804,0.14718688838832467
0.8040457244514624,-1.582025289599178,-0.38160714055193495,-1.0079517727195582,-1.042946718764942
-1.4488047904143881,1.1621163448720637,-0.38160714055193495,0.6093983337524984,-1.042946718764942
0.39443653993039907,0.6818915588395962,0.7023258724825303,0.1429538393091488,2.0246780281099985
-1.4488047904143881,-1.582025289599178,-2.1122318327293264,0.850280264503656,0.14718688838832467
0.23514407928331843,0.8190986405631584,0.6465636844950441,-0.01609950379634848,2.2402656425959186
0.5537290005774789,0.6132880179778154,0.7613978308137487,0.047620551397150324,2.35635128116526
0.00758342121606085,0.6064276638916375,0.11799054978308376,-0.751268945205433,2.070900577205997
0.8040457244514624,-0.2099544723635572,0.4837052055367609,1.2632207172199261,-1.042946718764942
-1.4488047904143881,1.1621163448720637,-0.38160714055193495,-1.2144219990776928,0.14718688838832467
0.8040457244514624,-0.2099544723635572,0.4837052055367609,0.6093983337524984,0.14718688838832467
0.43994867154384987,0.13992358603152596,0.1953155006113602,-0.23423546956882094,0.7350336239429975
0.8040457244514624,-0.2099544723635572,0.4837052055367609,-1.3864805210428055,-1.042946718764942
-1.4488047904143881,1.1621163448720637,-0.38160714055193495,-1.4208922254358278,-1.042946718764942
0.8040457244514624,-0.2099544723635572,0.4837052055367609,-0.8014815463614231,-1.042946718764942
0.8040457244514624,-0.2099544723635572,0.4837052055367609,0.8846919688966784,-1.042946718764942
0.8040457244514624,-0.2099544723635572,0.4837052055367609,-1.3176571122567604,0.14718688838832467
-1.4488047904143881,-0.2099544723635572,-1.2469194866406308,-0.8358932507544456,-1.042946718764942
0.8040457244514624,-0.2099544723635572,0.4837052055367609,0.850280264503656,-1.042946718764942
0.8040457244514624,-1.582025289599178,-0.38160714055193495,0.8158685601106335,0.14718688838832467
0.8040457244514624,-1.582025289599178,-0.38160714055193495,1.2976324216129478,0.14718688838832467
0.8040457244514624,1.1621163448720637,1.3490175516254568,-1.3864805210428055,0.14718688838832467
0.8040457244514624,-1.582025289599178,-0.38160714055193495,1.0911621952548136,-1.042946718764942
-1.4488047904143881,1.1621163448720637,-0.38160714055193495,1.2632207172199261,-1.042946718764942
0.7357775270312852,0.5995673098054589,1.2285536565250081,0.8399336989621876,2.0638436994814175
0.8040457244514624,-0.2099544723635572,0.4837052055367609,1.2632207172199261,0.14718688838832467
0.8040457244514624,1.1621163448720637,1.3490175516254568,-1.0423634771125805,-1.042946718764942
0.8040457244514624,1.1621163448720637,1.3490175516254568,-1.4553039298288504,0.14718688838832467
0.8040457244514624,1.1621163448720637,1.3490175516254568,-1.0767751815056033,-1.042946718764942
0.8040457244514624,1.1621163448720637,1.3490175516254568,0.9535153776827235,-1.042946718764942
-1.4488047904143881,-0.2099544723635572,-1.2469194866406308,-0.9735400683265355,-1.042946718764942
0.8040457244514624,-1.582025289599178,-0.38160714055193495,-1.0423634771125805,-1.042946718764942
0.2579001450900441,1.1483956366997077,0.6310109356284802,-0.056220992147185844,1.6107921495633795
0.8040457244514624,-0.2099544723635572,0.4837052055367609,-1.0767751815056033,0.14718688838832467
0.8040457244514624,-1.582025289599178,-0.38160714055193495,0.643810038145521,-1.042946718764942
-1.4488047904143881,-1.582025289599178,-2.1122318327293264,-1.4553039298288504,0.14718688838832467
0.8040457244514624,-0.2099544723635572,0.4837052055367609,-1.4553039298288504,-1.042946718764942
0.8040457244514624,1.1621163448720637,1.3490175516254568,-0.8014815463614231,-1.042946718764942
-0.08344084201084229,0.8396797028216929,0.29322763702356536,-0.6057631065055816,1.0314224883753587
-1.4488047904143881,1.1621163448720637,-0.38160714055193495,0.8846919688966784,0.14718688838832467
0.8040457244514624,1.1621163448720637,1.3490175516254568,0.7470451513245885,0.14718688838832467
-1.4488047904143881,-0.2099544723635572,-1.2469194866406308,1.2288090128269036,0.14718688838832467
0.41719260573712447,0.8328193487355143,1.1113469704919523,0.619699692212302,2.471731231962144
-1.4488047904143881,1.1621163448720637,-0.38160714055193495,0.6093983337524984,-1.042946718764942
-1.4488047904143881,-0.2099544723635572,-1.2469194866406308,0.643810038145521,-1.042946718764942
0.8040457244514624,-0.2099544723635572,0.4837052055367609,1.1599856040408578,-1.042946718764942
0.8040457244514624,-0.2099544723635572,0.4837052055367609,-0.9047166595404906,0.14718688838832467
0.8040457244514624,1.1621163448720637,1.3490175516254568,1.2976324216129478,0.14718688838832467
0.8040457244514624,-1.582025289599178,-0.38160714055193495,-1.3176571122567604,-1.042946718764942
0.8040457244514624,1.1621163448720637,1.3490175516254568,0.919103673289701,0.14718688838832467
0.8040457244514624,-0.2099544723635572,0.4837052055367609,-0.9735400683265355,-1.042946718764942
-1.4488047904143881,-1.582025289599178,-2.1122318327293264,-1.145598590291648,0.14718688838832467
-1.4488047904143881,-0.2099544723635572,-1.2469194866406308,-0.9735400683265355,0.14718688838832467
0.053095552829512165,0.0164372124803203,0.21958587106720626,0.18977274867977756,2.0874842398587603
-1.4488047904143881,1.1621163448720637,-0.38160714055193495,1.2288090128269036,-1.042946718764942
-1.4488047904143881,-0.2099544723635572,-1.2469194866406308,-0.9047166595404906,-1.042946718764942
-1.4488047904143881,-0.2099544723635572,-1.2469194866406308,0.7470451513245885,-1.042946718764942
0.8040457244514624,1.1621163448720637,1.3490175516254568,0.6093983337524984,0.14718688838832467
-1.4488047904143881,-0.2099544723635572,-1.2469194866406308,-1.4208922254358278,0.14718688838832467
-1.4488047904143881,-1.582025289599178,-2.1122318327293264,-1.0079517727195582,0.14718688838832467
-1.4488047904143881,1.1621163448720637,-0.38160714055193495,1.0911621952548136,-1.042946718764942
0.8040457244514624,1.1621163448720637,1.3490175516254568,1.1599856040408578,-1.042946718764942
0.5537290005774789,0.256549605496554,0.5962717247621787,1.2231710937149247,2.362702471117382
-1.4488047904143881,-0.2099544723635572,-1.2469194866406308,1.1255738996478362,-1.042946718764942
-1.4488047904143881,-1.582025289599178,-2.1122318327293264,1.2288090128269036,0.14718688838832467
-0.12895297362429387,0.48294129034043115,0.47346817468313396,1.0084400458171199,1.4075540710954744
0.8040457244514624,1.1621163448720637,1.3490175516254568,0.7470451513245885,0.14718688838832467
-1.4488047904143881,1.1621163448720637,-0.38160714055193495,-1.1800102946846704,0.14718688838832467
0.8040457244514624,1.1621163448720637,1.3490175516254568,-1.3176571122567604,-1.042946718764942
0.39443653993039907,0.8671211191664053,1.0590250350931896,-0.445928719418687,2.35987972002755
0.781289658644737,0.09190110742827937,0.6672335085629447,0.33025429156325437,2.2811955333984826
-0.2654893684646483,-0.189373410105023,-0.37394490537951913,-1.0044253473188496,2.171813928667492
-1.4488047904143881,-0.2099544723635572,-1.2469194866406308,0.6782217425385434,-1.042946718764942
-0.12895297362429387,0.11248216968681385,-0.3184868174887056,1.229126467140767,1.2343077229570345
-1.4488047904143881,1.1621163448720637,-0.38160714055193495,-0.8703049551474681,-1.042946718764942
-1.4488047904143881,-0.2099544723635572,-1.2469194866406308,0.6093983337524984,0.14718688838832467
-1.4488047904143881,1.1621163448720637,-0.38160714055193495,0.8846919688966784,0.14718688838832467
0.8040457244514624,-0.2099544723635572,0.4837052055367609,1.056750490861791,-1.042946718764942
-1.4488047904143881,1.1621163448720637,-0.38160714055193495,-1.2488337034707155,-1.042946718764942
-1.4488047904143881,1.1621163448720637,-0.38160714055193495,0.9535153776827235,-1.042946718764942
0.8040457244514624,-0.2099544723635572,0.4837052055367609,1.1599856040408578,0.14718688838832467
0.8040457244514624,-1.582025289599178,-0.38160714055193495,-1.1800102946846704,0.14718688838832467
-0.15170903943101952,-0.18251305601884474,-0.1635473238526748,-0.2825750242780748,1.4816512872035648
0.8040457244514624,-0.2099544723635572,0.4837052055367609,-0.8703049551474681,-1.042946718764942
0.8040457244514624,-0.2099544723635572,0.4837052055367609,-1.2832454078637379,0.14718688838832467
0.8040457244514624,-1.582025289599178,-0.38160714055193495,-1.3864805210428055,-1.042946718764942
-0.08344084201084229,0.791657224218446,0.4651546726266019,0.172597717664787,2.4759653585968913
0.8040457244514624,-0.2099544723635572,0.4837052055367609,-0.8358932507544456,0.14718688838832467
0.8040457244514624,-0.2099544723635572,0.4837052055367609,-1.145598590291648,0.14718688838832467
0.8040457244514624,-0.2099544723635572,0.4837052055367609,1.2632207172199261,-1.042946718764942
0.8040457244514624,-1.582025289599178,-0.38160714055193495,0.9879270820757461,-1.042946718764942
0.3489244083169472,0.37317562496158174,0.7495817092900698,0.26038641267511464,1.543751811179869
0.3034122767034954,1.0592110335793918,0.6289338527028103,-0.2732686053030642,0.9530911456325207
0.48546080315730167,0.537824123029856,0.5791424366117754,-0.1912082276154037,0.9668520571954511
-0.12895297362429387,0.04387862882503274,0.11623856930530507,0.7360706007317309,2.3058946054345126
0.48546080315730167,-0.14135093150177608,0.27431375706029065,-1.56760672617996,1.9925692344631591
0.030339487022786507,0.6956122670119528,0.25045519970076274,-0.20603977552189626,2.4770238902555786
0.8040457244514624,-0.2099544723635572,0.4837052055367609,0.8158685601106335,0.14718688838832467
0.46270473735057627,-0.17565270193266677,0.3725445359550887,-1.0419650310720174,1.7254664125878052
0.8040457244514624,-0.2099544723635572,0.4837052055367609,-1.4208922254358278,0.14718688838832467
-0.037928710397390715,-0.16193199376031056,-0.30329070070951925,-0.3440124004483941,1.3955573789636884
0.8040457244514624,-0.2099544723635572,0.4837052055367609,0.9535153776827235,0.14718688838832467
0.8040457244514624,-1.582025289599178,-0.38160714055193495,-0.9391283639335132,-1.042946718764942
-1.4488047904143881,1.1621163448720637,-0.38160714055193495,-1.2144219990776928,0.14718688838832467
0.8040457244514624,-1.582025289599178,-0.38160714055193495,0.9535153776827235,0.14718688838832467
0.8040457244514624,1.1621163448720637,1.3490175516254568,-1.2832454078637379,0.14718688838832467
0.8040457244514624,-0.2099544723635572,0.4837052055367609,-0.8014815463614231,0.14718688838832467
0.8040457244514624,-0.2099544723635572,0.4837052055367609,0.6782217425385434,-1.042946718764942
0.7130214612245592,0.9700264304590765,1.149722770638277,1.1971412989190051,2.1524075149248976
0.48546080315730167,0.5103827066851436,0.6050415832043605,0.4862763070987365,1.967870162427129
0.8040457244514624,-1.582025289599178,-0.38160714055193495,1.2288090128269036,0.14718688838832467
0.3261683425102213,0.0164372124803203,0.327863444811767,0.16986003841180147,1.5702151026470448
0.8040457244514624,1.1621163448720637,1.3490175516254568,0.8846919688966784,-1.042946718764942
0.3034122767034954,-0.18251305601884474,-0.011110309105350987,1.2902739059863384,0.8183047810930419
0.07585161863623807,0.6681708506672402,0.6473408549427375,0.8761630732295446,0.7907829579671798
0.8040457244514624,1.1621163448720637,1.3490175516254568,1.056750490861791,-1.042946718764942
-1.4488047904143881,-0.2099544723635572,-1.2469194866406308,0.9535153776827235,0.14718688838832467
0.8040457244514624,-0.2099544723635572,0.4837052055367609,-1.0767751815056033,-1.042946718764942
-1.4488047904143881,-0.2099544723635572,-1.2469194866406308,0.7126334469315663,-1.042946718764942
-1.4488047904143881,-0.2099544723635572,-1.2469194866406308,0.919103673289701,-1.042946718764942
-0.2654893684646483,0.8671211191664053,0.051918040233255504,0.9663398134339993,1.818264354666032
0.8040457244514624,-0.2099544723635572,0.4837052055367609,1.0223387864687679,0.14718688838832467
-1.4488047904143881,1.1621163448720637,-0.38160714055193495,0.9879270820757461,0.14718688838832467
0.8040457244514624,-1.582025289599178,-0.38160714055193495,1.2288090128269036,0.14718688838832467
0.2579001450900441,0.40747739539247213,0.36389877168038554,0.47222786431161123,1.5804475753476852
0.8040457244514624,1.1621163448720637,1.3490175516254568,0.7126334469315663,-1.042946718764942
0.8040457244514624,1.1621163448720637,1.3490175516254568,1.1255738996478362,0.14718688838832467
0.8040457244514624,-1.582025289599178,-0.38160714055193495,0.6782217425385434,0.14718688838832467
0.5082168689640276,0.34573420861686927,0.4164222330694728,-0.5182237577055111,0.7812561730389964
0.5992411321909308,0.009576858394142039,0.734897468159483,1.339427073125986,0.7763163586317908
0.8040457244514624,-0.2099544723635572,0.4837052055367609,-1.2144219990776928,0.14718688838832467
0.23514407928331843,0.30457208409980063,0.38169872467498756,0.3479851528177462,1.5635110688086935
0.8040457244514624,-0.2099544723635572,0.4837052055367609,0.7126334469315663,0.14718688838832467
0.8040457244514624,-1.582025289599178,-0.38160714055193495,0.7814568557176109,0.14718688838832467
-1.4488047904143881,1.1621163448720637,-0.38160714055193495,1.0911621952548136,-1.042946718764942
0.8040457244514624,1.1621163448720637,1.3490175516254568,0.919103673289701,0.14718688838832467
-1.4488047904143881,-0.2099544723635572,-1.2469194866406308,1.1255738996478362,-1.042946718764942
0.8040457244514624,-0.2099544723635572,0.4837052055367609,0.9879270820757461,0.14718688838832467
0.8040457244514624,1.1621163448720637,1.3490175516254568,1.0223387864687679,-1.042946718764942
0.8040457244514624,-0.2099544723635572,0.4837052055367609,0.7814568557176109,-1.042946718764942
0.8040457244514624,-0.2099544723635572,0.4837052055367609,0.8158685601106335,-1.042946718764942
0.8040457244514624,-1.582025289599178,-0.38160714055193495,1.0911621952548136,-1.042946718764942
-1.4488047904143881,-0.2099544723635572,-1.2469194866406308,-1.0423634771125805,0.14718688838832467
-1.4488047904143881,1.1621163448720637,-0.38160714055193495,-1.2488337034707155,0.14718688838832467
0.3034122767034954,-0.03844562020910458,-0.08139889491154569,0.49613377452021085,1.048006151028122
-1.4488047904143881,1.1621163448720637,-0.38160714055193495,1.2632207172199261,0.14718688838832467
-1.4488047904143881,-1.582025289599178,-2.1122318327293264,-0.9735400683265355,0.14718688838832467
0.5537290005774789,0.8534004109940488,0.6949769091634829,-0.3932241271516527,2.0610209483915853
0.8040457244514624,1.1621163448720637,1.3490175516254568,-1.2832454078637379,0.14718688838832467
0.00758342121606085,0.9906074927176111,0.6409004448299709,-1.260996351728044,2.405396581351091
0.8040457244514624,1.1621163448720637,1.3490175516254568,-1.2488337034707155,0.14718688838832467
-1.4488047904143881,1.1621163448720637,-0.38160714055193495,-1.1800102946846704,0.14718688838832467
0.8040457244514624,-0.2099544723635572,0.4837052055367609,-1.2488337034707155,0.14718688838832467
-1.4488047904143881,-0.2099544723635572,-1.2469194866406308,-1.3176571122567604,-1.042946718764942
0.8040457244514624,-0.2099544723635572,0.4837052055367609,-0.8703049551474681,-1.042946718764942
0.18963194766986688,0.8739814732525834,0.424789239780515,-0.6871806874082578,1.5910328919345555
-0.2654893684646483,-0.04530597429528254,-0.06287691133080574,-0.17294123142764484,2.3704650366144198
0.8040457244514624,-1.582025289599178,-0.38160714055193495,0.7126334469315663,-1.042946718764942
-1.4488047904143881,1.1621163448720637,-0.38160714055193495,0.643810038145521,-1.042946718764942
0.8040457244514624,-0.2099544723635572,0.4837052055367609,-0.9047166595404906,0.14718688838832467
0.7357775270312852,-0.03844562020910458,0.5897983102314862,0.4335410034467675,0.923099415303055
0.5537290005774789,0.9906074927176111,1.1374387528986876,-1.343501008762931,1.81932288632472
0.7130214612245592,1.1346749285273512,1.3722642328273882,-0.7665846872130894,0.8461794481051326
-0.2882454342713742,1.0249092631485015,0.1334538731110459,0.17451047143149254,1.4922366037904344
0.8040457244514624,-0.2099544723635572,0.4837052055367609,-1.0767751815056033,-1.042946718764942
0.8040457244514624,1.1621163448720637,1.3490175516254568,0.7470451513245885,-1.042946718764942
-1.4488047904143881,-1.582025289599178,-2.1122318327293264,0.6782217425385434,-1.042946718764942
-1.4488047904143881,-0.2099544723635572,-1.2469194866406308,1.1599856040408578,0.14718688838832467
0.7585335928380106,-0.10018880698470742,0.42842306325719537,-0.15222085350117287,1.4294303920416724
-0.08344084201084229,0.002716504307964081,-0.31138990379621284,-1.67383241569401,0.7495002232783865
0.8040457244514624,1.1621163448720637,1.3490175516254568,0.850280264503656,-1.042946718764942
-1.4488047904143881,-0.2099544723635572,-1.2469194866406308,0.7126334469315663,0.14718688838832467
-1.4488047904143881,-0.2099544723635572,-1.2469194866406308,0.850280264503656,0.14718688838832467
-0.01517264459066506,0.9494453682005427,0.41756961300807544,1.5030793830843079,2.0412616907627616
-1.4488047904143881,1.1621163448720637,-0.38160714055193495,0.7126334469315663,0.14718688838832467
0.8040457244514624,1.1621163448720637,1.3490175516254568,-0.8358932507544456,-1.042946718764942
0.8040457244514624,1.1621163448720637,1.3490175516254568,-1.0079517727195582,-1.042946718764942
-1.4488047904143881,-0.2099544723635572,-1.2469194866406308,0.919103673289701,-1.042946718764942
-1.4488047904143881,-1.582025289599178,-2.1122318327293264,-1.3176571122567604,0.14718688838832467
0.8040457244514624,1.1621163448720637,1.3490175516254568,0.9535153776827235,-1.042946718764942
0.8040457244514624,-1.582025289599178,-0.38160714055193495,0.7814568557176109,0.14718688838832467
-1.4488047904143881,1.1621163448720637,-0.38160714055193495,-1.352068816649783,0.14718688838832467
0.8040457244514624,1.1621163448720637,1.3490175516254568,0.8158685601106335,0.14718688838832467
0.8040457244514624,1.1621163448720637,1.3490175516254568,0.643810038145521,-1.042946718764942
0.8040457244514624,-1.582025289599178,-0.38160714055193495,-1.352068816649783,0.14718688838832467
0.8040457244514624,-1.582025289599178,-0.38160714055193495,-1.1111868858986256,0.14718688838832467
-1.4488047904143881,1.1621163448720637,-0.38160714055193495,1.1599856040408578,0.14718688838832467
0.8040457244514624,-0.2099544723635572,0.4837052055367609,0.8846919688966784,-1.042946718764942
0.6902653954178334,1.1278145744411732,1.1298492902016282,-0.7453604417247087,1.2484214784061949
0.781289658644737,0.9151435977696517,1.2872586348106685,1.3627272868677325,1.3937931595325432
0.8040457244514624,-1.582025289599178,-0.38160714055193495,-1.352068816649783,0.14718688838832467
0.21238801347659253,0.45549987399571906,0.2991618839251053,0.039235064010285585,1.3595673025683306
0.8040457244514624,1.1621163448720637,1.3490175516254568,0.7126334469315663,0.14718688838832467
0.8040457244514624,1.1621163448720637,1.3490175516254568,-1.0079517727195582,0.14718688838832467
0.8040457244514624,-0.2099544723635572,0.4837052055367609,-1.1111868858986256,-1.042946718764942
0.8040457244514624,-1.582025289599178,-0.38160714055193495,1.2976324216129478,-1.042946718764942
0.8040457244514624,-0.2099544723635572,0.4837052055367609,-1.4553039298288504,0.14718688838832467
0.8040457244514624,-0.2099544723635572,0.4837052055367609,-1.1111868858986256,0.14718688838832467
-1.4488047904143881,1.1621163448720637,-0.38160714055193495,0.850280264503656,-1.042946718764942
0.8040457244514624,-0.2099544723635572,0.4837052055367609,1.1255738996478362,0.14718688838832467
0.8040457244514624,-0.2099544723635572,0.4837052055367609,-1.3864805210428055,-1.042946718764942
0.8040457244514624,-0.2099544723635572,0.4837052055367609,-0.8703049551474681,-1.042946718764942
0.21238801347659253,0.13992358603152596,0.35712042630789886,1.0256866029087777,1.8701324059416957
0.8040457244514624,1.1621163448720637,1.3490175516254568,1.2976324216129478,-1.042946718764942
0.8040457244514624,1.1621163448720637,1.3490175516254568,-0.9047166595404906,0.14718688838832467
0.6219971979976562,-0.0864680988123512,0.6111279330803854,0.27201283709752244,1.480945599431107
0.053095552829512165,0.8602607650802268,0.43413134880355864,0.4295418125672004,1.8644869037620315
-1.4488047904143881,1.1621163448720637,-0.38160714055193495,1.2632207172199261,-1.042946718764942
0.8040457244514624,-1.582025289599178,-0.38160714055193495,-1.0767751815056033,0.14718688838832467
0.8040457244514624,-0.2099544723635572,0.4837052055367609,-1.4208922254358278,-1.042946718764942
-1.4488047904143881,-1.582025289599178,-2.1122318327293264,0.919103673289701,-1.042946718764942
0.8040457244514624,-0.2099544723635572,0.4837052055367609,0.7126334469315663,0.14718688838832467
0.8040457244514624,-1.582025289599178,-0.38160714055193495,0.850280264503656,-1.042946718764942
0.8040457244514624,1.1621163448720637,1.3490175516254568,-0.8014815463614231,-1.042946718764942
-1.4488047904143881,-0.2099544723635572,-1.2469194866406308,-0.7670698419684006,0.14718688838832467
0.053095552829512165,1.1483956366997077,1.0338807265949141,-0.6940562297866697,0.7911358018534083
-1.4488047904143881,-0.2099544723635572,-1.2469194866406308,0.9535153776827235,-1.042946718764942
0.8040457244514624,1.1621163448720637,1.3490175516254568,1.0911621952548136,-1.042946718764942
0.8040457244514624,1.1621163448720637,1.3490175516254568,-1.0423634771125805,-1.042946718764942
-1.4488047904143881,-1.582025289599178,-2.1122318327293264,0.8158685601106335,-1.042946718764942
0.8040457244514624,1.1621163448720637,1.3490175516254568,0.919103673289701,-1.042946718764942
0.8040457244514624,-0.2099544723635572,0.4837052055367609,1.2632207172199261,-1.042946718764942
0.8040457244514624,1.1621163448720637,1.3490175516254568,-0.9735400683265355,0.14718688838832467
0.8040457244514624,1.1621163448720637,1.3490175516254568,0.7126334469315663,0.14718688838832467
0.781289658644737,0.9288643059420082,0.9962161803008625,0.5146717438321832,1.1637389457112348
0.8040457244514624,-0.2099544723635572,0.4837052055367609,0.6093983337524984,0.14718688838832467
-0.2654893684646483,1.0660713876655703,0.2582434227078009,0.4870923734720065,1.8701324059416957
0.8040457244514624,-0.2099544723635572,0.4837052055367609,-1.1111868858986256,0.14718688838832467
-1.4488047904143881,1.1621163448720637,-0.38160714055193495,0.919103673289701,0.14718688838832467
-1.4488047904143881,-1.582025289599178,-2.1122318327293264,1.0223387864687679,0.14718688838832467
0.8040457244514624,-1.582025289599178,-0.38160714055193495,-1.0423634771125805,0.14718688838832467
0.8040457244514624,-0.2099544723635572,0.4837052055367609,-1.352068816649783,-1.042946718764942
0.8040457244514624,-0.2099544723635572,0.4837052055367609,0.850280264503656,-1.042946718764942
0.8040457244514624,-1.582025289599178,-0.38160714055193495,0.8158685601106335,0.14718688838832467
0.8040457244514624,-1.582025289599178,-0.38160714055193495,0.919103673289701,0.14718688838832467
0.8040457244514624,-1.582025289599178,-0.38160714055193495,-1.2488337034707155,-1.042946718764942
-0.12895297362429387,0.6338690802363499,0.34706251888675754,-0.02402879636046284,1.310522002382499
-1.4488047904143881,1.1621163448720637,-0.38160714055193495,0.919103673289701,0.14718688838832467
0.8040457244514624,1.1621163448720637,1.3490175516254568,0.7814568557176109,-1.042946718764942
-1.4488047904143881,-0.2099544723635572,-1.2469194866406308,0.9879270820757461,-1.042946718764942
0.8040457244514624,-1.582025289599178,-0.38160714055193495,1.2288090128269036,-1.042946718764942
0.8040457244514624,-0.2099544723635572,0.4837052055367609,-1.1111868858986256,0.14718688838832467
0.46270473735057627,0.9906074927176111,1.0094323394748206,0.44394312951659953,0.8027796500989659
-0.037928710397390715,-0.07274739063999498,-0.32732485023119084,-0.015753012120860863,1.4213149826584055
0.8040457244514624,-1.582025289599178,-0.38160714055193495,-1.0767751815056033,-1.042946718764942
-1.4488047904143881,-1.582025289599178,-2.1122318327293264,1.056750490861791,-1.042946718764942
-1.4488047904143881,-0.2099544723635572,-1.2469194866406308,0.850280264503656,0.14718688838832467
-0.3110015000780999,-0.011004203864392138,-0.1771188213339433,-0.5407232172485856,1.4682432195268629
-1.4488047904143881,-0.2099544723635572,-1.2469194866406308,0.850280264503656,0.14718688838832467
0.8040457244514624,-1.582025289599178,-0.38160714055193495,-1.145598590291648,-1.042946718764942
0.8040457244514624,-1.582025289599178,-0.38160714055193495,-1.3176571122567604,-1.042946718764942
-1.4488047904143881,-1.582025289599178,-2.1122318327293264,-0.9391283639335132,-1.042946718764942
0.28065621089677,0.6544501424948838,0.3783153206400296,-0.15327597469119802,1.8422577389296042
0.8040457244514624,-1.582025289599178,-0.38160714055193495,0.6782217425385434,0.14718688838832467
0.8040457244514624,-0.2099544723635572,0.4837052055367609,1.0911621952548136,0.14718688838832467
-1.4488047904143881,-1.582025289599178,-2.1122318327293264,-1.352068816649783,0.14718688838832467
0.8040457244514624,-1.582025289599178,-0.38160714055193495,0.7814568557176109,-1.042946718764942
-1.4488047904143881,1.1621163448720637,-0.38160714055193495,1.2976324216129478,0.14718688838832467
0.2579001450900441,0.6956122670119528,0.7460857750889611,0.1889049039546436,0.8761711784345984
0.23514407928331843,0.983747138631433,0.7911403165679268,0.9036541280653044,2.326006706949566
0.8040457244514624,-0.2099544723635572,0.4837052055367609,-0.7670698419684006,0.14718688838832467
-1.4488047904143881,1.1621163448720637,-0.38160714055193495,0.919103673289701,-1.042946718764942
0.8040457244514624,-0.2099544723635572,0.4837052055367609,-1.0767751815056033,-1.042946718764942
0.5537290005774789,-0.1344905774155981,0.35092500043769387,-0.7152408995408768,1.7011201844380035
0.8040457244514624,-0.2099544723635572,0.4837052055367609,-0.8358932507544456,0.14718688838832467
0.8040457244514624,-1.582025289599178,-0.38160714055193495,-1.4553039298288504,-1.042946718764942
0.8040457244514624,-0.2099544723635572,0.4837052055367609,0.7470451513245885,-1.042946718764942
0.8040457244514624,1.1621163448720637,1.3490175516254568,-1.4208922254358278,0.14718688838832467
-1.4488047904143881,1.1621163448720637,-0.38160714055193495,-0.8703049551474681,0.14718688838832467
0.8040457244514624,1.1621163448720637,1.3490175516254568,0.8846919688966784,-1.042946718764942
0.8040457244514624,1.1621163448720637,1.3490175516254568,1.2632207172199261,-1.042946718764942
-1.4488047904143881,1.1621163448720637,-0.38160714055193495,1.1599856040408578,0.14718688838832467
-0.1972211710444711,-0.16193199376031056,-0.06508493697155183,-0.5590925789812334,1.1196334599326094
-1.4488047904143881,-0.2099544723635572,-1.2469194866406308,-1.3176571122567604,-1.042946718764942
-1.4488047904143881,1.1621163448720637,-0.38160714055193495,-1.145598590291648,-1.042946718764942
-1.4488047904143881,-0.2099544723635572,-1.2469194866406308,1.2288090128269036,0.14718688838832467
0.8040457244514624,-1.582025289599178,-0.38160714055193495,-1.352068816649783,0.14718688838832467
0.8040457244514624,-1.582025289599178,-0.38160714055193495,-0.8703049551474681,0.14718688838832467
0.8040457244514624,1.1621163448720637,1.3490175516254568,-1.1111868858986256,0.14718688838832467
0.6219971979976562,0.9357246600281861,1.195089294474122,-1.0344861716054528,1.2664165166038743
0.8040457244514624,1.1621163448720637,1.3490175516254568,1.1255738996478362,0.14718688838832467
-1.4488047904143881,-0.2099544723635572,-1.2469194866406308,1.0911621952548136,0.14718688838832467
0.8040457244514624,-1.582025289599178,-0.38160714055193495,1.2632207172199261,-1.042946718764942
0.8040457244514624,-1.582025289599178,-0.38160714055193495,1.2288090128269036,0.14718688838832467
0.5992411321909308,0.7230536833566652,1.0227925669339162,-0.8513228815133959,1.92870449105571
-0.17446510523774542,0.22910818915184156,-0.2214751472167751,0.08371076524002188,1.0010779141596644
0.39443653993039907,-0.011004203864392138,0.503354734809068,-1.3590123845976934,1.9929220783493884
0.8040457244514624,1.1621163448720637,1.3490175516254568,-0.8358932507544456,-1.042946718764942
0.8040457244514624,-0.2099544723635572,0.4837052055367609,0.919103673289701,0.14718688838832467
0.8040457244514624,-0.2099544723635572,0.4837052055367609,-0.9391283639335132,0.14718688838832467
0.8040457244514624,-1.582025289599178,-0.38160714055193495,-1.2488337034707155,0.14718688838832467
-1.4488047904143881,-0.2099544723635572,-1.2469194866406308,0.6782217425385434,0.14718688838832467
-1.4488047904143881,-0.2099544723635572,-1.2469194866406308,-1.4208922254358278,-1.042946718764942
0.18963194766986688,0.5584051852883906,0.6238971126834643,0.27480265526678743,1.8606056210135125
-1.4488047904143881,1.1621163448720637,-0.38160714055193495,-0.8358932507544456,0.14718688838832467
-1.4488047904143881,-1.582025289599178,-2.1122318327293264,0.8846919688966784,-1.042946718764942
0.8040457244514624,-0.2099544723635572,0.4837052055367609,1.2976324216129478,0.14718688838832467
0.8040457244514624,-0.2099544723635572,0.4837052055367609,-1.0079517727195582,0.14718688838832467
-1.4488047904143881,1.1621163448720637,-0.38160714055193495,0.7470451513245885,-1.042946718764942
0.8040457244514624,1.1621163448720637,1.3490175516254568,1.0911621952548136,-1.042946718764942
0.8040457244514624,-0.2099544723635572,0.4837052055367609,0.7814568557176109,-1.042946718764942
0.1441198160564153,0.36631527087540344,0.05036359217005177,0.24519890785953274,1.7970937214922926
-1.4488047904143881,-1.582025289599178,-2.1122318327293264,-1.2144219990776928,-1.042946718764942
0.8040457244514624,1.1621163448720637,1.3490175516254568,0.9535153776827235,0.14718688838832467
-1.4488047904143881,-0.2099544723635572,-1.2469194866406308,-1.3176571122567604,0.14718688838832467
-1.4488047904143881,-1.582025289599178,-2.1122318327293264,0.9879270820757461,0.14718688838832467
-1.4488047904143881,-0.2099544723635572,-1.2469194866406308,0.9879270820757461,-1.042946718764942
-0.1061969078175682,-0.11390951515706364,-0.006523857117705031,-0.8473523796479439,1.98515951285235
-1.4488047904143881,-0.2099544723635572,-1.2469194866406308,1.0223387864687679,0.14718688838832467
-1.4488047904143881,1.1621163448720637,-0.38160714055193495,-1.4553039298288504,0.14718688838832467
0.8040457244514624,-1.582025289599178,-0.38160714055193495,-0.9047166595404906,-1.042946718764942
0.8040457244514624,1.1621163448720637,1.3490175516254568,0.9535153776827235,-1.042946718764942
-0.219977236851197,0.44863951990954076,-0.035369586611844285,-0.5610374336269217,0.7770220464042487
-1.4488047904143881,-0.2099544723635572,-1.2469194866406308,-0.9391283639335132,-1.042946718764942
-1.4488047904143881,-0.2099544723635572,-1.2469194866406308,0.9535153776827235,-1.042946718764942
-1.4488047904143881,1.1621163448720637,-0.38160714055193495,0.643810038145521,0.14718688838832467
-1.4488047904143881,1.1621163448720637,-0.38160714055193495,1.0223387864687679,-1.042946718764942
0.8040457244514624,-0.2099544723635572,0.4837052055367609,1.2288090128269036,-1.042946718764942
0.8040457244514624,-1.582025289599178,-0.38160714055193495,0.7814568557176109,-1.042946718764942
-1.4488047904143881,-0.2099544723635572,-1.2469194866406308,1.1599856040408578,-1.042946718764942
0.8040457244514624,-1.582025289599178,-0.38160714055193495,0.8846919688966784,0.14718688838832467
0.8040457244514624,1.1621163448720637,1.3490175516254568,1.2288090128269036,-1.042946718764942
-0.219977236851197,0.9220039518558302,0.45909085146053225,-0.4303960179034569,2.400103923057656
0.8040457244514624,1.1621163448720637,1.3490175516254568,-1.145598590291648,0.14718688838832467
0.030339487022786507,1.1278145744411732,1.0223236311712183,0.055787998099009674,1.87930634698365
0.8040457244514624,1.1621163448720637,1.3490175516254568,-1.3864805210428055,0.14718688838832467
-1.4488047904143881,-0.2099544723635572,-1.2469194866406308,-0.7670698419684006,0.14718688838832467
-1.4488047904143881,-1.582025289599178,-2.1122318327293264,-1.0423634771125805,0.14718688838832467
0.8040457244514624,1.1621163448720637,1.3490175516254568,1.2288090128269036,0.14718688838832467
0.21238801347659253,1.0866524499241041,0.6994878591937097,-1.3040203004581927,0.8221860638415611
-1.4488047904143881,-1.582025289599178,-2.1122318327293264,0.6093983337524984,0.14718688838832467
-1.4488047904143881,-0.2099544723635572,-1.2469194866406308,1.1599856040408578,-1.042946718764942
0.8040457244514624,-0.2099544723635572,0.4837052055367609,-1.4208922254358278,0.14718688838832467
0.8040457244514624,1.1621163448720637,1.3490175516254568,0.9879270820757461,-1.042946718764942
0.8040457244514624,-1.582025289599178,-0.38160714055193495,1.2632207172199261,0.14718688838832467
-0.037928710397390715,0.057599336997388964,-0.1046705540503713,-1.5595198377046275,1.9773969473553124
0.8040457244514624,-1.582025289599178,-0.38160714055193495,1.2288090128269036,0.14718688838832467
0.8040457244514624,-0.2099544723635572,0.4837052055367609,-1.0423634771125805,0.14718688838832467
-1.4488047904143881,-1.582025289599178,-2.1122318327293264,0.7470451513245885,-1.042946718764942
0.8040457244514624,1.1621163448720637,1.3490175516254568,-0.8358932507544456,-1.042946718764942
-1.4488047904143881,1.1621163448720637,-0.38160714055193495,-1.352068816649783,-1.042946718764942
0.8040457244514624,-0.2099544723635572,0.4837052055367609,-1.2488337034707155,-1.042946718764942
0.8040457244514624,-1.582025289599178,-0.38160714055193495,0.9879270820757461,0.14718688838832467
0.8040457244514624,-1.582025289599178,-0.38160714055193495,0.6782217425385434,-1.042946718764942
-1.4488047904143881,-1.582025289599178,-2.1122318327293264,-0.8014815463614231,-1.042946718764942
0.16687588186314095,-0.18251305601884474,0.2385720299958666,0.9537905125292054,1.760750801210705
-1.4488047904143881,-0.2099544723635572,-1.2469194866406308,0.7126334469315663,0.14718688838832467
0.8040457244514624,-0.2099544723635572,0.4837052055367609,-0.8358932507544456,-1.042946718764942
0.46270473735057627,-0.1207698692432419,0.04853370113962693,-0.7634280882257231,1.1933778321544704
-1.4488047904143881,1.1621163448720637,-0.38160714055193495,-1.4208922254358278,-1.042946718764942
0.8040457244514624,-1.582025289599178,-0.38160714055193495,-1.0767751815056033,-1.042946718764942
-1.4488047904143881,-0.2099544723635572,-1.2469194866406308,0.6093983337524984,-1.042946718764942
0.8040457244514624,1.1621163448720637,1.3490175516254568,-1.2144219990776928,-1.042946718764942
0.8040457244514624,1.1621163448720637,1.3490175516254568,1.1943973084338804,0.14718688838832467
-1.4488047904143881,1.1621163448720637,-0.38160714055193495,-0.7670698419684006,-1.042946718764942
0.7357775270312852,0.29771173001362267,0.8817716603125354,-0.840684497841346,2.32812377026694
-1.4488047904143881,-0.2099544723635572,-1.2469194866406308,0.7814568557176109,-1.042946718764942
-1.4488047904143881,-0.2099544723635572,-1.2469194866406308,0.9535153776827235,0.14718688838832467
0.5082168689640276,0.09876146151445762,0.5427467727508187,0.4985556061467078,1.0109575429740765
-1.4488047904143881,-1.582025289599178,-2.1122318327293264,1.1599856040408578,0.14718688838832467
0.8040457244514624,-1.582025289599178,-0.38160714055193495,0.6782217425385434,-1.042946718764942
-1.4488047904143881,-1.582025289599178,-2.1122318327293264,-1.145598590291648,0.14718688838832467
0.8040457244514624,-0.2099544723635572,0.4837052055367609,-1.4208922254358278,-1.042946718764942
-1.4488047904143881,-0.2099544723635572,-1.2469194866406308,0.643810038145521,-1.042946718764942
-0.1061969078175682,-0.11390951515706364,-0.4246242428752229,0.24655323951354377,2.3263595508357953
-0.01517264459066506,-0.07960774472617324,0.10590211624375287,0.7137396085655806,1.5903272041620977
0.8040457244514624,-1.582025289599178,-0.38160714055193495,-0.8703049551474681,-1.042946718764942
0.8040457244514624,-1.582025289599178,-0.38160714055193495,1.1599856040408578,0.14718688838832467
-1.4488047904143881,-0.2099544723635572,-1.2469194866406308,1.1599856040408578,0.14718688838832467
0.781289658644737,1.1346749285273512,1.6042241273884217,-1.431802643461684,2.4212745562313964
-1.4488047904143881,-1.582025289599178,-2.1122318327293264,-1.2488337034707155,-1.042946718764942
-1.4488047904143881,1.1621163448720637,-0.38160714055193495,0.850280264503656,-1.042946718764942
-1.4488047904143881,1.1621163448720637,-0.38160714055193495,-1.3176571122567604,0.14718688838832467
0.8040457244514624,-1.582025289599178,-0.38160714055193495,-1.0079517727195582,0.14718688838832467
0.8040457244514624,-0.2099544723635572,0.4837052055367609,0.919103673289701,0.14718688838832467
0.8040457244514624,-0.2099544723635572,0.4837052055367609,-1.0079517727195582,0.14718688838832467
0.39443653993039907,-0.03844562020910458,0.2285645329834676,1.1599547710500704,2.3401204623987253
0.41719260573712447,0.35259456270304723,0.7497219670792071,0.1728363194635925,2.045495817397509
-1.4488047904143881,-1.582025289599178,-2.1122318327293264,0.9535153776827235,-1.042946718764942
0.8040457244514624,1.1621163448720637,1.3490175516254568,1.1943973084338804,-1.042946718764942
-0.2882454342713742,0.38003597904775965,0.06572203708820831,0.4331977793095031,0.7932528651707825
-0.15170903943101952,0.8053779323908025,0.16083784463066023,0.9625043742203993,2.4343297800218697
0.8040457244514624,1.1621163448720637,1.3490175516254568,-0.8358932507544456,0.14718688838832467
0.5992411321909308,0.7642158078737336,0.6702019231677062,-0.9417756053497813,1.8154416035762007
-1.4488047904143881,-0.2099544723635572,-1.2469194866406308,-1.1111868858986256,0.14718688838832467
0.3034122767034954,0.983747138631433,1.000184163221295,-1.188108628985371,2.454794725423151
0.48546080315730167,0.27027031366891024,0.7494639957000268,0.403532016734069,1.8344951734325667
0.8040457244514624,1.1621163448720637,1.3490175516254568,0.7126334469315663,-1.042946718764942
0.030339487022786507,0.0507389829112107,-0.13548171472811016,-1.1019443339704909,1.9918635466907013
0.8040457244514624,1.1621163448720637,1.3490175516254568,-1.145598590291648,-1.042946718764942
-1.4488047904143881,-1.582025289599178,-2.1122318327293264,-1.0767751815056033,0.14718688838832467
-1.4488047904143881,-1.582025289599178,-2.1122318327293264,1.0911621952548136,0.14718688838832467
-1.4488047904143881,-0.2099544723635572,-1.2469194866406308,-0.7670698419684006,0.14718688838832467
0.8040457244514624,1.1621163448720637,1.3490175516254568,0.919103673289701,0.14718688838832467
-1.4488047904143881,-1.582025289599178,-2.1122318327293264,0.919103673289701,-1.042946718764942
0.8040457244514624,-0.2099544723635572,0.4837052055367609,0.6093983337524984,-1.042946718764942
0.8040457244514624,1.1621163448720637,1.3490175516254568,0.7470451513245885,-1.042946718764942
0.8040457244514624,-1.582025289599178,-0.38160714055193495,1.1599856040408578,0.14718688838832467
0.8040457244514624,-1.582025289599178,-0.38160714055193495,-1.0423634771125805,0.14718688838832467
-1.4488047904143881,1.1621163448720637,-0.38160714055193495,1.0911621952548136,-1.042946718764942
0.8040457244514624,1.1621163448720637,1.3490175516254568,-0.8703049551474681,-1.042946718764942
0.8040457244514624,1.1621163448720637,1.3490175516254568,-1.1111868858986256,0.14718688838832467
0.8040457244514624,-1.582025289599178,-0.38160714055193495,-1.3864805210428055,0.14718688838832467
-1.4488047904143881,-0.2099544723635572,-1.2469194866406308,-0.7670698419684006,0.14718688838832467
0.8040457244514624,-1.582025289599178,-0.38160714055193495,0.6782217425385434,-1.042946718764942
0.8040457244514624,-1.582025289599178,-0.38160714055193495,0.9879270820757461,0.14718688838832467
-1.4488047904143881,-0.2099544723635572,-1.2469194866406308,0.8158685601106335,-1.042946718764942
-0.2654893684646483,0.8259589946493364,0.5042422475700447,1.385374502290171,0.7861959874462027
0.8040457244514624,-1.582025289599178,-0.38160714055193495,0.6093983337524984,-1.042946718764942
-1.4488047904143881,-0.2099544723635572,-1.2469194866406308,0.6093983337524984,0.14718688838832467
0.8040457244514624,-0.2099544723635572,0.4837052055367609,-1.4553039298288504,0.14718688838832467
-1.4488047904143881,1.1621163448720637,-0.38160714055193495,1.0223387864687679,0.14718688838832467
0.8040457244514624,1.1621163448720637,1.3490175516254568,0.7126334469315663,-1.042946718764942
-1.4488047904143881,1.1621163448720637,-0.38160714055193495,-1.0079517727195582,0.14718688838832467
0.07585161863623807,0.6064276638916375,0.42733278200761415,0.5508908098383225,0.8105422155960035
0.3489244083169472,-0.03158526612292662,0.15690941444367162,-0.5330346578339048,1.9227061449898166
-1.4488047904143881,-0.2099544723635572,-1.2469194866406308,0.7470451513245885,0.14718688838832467
0.8040457244514624,-1.582025289599178,-0.38160714055193495,-1.1800102946846704,0.14718688838832467
-1.4488047904143881,1.1621163448720637,-0.38160714055193495,1.1943973084338804,0.14718688838832467
0.8040457244514624,-0.2099544723635572,0.4837052055367609,-1.145598590291648,0.14718688838832467
0.8040457244514624,-0.2099544723635572,0.4837052055367609,-1.0423634771125805,-1.042946718764942
-1.4488047904143881,1.1621163448720637,-0.38160714055193495,-0.9391283639335132,-1.042946718764942
-1.4488047904143881,-1.582025289599178,-2.1122318327293264,1.2632207172199261,-1.042946718764942
0.8040457244514624,-1.582025289599178,-0.38160714055193495,-1.4553039298288504,0.14718688838832467
0.8040457244514624,-1.582025289599178,-0.38160714055193495,0.919103673289701,0.14718688838832467
0.8040457244514624,-0.2099544723635572,0.4837052055367609,-1.2488337034707155,0.14718688838832467
0.8040457244514624,-1.582025289599178,-0.38160714055193495,0.643810038145521,-1.042946718764942
0.8040457244514624,-1.582025289599178,-0.38160714055193495,1.1255738996478362,-1.042946718764942
-0.08344084201084229,0.13992358603152596,0.2517862438107117,0.7783622449635882,1.9982147366428233
-0.2654893684646483,0.21538748097948535,-0.19692450862610703,0.8175695540033813,2.0987752442180887
0.8040457244514624,1.1621163448720637,1.3490175516254568,0.850280264503656,-1.042946718764942
-0.17446510523774542,-0.16879234784648853,0.045892558692655405,-0.7705987690306679,0.8370055070631786
-1.4488047904143881,-1.582025289599178,-2.1122318327293264,1.1599856040408578,-1.042946718764942
0.8040457244514624,-0.2099544723635572,0.4837052055367609,0.643810038145521,-1.042946718764942
0.8040457244514624,1.1621163448720637,1.3490175516254568,-0.9391283639335132,0.14718688838832467
-1.4488047904143881,1.1621163448720637,-0.38160714055193495,0.6093983337524984,0.14718688838832467
0.8040457244514624,-1.582025289599178,-0.38160714055193495,0.8846919688966784,-1.042946718764942
-0.01517264459066506,0.5789862475469251,0.49970518686249804,1.0803095392158806,0.7741992953144166
0.8040457244514624,-0.2099544723635572,0.4837052055367609,0.8158685601106335,0.14718688838832467
0.8040457244514624,-1.582025289599178,-0.38160714055193495,0.7814568557176109,0.14718688838832467
-1.4488047904143881,-0.2099544723635572,-1.2469194866406308,0.7126334469315663,-1.042946718764942
-1.4488047904143881,-0.2099544723635572,-1.2469194866406308,1.0223387864687679,-1.042946718764942
0.5764850663842048,0.43491881173718455,0.8246887645657275,-1.517292040377853,1.0081347918842452
-1.4488047904143881,-0.2099544723635572,-1.2469194866406308,1.1599856040408578,0.14718688838832467
0.28065621089677,0.40061704130629416,0.3369029764520306,0.2636106338054326,0.7689066370209817
-1.4488047904143881,1.1621163448720637,-0.38160714055193495,0.8846919688966784,-1.042946718764942
-1.4488047904143881,1.1621163448720637,-0.38160714055193495,-1.0079517727195582,0.14718688838832467
0.8040457244514624,-0.2099544723635572,0.4837052055367609,-1.4208922254358278,-1.042946718764942
0.8040457244514624,-1.582025289599178,-0.38160714055193495,0.8846919688966784,0.14718688838832467
0.8040457244514624,0.256549605496554,1.0462640574571735,-0.9192868854486016,0.8278315660212245
-1.4488047904143881,-1.582025289599178,-2.1122318327293264,-0.8358932507544456,0.14718688838832467
0.8040457244514624,-0.2099544723635572,0.4837052055367609,-1.4553039298288504,0.14718688838832467
0.8040457244514624,-1.582025289599178,-0.38160714055193495,-0.8358932507544456,0.14718688838832467
0.8040457244514624,-0.2099544723635572,0.4837052055367609,1.2632207172199261,-1.042946718764942
0.39443653993039907,-0.0178645579505704,0.40113261179981274,-0.338223240421107,1.1531536291243643
0.8040457244514624,1.1621163448720637,1.3490175516254568,-1.2488337034707155,-1.042946718764942
0.23514407928331843,0.6613104965810618,0.7437773527313577,-1.3773912478379673,0.8599403596680637
-1.4488047904143881,1.1621163448720637,-0.38160714055193495,0.6782217425385434,0.14718688838832467
-1.4488047904143881,1.1621163448720637,-0.38160714055193495,1.2632207172199261,-1.042946718764942
0.8040457244514624,1.1621163448720637,1.3490175516254568,0.643810038145521,0.14718688838832467
0.8040457244514624,1.1621163448720637,1.3490175516254568,0.9535153776827235,0.14718688838832467
0.8040457244514624,-0.2099544723635572,0.4837052055367609,-1.0767751815056033,0.14718688838832467
0.37168047412367267,-0.03158526612292662,0.21258429549376368,-0.5263199498529164,1.9819839178762895
0.7130214612245592,0.8053779323908025,1.1614130324181335,0.7760168912709473,1.6376082849167837
0.8040457244514624,1.1621163448720637,1.3490175516254568,0.9879270820757461,0.14718688838832467
0.8040457244514624,-1.582025289599178,-0.38160714055193495,-0.7670698419684006,0.14718688838832467
0.667509329611108,0.4417791658233628,1.0168475408518207,0.7894555177000765,1.3976744422810625
0.8040457244514624,1.1621163448720637,1.3490175516254568,1.0911621952548136,-1.042946718764942
0.8040457244514624,-0.2099544723635572,0.4837052055367609,0.8158685601106335,-1.042946718764942
-1.4488047904143881,1.1621163448720637,-0.38160714055193495,-1.0767751815056033,0.14718688838832467
-0.17446510523774542,0.6613104965810618,0.4903269972315999,-0.9339295594664188,1.0409492733035421
-1.4488047904143881,1.1621163448720637,-0.38160714055193495,0.6093983337524984,0.14718688838832467
0.8040457244514624,-1.582025289599178,-0.38160714055193495,0.643810038145521,-1.042946718764942
0.8040457244514624,-0.2099544723635572,0.4837052055367609,-1.4553039298288504,-1.042946718764942
0.8040457244514624,-0.2099544723635572,0.4837052055367609,0.6782217425385434,-1.042946718764942
-1.4488047904143881,1.1621163448720637,-0.38160714055193495,-1.4208922254358278,0.14718688838832467
0.28065621089677,0.8465400569078708,0.6770969509526497,-0.7824066269450783,1.5465745622697018
-1.4488047904143881,-1.582025289599178,-2.1122318327293264,0.6782217425385434,0.14718688838832467
0.00758342121606085,0.13992358603152596,0.0828419621147656,0.09029119053556596,1.9251760521934203
0.12136375024968965,1.0317696172346793,0.9503093424347259,0.939643766208462,1.1492723463758452
-1.4488047904143881,-0.2099544723635572,-1.2469194866406308,-0.8014815463614231,0.14718688838832467
0.8040457244514624,-1.582025289599178,-0.38160714055193495,-0.9047166595404906,0.14718688838832467
0.8040457244514624,0.22224783506566329,0.6062741050580068,-0.7603902632045882,2.465380042010022
0.16687588186314095,1.0935128040102828,0.8046993115812078,-1.0157561077911867,1.6217303100364784
0.8040457244514624,1.1621163448720637,1.3490175516254568,-0.8703049551474681,0.14718688838832467
0.8040457244514624,-0.2099544723635572,0.4837052055367609,-1.1800102946846704,-1.042946718764942
0.8040457244514624,-0.2099544723635572,0.4837052055367609,1.1255738996478362,-1.042946718764942
0.8040457244514624,-1.582025289599178,-0.38160714055193495,-1.0767751815056033,0.14718688838832467
0.09860768444296374,0.03701827473885448,0.2651205051206479,-0.46196473764818713,2.0984224003318594
-1.4488047904143881,-0.2099544723635572,-1.2469194866406308,0.8846919688966784,0.14718688838832467
0.8040457244514624,0.28399102184126646,0.6651834796501421,-1.1476533418758885,1.3701526191552003
0.5082168689640276,-0.12763022332941987,0.2175178870680688,-0.6006680288427827,1.425549109293154
0.8040457244514624,-1.582025289599178,-0.38160714055193495,1.056750490861791,-1.042946718764942
-1.4488047904143881,-1.582025289599178,-2.1122318327293264,0.850280264503656,-1.042946718764942
-1.4488047904143881,-0.2099544723635572,-1.2469194866406308,1.1255738996478362,-1.042946718764942
0.8040457244514624,1.1621163448720637,1.3490175516254568,-1.0767751815056033,-1.042946718764942
-1.4488047904143881,-0.2099544723635572,-1.2469194866406308,-0.9391283639335132,0.14718688838832467
0.8040457244514624,-1.582025289599178,-0.38160714055193495,-1.145598590291648,-1.042946718764942
0.8040457244514624,-0.2099544723635572,0.4837052055367609,0.6093983337524984,0.14718688838832467
0.41719260573712447,0.6338690802363499,0.9282048990161521,-0.8530086267774226,2.022560964792624
-1.4488047904143881,1.1621163448720637,-0.38160714055193495,-0.8703049551474681,0.14718688838832467
0.8040457244514624,-0.2099544723635572,0.4837052055367609,0.6782217425385434,-1.042946718764942
-1.4488047904143881,1.1621163448720637,-0.38160714055193495,1.1943973084338804,-1.042946718764942
-0.219977236851197,0.8671211191664053,0.18905633244011008,0.7854586208339996,2.313304327045322
-0.037928710397390715,0.6887519129257742,0.6525830104522671,-0.8744583299150855,2.012681335978212
0.8040457244514624,-1.582025289599178,-0.38160714055193495,-1.145598590291648,0.14718688838832467
0.2579001450900441,1.1483956366997077,0.6912175395543353,-0.838038927351709,2.061726636164043
-1.4488047904143881,1.1621163448720637,-0.38160714055193495,-1.1111868858986256,-1.042946718764942
0.8040457244514624,1.1621163448720637,1.3490175516254568,0.643810038145521,-1.042946718764942
0.8040457244514624,-0.2099544723635572,0.4837052055367609,-1.2488337034707155,0.14718688838832467
0.8040457244514624,-1.582025289599178,-0.38160714055193495,-0.9735400683265355,-1.042946718764942
-1.4488047904143881,-1.582025289599178,-2.1122318327293264,-1.352068816649783,0.14718688838832467
-1.4488047904143881,-0.2099544723635572,-1.2469194866406308,1.1599856040408578,-1.042946718764942
0.8040457244514624,0.5789862475469251,0.8918860834541924,-0.8864767317699737,2.3884600748120994
0.8040457244514624,-1.582025289599178,-0.38160714055193495,0.6093983337524984,-1.042946718764942
0.8040457244514624,1.1621163448720637,1.3490175516254568,0.643810038145521,-1.042946718764942
0.8040457244514624,-1.582025289599178,-0.38160714055193495,1.0911621952548136,-1.042946718764942
0.5082168689640276,0.6338690802363499,0.8595391155656661,-1.203442107860608,1.657014698659379
0.8040457244514624,-1.582025289599178,-0.38160714055193495,1.056750490861791,0.14718688838832467
0.8040457244514624,1.1621163448720637,1.3490175516254568,-1.3176571122567604,-1.042946718764942
0.8040457244514624,1.1621163448720637,1.3490175516254568,0.6093983337524984,-1.042946718764942
0.16687588186314095,0.24282889732419777,0.21051888818431416,-1.3356821981671823,1.9710457574031905
0.8040457244514624,-0.2099544723635572,0.4837052055367609,0.850280264503656,-1.042946718764942
-1.4488047904143881,1.1621163448720637,-0.38160714055193495,0.850280264503656,0.14718688838832467
0.8040457244514624,-1.582025289599178,-0.38160714055193495,-0.8703049551474681,-1.042946718764942
0.8040457244514624,1.1621163448720637,1.3490175516254568,1.056750490861791,0.14718688838832467
0.39443653993039907,1.0935128040102828,0.8232882936635733,0.46187260493712473,1.4915309160179773
-1.4488047904143881,-0.2099544723635572,-1.2469194866406308,1.2288090128269036,-1.042946718764942
0.8040457244514624,-0.2099544723635572,0.4837052055367609,1.2632207172199261,0.14718688838832467
0.8040457244514624,-0.2099544723635572,0.4837052055367609,-1.2144219990776928,-1.042946718764942
-1.4488047904143881,1.1621163448720637,-0.38160714055193495,0.6093983337524984,-1.042946718764942
-1.4488047904143881,-0.2099544723635572,-1.2469194866406308,-1.4208922254358278,0.14718688838832467
0.8040457244514624,1.1621163448720637,1.3490175516254568,0.7126334469315663,0.14718688838832467
0.7357775270312852,0.9906074927176111,1.4788049158677947,-0.1440578467689783,1.4216678265446347
0.8040457244514624,-1.582025289599178,-0.38160714055193495,-1.2488337034707155,-1.042946718764942
0.6902653954178334,0.16050464829006045,0.897900826517007,0.037162627172572266,1.5299908996169385
0.8040457244514624,-1.582025289599178,-0.38160714055193495,0.8158685601106335,-1.042946718764942
-1.4488047904143881,-0.2099544723635572,-1.2469194866406308,-0.9735400683265355,-1.042946718764942
0.8040457244514624,-0.2099544723635572,0.4837052055367609,1.1255738996478362,0.14718688838832467
0.8040457244514624,1.1621163448720637,1.3490175516254568,-1.4208922254358278,-1.042946718764942
0.8040457244514624,-0.2099544723635572,0.4837052055367609,-1.145598590291648,-1.042946718764942
-1.4488047904143881,1.1621163448720637,-0.38160714055193495,0.9535153776827235,0.14718688838832467
0.8040457244514624,1.1621163448720637,1.3490175516254568,-1.3864805210428055,-1.042946718764942
-1.4488047904143881,-0.2099544723635572,-1.2469194866406308,0.8158685601106335,0.14718688838832467
-1.4488047904143881,-0.2099544723635572,-1.2469194866406308,-1.3864805210428055,0.14718688838832467
-1.4488047904143881,-0.2099544723635572,-1.2469194866406308,-1.2832454078637379,-1.042946718764942
0.8040457244514624,-0.2099544723635572,0.4837052055367609,-0.8358932507544456,-1.042946718764942
0.8040457244514624,1.1621163448720637,1.3490175516254568,-0.9391283639335132,0.14718688838832467
0.8040457244514624,-0.2099544723635572,0.4837052055367609,1.0911621952548136,-1.042946718764942
0.8040457244514624,-0.2099544723635572,0.4837052055367609,0.6782217425385434,0.14718688838832467
0.8040457244514624,1.1621163448720637,1.3490175516254568,0.7126334469315663,-1.042946718764942
0.8040457244514624,-1.582025289599178,-0.38160714055193495,1.2288090128269036,0.14718688838832467
0.8040457244514624,-1.582025289599178,-0.38160714055193495,-1.4553039298288504,-1.042946718764942
-1.4488047904143881,-1.582025289599178,-2.1122318327293264,-0.7670698419684006,0.14718688838832467
0.8040457244514624,-0.2099544723635572,0.4837052055367609,-1.145598590291648,0.14718688838832467
-0.2882454342713742,0.48294129034043115,0.2306547386632901,-0.151509643210347,1.346159234891628
0.8040457244514624,-1.582025289599178,-0.38160714055193495,0.7814568557176109,-1.042946718764942
-1.4488047904143881,-1.582025289599178,-2.1122318327293264,-0.9391283639335132,0.14718688838832467
0.8040457244514624,-0.2099544723635572,0.4837052055367609,0.919103673289701,0.14718688838832467
-1.4488047904143881,-0.2099544723635572,-1.2469194866406308,-1.145598590291648,0.14718688838832467
0.16687588186314095,0.9563057222867206,0.618654511240551,-1.425322926000242,1.4262547970656119
-1.4488047904143881,1.1621163448720637,-0.38160714055193495,0.8846919688966784,0.14718688838832467
0.8040457244514624,-1.582025289599178,-0.38160714055193495,1.1255738996478362,0.14718688838832467
0.5082168689640276,0.44863951990954076,0.6418739708710002,0.22436712503949022,1.8750722203489014
-1.4488047904143881,-1.582025289599178,-2.1122318327293264,1.2288090128269036,0.14718688838832467
0.8040457244514624,-1.582025289599178,-0.38160714055193495,0.6093983337524984,0.14718688838832467
0.8040457244514624,-0.2099544723635572,0.4837052055367609,0.8846919688966784,0.14718688838832467
0.8040457244514624,1.1621163448720637,1.3490175516254568,1.0223387864687679,-1.042946718764942
-1.4488047904143881,-0.2099544723635572,-1.2469194866406308,-1.3864805210428055,0.14718688838832467
0.8040457244514624,-0.2099544723635572,0.4837052055367609,-1.1800102946846704,0.14718688838832467
0.053095552829512165,0.3114324381859786,0.3458433314378979,1.370620504471118,1.2692392676937057
-1.4488047904143881,-0.2099544723635572,-1.2469194866406308,1.1599856040408578,-1.042946718764942
-1.4488047904143881,-0.2099544723635572,-1.2469194866406308,-0.7670698419684006,0.14718688838832467
-1.4488047904143881,1.1621163448720637,-0.38160714055193495,1.2632207172199261,0.14718688838832467
0.8040457244514624,0.7847968701322681,0.9819176674826828,-0.5855942826096335,2.25755499302114
0.8040457244514624,-1.582025289599178,-0.38160714055193495,0.9535153776827235,-1.042946718764942
0.8040457244514624,1.1621163448720637,1.3490175516254568,1.1255738996478362,-1.042946718764942
-1.4488047904143881,-0.2099544723635572,-1.2469194866406308,1.0223387864687679,-1.042946718764942
0.43994867154384987,0.6201483720639934,0.557634944031614,0.11439086685576949,1.7533410795998965
-1.4488047904143881,-1.582025289599178,-2.1122318327293264,-0.7670698419684006,-1.042946718764942
-1.4488047904143881,1.1621163448720637,-0.38160714055193495,0.8846919688966784,-1.042946718764942
0.8040457244514624,1.1621163448720637,1.3490175516254568,-1.1111868858986256,-1.042946718764942
-1.4488047904143881,1.1621163448720637,-0.38160714055193495,-1.2144219990776928,0.14718688838832467
-1.4488047904143881,1.1621163448720637,-0.38160714055193495,1.1943973084338804,0.14718688838832467
0.8040457244514624,-1.582025289599178,-0.38160714055193495,0.919103673289701,-1.042946718764942
0.46270473735057627,0.9906074927176111,1.1462823604166896,0.4586438324258095,0.9527383017462915
0.8040457244514624,-1.582025289599178,-0.38160714055193495,-1.2488337034707155,-1.042946718764942
0.41719260573712447,0.13992358603152596,0.5780374229137029,0.27417905385707886,2.38810723092587
0.8040457244514624,1.1621163448720637,1.3490175516254568,-1.352068816649783,-1.042946718764942
-1.4488047904143881,-1.582025289599178,-2.1122318327293264,0.7126334469315663,0.14718688838832467
0.5082168689640276,0.9631660763728985,1.2035089388622116,-0.0753665745034117,1.2219581869390197
-1.4488047904143881,1.1621163448720637,-0.38160714055193495,0.9535153776827235,-1.042946718764942
0.8040457244514624,-1.582025289599178,-0.38160714055193495,-1.3176571122567604,0.14718688838832467
0.8040457244514624,1.1621163448720637,1.3490175516254568,1.2632207172199261,0.14718688838832467
0.8040457244514624,-0.2099544723635572,0.4837052055367609,-0.8014815463614231,-1.042946718764942
0.8040457244514624,-0.2099544723635572,0.4837052055367609,1.0911621952548136,0.14718688838832467
-0.08344084201084229,0.6270087261501713,0.16265433568869844,0.23687042855876184,1.0218957034471754
0.8040457244514624,-0.2099544723635572,0.4837052055367609,1.1943973084338804,0.14718688838832467
0.8040457244514624,-1.582025289599178,-0.38160714055193495,1.2632207172199261,-1.042946718764942
-1.4488047904143881,-0.2099544723635572,-1.2469194866406308,0.9535153776827235,0.14718688838832467
-1.4488047904143881,-0.2099544723635572,-1.2469194866406308,1.0223387864687679,0.14718688838832467
0.3034122767034954,0.057599336997388964,0.19876222713938757,0.30423621759574904,2.033499125265724
-1.4488047904143881,-0.2099544723635572,-1.2469194866406308,-0.9047166595404906,0.14718688838832467
0.8040457244514624,-1.582025289599178,-0.38160714055193495,0.643810038145521,-1.042946718764942
0.8040457244514624,-0.2099544723635572,0.4837052055367609,1.2976324216129478,0.14718688838832467
-1.4488047904143881,-0.2099544723635572,-1.2469194866406308,-1.1111868858986256,-1.042946718764942
0.3261683425102213,0.24282889732419777,0.21394938959851245,0.5220893604552345,1.658073230318066
0.8040457244514624,-1.582025289599178,-0.38160714055193495,-0.9047166595404906,-1.042946718764942
0.5764850663842048,0.23596854323801952,0.558665220770333,-0.010731091929313956,1.2290150646635996
-1.4488047904143881,1.1621163448720637,-0.38160714055193495,-0.9391283639335132,0.14718688838832467
0.8040457244514624,1.1621163448720637,1.3490175516254568,1.0911621952548136,0.14718688838832467
0.8040457244514624,-0.2099544723635572,0.4837052055367609,0.6782217425385434,0.14718688838832467
0.8040457244514624,1.1621163448720637,1.3490175516254568,0.8846919688966784,-1.042946718764942
-1.4488047904143881,1.1621163448720637,-0.38160714055193495,-1.145598590291648,-1.042946718764942
0.8040457244514624,-0.2099544723635572,0.4837052055367609,1.1943973084338804,0.14718688838832467
0.8040457244514624,-0.2099544723635572,0.4837052055367609,-0.9391283639335132,-1.042946718764942
0.8040457244514624,-0.2099544723635572,0.4837052055367609,-1.3176571122567604,-1.042946718764942
0.8040457244514624,-0.2099544723635572,0.4837052055367609,-0.9391283639335132,-1.042946718764942
0.8040457244514624,1.1621163448720637,1.3490175516254568,-0.9735400683265355,-1.042946718764942
-1.4488047904143881,-0.2099544723635572,-1.2469194866406308,-1.0767751815056033,0.14718688838832467
0.8040457244514624,-0.2099544723635572,0.4837052055367609,-0.7670698419684006,0.14718688838832467
0.8040457244514624,-0.2099544723635572,0.4837052055367609,0.643810038145521,-1.042946718764942
0.8040457244514624,-0.2099544723635572,0.4837052055367609,-0.8703049551474681,0.14718688838832467
-0.24273330265792264,0.2908513759274444,-0.11512259640043342,0.35448555322406994,1.8041505992168725
0.8040457244514624,-1.582025289599178,-0.38160714055193495,0.9879270820757461,0.14718688838832467
0.8040457244514624,1.1621163448720637,1.3490175516254568,-0.8014815463614231,0.14718688838832467
-1.4488047904143881,1.1621163448720637,-0.38160714055193495,-1.3864805210428055,0.14718688838832467
-1.4488047904143881,1.1621163448720637,-0.38160714055193495,0.6782217425385434,0.14718688838832467
0.8040457244514624,-0.2099544723635572,0.4837052055367609,-1.2488337034707155,-1.042946718764942
-1.4488047904143881,-0.2099544723635572,-1.2469194866406308,1.0911621952548136,-1.042946718764942
-1.4488047904143881,1.1621163448720637,-0.38160714055193495,-1.2488337034707155,-1.042946718764942
-0.3110015000780999,0.4966619985127877,0.2813414491984614,-0.5673203779215287,2.2444997692306665
-1.4488047904143881,-0.2099544723635572,-1.2469194866406308,0.850280264503656,0.14718688838832467
0.8040457244514624,-0.2099544723635572,0.4837052055367609,0.8158685601106335,-1.042946718764942
0.8040457244514624,-1.582025289599178,-0.38160714055193495,-1.4208922254358278,0.14718688838832467
0.8040457244514624,1.1621163448720637,1.3490175516254568,1.2288090128269036,0.14718688838832467
-1.4488047904143881,-0.2099544723635572,-1.2469194866406308,0.7814568557176109,-1.042946718764942
0.8040457244514624,-0.2099544723635572,0.4837052055367609,0.6093983337524984,0.14718688838832467
0.18963194766986688,0.462360228081897,0.5835050329085641,-1.2958956591166577,1.255831200017004
0.8040457244514624,1.1621163448720637,1.3490175516254568,-1.3864805210428055,0.14718688838832467
-1.4488047904143881,-0.2099544723635572,-1.2469194866406308,0.8846919688966784,0.14718688838832467
-1.4488047904143881,-0.2099544723635572,-1.2469194866406308,0.7126334469315663,0.14718688838832467
0.8040457244514624,-0.2099544723635572,0.4837052055367609,0.7126334469315663,0.14718688838832467
-1.4488047904143881,-1.582025289599178,-2.1122318327293264,0.6782217425385434,-1.042946718764942
0.8040457244514624,-1.582025289599178,-0.38160714055193495,1.0223387864687679,-1.042946718764942
0.8040457244514624,-1.582025289599178,-0.38160714055193495,1.2976324216129478,-1.042946718764942
-0.06068477620411663,0.19480641872095086,0.08667613399228676,0.808975706363056,1.2064330559449437
0.16687588186314095,-0.04530597429528254,0.24747878911987642,0.31265342134743385,1.266769360490103
0.8040457244514624,-1.582025289599178,-0.38160714055193495,-0.9391283639335132,0.14718688838832467
0.5537290005774789,1.0866524499241041,1.017741929729361,0.9743317121423977,2.355998437279031
0.8040457244514624,1.1621163448720637,1.3490175516254568,1.1943973084338804,0.14718688838832467
-1.4488047904143881,1.1621163448720637,-0.38160714055193495,0.7814568557176109,-1.042946718764942
0.8040457244514624,-1.582025289599178,-0.38160714055193495,-0.7670698419684006,-1.042946718764942
-1.4488047904143881,-0.2099544723635572,-1.2469194866406308,0.919103673289701,-1.042946718764942
0.8040457244514624,-0.2099544723635572,0.4837052055367609,0.8846919688966784,0.14718688838832467
0.8040457244514624,1.1621163448720637,1.3490175516254568,-0.8703049551474681,0.14718688838832467
0.8040457244514624,-1.582025289599178,-0.38160714055193495,-1.0079517727195582,0.14718688838832467
0.8040457244514624,-1.582025289599178,-0.38160714055193495,-1.145598590291648,-1.042946718764942
0.8040457244514624,1.1621163448720637,1.3490175516254568,0.850280264503656,-1.042946718764942
0.8040457244514624,-0.2099544723635572,0.4837052055367609,-1.1800102946846704,0.14718688838832467
0.8040457244514624,-1.582025289599178,-0.38160714055193495,-0.8014815463614231,-1.042946718764942
0.8040457244514624,-0.2099544723635572,0.4837052055367609,0.7126334469315663,0.14718688838832467
0.8040457244514624,-1.582025289599178,-0.38160714055193495,-1.2488337034707155,-1.042946718764942
-1.4488047904143881,-0.2099544723635572,-1.2469194866406308,0.6782217425385434,-1.042946718764942
-1.4488047904143881,-0.2099544723635572,-1.2469194866406308,-1.145598590291648,-1.042946718764942
0.8040457244514624,1.1621163448720637,1.3490175516254568,0.7470451513245885,-1.042946718764942
-1.4488047904143881,-0.2099544723635572,-1.2469194866406308,0.9879270820757461,0.14718688838832467
0.8040457244514624,-0.2099544723635572,0.4837052055367609,-1.3176571122567604,0.14718688838832467
0.8040457244514624,1.1621163448720637,1.3490175516254568,-0.7670698419684006,0.14718688838832467
0.8040457244514624,-1.582025289599178,-0.38160714055193495,1.0911621952548136,0.14718688838832467
0.8040457244514624,1.1621163448720637,1.3490175516254568,-1.0767751815056033,0.14718688838832467
0.8040457244514624,1.1621163448720637,1.3490175516254568,-1.1800102946846704,0.14718688838832467
0.8040457244514624,-0.2099544723635572,0.4837052055367609,-0.9391283639335132,0.14718688838832467
-1.4488047904143881,-0.2099544723635572,-1.2469194866406308,-1.1111868858986256,0.14718688838832467
0.8040457244514624,-0.2099544723635572,0.4837052055367609,-1.0767751815056033,0.14718688838832467
0.5992411321909308,0.40061704130629416,0.5047068979020188,0.7430694038902684,1.4587164345986796
-1.4488047904143881,-1.582025289599178,-2.1122318327293264,-1.2144219990776928,-1.042946718764942
-1.4488047904143881,-0.2099544723635572,-1.2469194866406308,1.2632207172199261,0.14718688838832467
-1.4488047904143881,-0.2099544723635572,-1.2469194866406308,1.1599856040408578,-1.042946718764942
-1.4488047904143881,1.1621163448720637,-0.38160714055193495,0.7814568557176109,0.14718688838832467
0.8040457244514624,-1.582025289599178,-0.38160714055193495,0.7470451513245885,-1.042946718764942
0.8040457244514624,-0.2099544723635572,0.4837052055367609,1.0911621952548136,-1.042946718764942
0.8040457244514624,1.1621163448720637,1.3490175516254568,-1.1800102946846704,0.14718688838832467
-1.4488047904143881,-0.2099544723635572,-1.2469194866406308,-0.8358932507544456,-1.042946718764942
0.8040457244514624,1.1621163448720637,1.3490175516254568,0.850280264503656,0.14718688838832467
-1.4488047904143881,1.1621163448720637,-0.38160714055193495,0.919103673289701,-1.042946718764942
0.8040457244514624,1.1621163448720637,1.3490175516254568,0.7470451513245885,-1.042946718764942
0.37168047412367267,0.34573420861686927,0.4721962542039076,-0.49757988138657044,1.9272931155107944
0.8040457244514624,-0.2099544723635572,0.4837052055367609,-1.0423634771125805,-1.042946718764942
0.8040457244514624,-1.582025289599178,-0.38160714055193495,1.1599856040408578,-1.042946718764942
-1.4488047904143881,-0.2099544723635572,-1.2469194866406308,0.919103673289701,-1.042946718764942
0.43994867154384987,-0.20309411827737922,0.15758070427057505,-0.7282562460255566,1.3747395896761774
-1.4488047904143881,1.1621163448720637,-0.38160714055193495,-1.1111868858986256,-1.042946718764942
0.8040457244514624,-0.2099544723635572,0.4837052055367609,1.056750490861791,0.14718688838832467
0.8040457244514624,1.1621163448720637,1.3490175516254568,-1.352068816649783,0.14718688838832467
0.8040457244514624,-1.582025289599178,-0.38160714055193495,-1.0767751815056033,0.14718688838832467
0.8040457244514624,1.1621163448720637,1.3490175516254568,-0.9047166595404906,-1.042946718764942
-1.4488047904143881,1.1621163448720637,-0.38160714055193495,-1.2832454078637379,-1.042946718764942
0.8040457244514624,-0.2099544723635572,0.4837052055367609,0.8846919688966784,-1.042946718764942
-1.4488047904143881,1.1621163448720637,-0.38160714055193495,-0.7670698419684006,-1.042946718764942
0.41719260573712447,-0.0178645579505704,0.5773220792166932,0.03980704426630695,1.3849720623768185
0.8040457244514624,-0.2099544723635572,0.4837052055367609,-1.3864805210428055,0.14718688838832467
0.8040457244514624,-0.2099544723635572,0.4837052055367609,1.1943973084338804,0.14718688838832467
0.8040457244514624,-1.582025289599178,-0.38160714055193495,-1.0079517727195582,-1.042946718764942
0.8040457244514624,1.1621163448720637,1.3490175516254568,-1.3176571122567604,-1.042946718764942
0.8040457244514624,-0.2099544723635572,0.4837052055367609,0.7470451513245885,0.14718688838832467
-1.4488047904143881,-0.2099544723635572,-1.2469194866406308,0.850280264503656,0.14718688838832467
-1.4488047904143881,1.1621163448720637,-0.38160714055193495,-0.9047166595404906,0.14718688838832467
-1.4488047904143881,-0.2099544723635572,-1.2469194866406308,-1.2488337034707155,-1.042946718764942
0.8040457244514624,1.1621163448720637,1.3490175516254568,-1.4553039298288504,-1.042946718764942
0.8040457244514624,1.1621163448720637,1.3490175516254568,0.8846919688966784,0.14718688838832467
0.8040457244514624,1.1621163448720637,1.3490175516254568,1.0911621952548136,0.14718688838832467
-1.4488047904143881,-1.582025289599178,-2.1122318327293264,-0.9735400683265355,0.14718688838832467
0.8040457244514624,-0.2099544723635572,0.4837052055367609,-1.2144219990776928,-1.042946718764942
0.8040457244514624,-1.582025289599178,-0.38160714055193495,0.6782217425385434,0.14718688838832467
0.8040457244514624,-0.2099544723635572,0.4837052055367609,0.6782217425385434,0.14718688838832467
0.41719260573712447,1.1552559907858857,1.2965817600029776,-0.4433505572360578,0.8659387057339571
0.8040457244514624,-0.2099544723635572,0.4837052055367609,-1.3176571122567604,0.14718688838832467
-1.4488047904143881,-1.582025289599178,-2.1122318327293264,1.1255738996478362,-1.042946718764942
0.8040457244514624,-1.582025289599178,-0.38160714055193495,-1.1111868858986256,-1.042946718764942
0.8040457244514624,-0.2099544723635572,0.4837052055367609,1.1599856040408578,0.14718688838832467
0.8040457244514624,-1.582025289599178,-0.38160714055193495,0.6782217425385434,-1.042946718764942
0.5764850663842048,1.0317696172346793,1.2618574094036403,0.5001979435297429,1.8207342618696356
0.8040457244514624,-0.2099544723635572,0.4837052055367609,-1.0079517727195582,0.14718688838832467
0.8040457244514624,-1.582025289599178,-0.38160714055193495,1.1943973084338804,0.14718688838832467
0.07585161863623807,0.3594549167892255,0.410778212747719,-0.8528561783576514,1.3990858178259782
0.8040457244514624,-1.582025289599178,-0.38160714055193495,1.0911621952548136,0.14718688838832467
0.8040457244514624,1.1621163448720637,1.3490175516254568,-0.9391283639335132,0.14718688838832467
-1.4488047904143881,-1.582025289599178,-2.1122318327293264,-0.8358932507544456,0.14718688838832467
-1.4488047904143881,1.1621163448720637,-0.38160714055193495,-1.1111868858986256,0.14718688838832467
0.8040457244514624,-1.582025289599178,-0.38160714055193495,0.7814568557176109,-1.042946718764942
0.8040457244514624,1.1621163448720637,1.3490175516254568,-1.1111868858986256,-1.042946718764942
0.09860768444296374,0.057599336997388964,0.17976897466825315,-0.8124635525728671,1.8531958994027034
-0.3110015000780999,0.997467846803789,0.18158772882748322,-1.0736895324506877,2.3327107407879164
0.8040457244514624,-0.2099544723635572,0.4837052055367609,-1.3176571122567604,0.14718688838832467
0.8040457244514624,-0.2099544723635572,0.4837052055367609,-1.4553039298288504,0.14718688838832467
0.8040457244514624,-1.582025289599178,-0.38160714055193495,0.919103673289701,0.14718688838832467
0.43994867154384987,1.0249092631485015,1.0336414457954919,-1.5028164503572576,1.12633749377096
-1.4488047904143881,-0.2099544723635572,-1.2469194866406308,1.1599856040408578,-1.042946718764942
0.8040457244514624,-0.2099544723635572,0.4837052055367609,-0.9047166595404906,-1.042946718764942
-0.17446510523774542,-0.14135093150177608,0.005514379868588167,-0.17008365512839868,1.9061224823370535
0.667509329611108,0.07818039925592314,0.6698050375596019,-0.9069941553859628,1.7561638306897278
0.644753263804382,0.6338690802363499,1.1037618577317825,-0.6696715504183196,1.414610948820055
0.8040457244514624,-0.2099544723635572,0.4837052055367609,-0.9735400683265355,0.14718688838832467
-0.3110015000780999,0.12620287785917006,-0.35115837923287435,-0.24028067150300694,1.4276661726105275
0.1441198160564153,0.2016667728071291,-0.013312052980695203,1.347146735683468,2.2773142506499635
-0.12895297362429387,0.6613104965810618,0.3861551248243955,-0.7572891213486679,2.0486714123735705
0.8040457244514624,-1.582025289599178,-0.38160714055193495,1.0223387864687679,0.14718688838832467
0.8040457244514624,-1.582025289599178,-0.38160714055193495,0.850280264503656,0.14718688838832467
0.8040457244514624,-0.2099544723635572,0.4837052055367609,0.7470451513245885,-1.042946718764942
0.030339487022786507,0.19480641872095086,0.09512660523903993,-0.5329822315854076,1.9509336558881374
0.8040457244514624,-0.2099544723635572,0.4837052055367609,-1.4553039298288504,0.14718688838832467
0.8040457244514624,-0.2099544723635572,0.4837052055367609,1.1255738996478362,-1.042946718764942
0.8040457244514624,-0.2099544723635572,0.4837052055367609,0.8846919688966784,-1.042946718764942
-1.4488047904143881,-1.582025289599178,-2.1122318327293264,1.2632207172199261,-1.042946718764942
0.8040457244514624,-0.2099544723635572,0.4837052055367609,1.2632207172199261,-1.042946718764942
-1.4488047904143881,-0.2099544723635572,-1.2469194866406308,1.0223387864687679,-1.042946718764942
-1.4488047904143881,-0.2099544723635572,-1.2469194866406308,0.6093983337524984,0.14718688838832467
0.8040457244514624,1.1621163448720637,1.3490175516254568,0.8846919688966784,0.14718688838832467
-1.4488047904143881,1.1621163448720637,-0.38160714055193495,-1.1111868858986256,-1.042946718764942
-1.4488047904143881,-0.2099544723635572,-1.2469194866406308,-1.3864805210428055,-1.042946718764942
0.8040457244514624,1.1621163448720637,1.3490175516254568,-1.0767751815056033,0.14718688838832467
-1.4488047904143881,-0.2099544723635572,-1.2469194866406308,0.643810038145521,-1.042946718764942
0.8040457244514624,-0.2099544723635572,0.4837052055367609,1.1599856040408578,0.14718688838832467
-1.4488047904143881,-0.2099544723635572,-1.2469194866406308,-1.2488337034707155,0.14718688838832467
0.8040457244514624,1.1621163448720637,1.3490175516254568,1.1943973084338804,-1.042946718764942
0.8040457244514624,-0.2099544723635572,0.4837052055367609,0.7470451513245885,0.14718688838832467
0.8040457244514624,-1.582025289599178,-0.38160714055193495,-0.8703049551474681,0.14718688838832467
-1.4488047904143881,-0.2099544723635572,-1.2469194866406308,-1.4553039298288504,0.14718688838832467
0.8040457244514624,-1.582025289599178,-0.38160714055193495,1.2632207172199261,0.14718688838832467
0.8040457244514624,-0.2099544723635572,0.4837052055367609,0.7126334469315663,-1.042946718764942
0.8040457244514624,-1.582025289599178,-0.38160714055193495,-1.3864805210428055,0.14718688838832467
0.8040457244514624,-0.2099544723635572,0.4837052055367609,-0.8703049551474681,-1.042946718764942
0.8040457244514624,-0.2099544723635572,0.4837052055367609,-1.3864805210428055,-1.042946718764942
-1.4488047904143881,1.1621163448720637,-0.38160714055193495,1.1599856040408578,-1.042946718764942
-1.4488047904143881,-0.2099544723635572,-1.2469194866406308,1.056750490861791,0.14718688838832467
-1.4488047904143881,1.1621163448720637,-0.38160714055193495,0.7126334469315663,0.14718688838832467
0.8040457244514624,-0.2099544723635572,0.4837052055367609,-1.0767751815056033,0.14718688838832467
-1.4488047904143881,-0.2099544723635572,-1.2469194866406308,-1.145598590291648,0.14718688838832467
-0.08344084201084229,-0.0864680988123512,0.1281517139833463,-1.3726702203861987,1.4117881977302222
-0.1972211710444711,0.11248216968681385,0.2070099343893845,0.2852947561669101,2.239207110937232
0.8040457244514624,-0.2099544723635572,0.4837052055367609,0.7470451513245885,0.14718688838832467
0.8040457244514624,-0.2099544723635572,0.4837052055367609,0.9879270820757461,-1.042946718764942
-1.4488047904143881,-1.582025289599178,-2.1122318327293264,0.850280264503656,0.14718688838832467
0.21238801347659253,0.33201350044451305,0.10450944456085709,0.5371769134221529,1.8560186504925353
0.8040457244514624,-1.582025289599178,-0.38160714055193495,1.1943973084338804,0.14718688838832467
-1.4488047904143881,-0.2099544723635572,-1.2469194866406308,0.6093983337524984,0.14718688838832467
-1.4488047904143881,-1.582025289599178,-2.1122318327293264,-1.145598590291648,-1.042946718764942
0.8040457244514624,1.1621163448720637,1.3490175516254568,1.1943973084338804,0.14718688838832467
-1.4488047904143881,-0.2099544723635572,-1.2469194866406308,0.643810038145521,-1.042946718764942
-1.4488047904143881,1.1621163448720637,-0.38160714055193495,0.7126334469315663,-1.042946718764942
0.8040457244514624,1.1621163448720637,1.3490175516254568,-1.1111868858986256,-1.042946718764942
0.8040457244514624,-1.582025289599178,-0.38160714055193495,1.2632207172199261,-1.042946718764942
0.8040457244514624,-1.582025289599178,-0.38160714055193495,1.0223387864687679,0.14718688838832467
0.8040457244514624,-1.582025289599178,-0.38160714055193495,0.9535153776827235,0.14718688838832467
0.28065621089677,0.5241034148575001,0.5525180233107874,-1.3596230543025623,0.8793467734106589
0.8040457244514624,-1.582025289599178,-0.38160714055193495,-1.3864805210428055,0.14718688838832467
0.5082168689640276,0.8671211191664053,1.066125296861016,-0.530803540658972,2.1150060629846226
0.8040457244514624,-0.2099544723635572,0.4837052055367609,-1.3176571122567604,0.14718688838832467
0.8040457244514624,-0.2099544723635572,0.4837052055367609,0.919103673289701,-1.042946718764942
-1.4488047904143881,-0.2099544723635572,-1.2469194866406308,-1.3176571122567604,0.14718688838832467
0.3034122767034954,-0.11390951515706364,-0.06971218831545967,-0.4330322740973903,0.8924019972011322
0.667509329611108,0.33201350044451305,0.9896082309471461,0.4625649992895985,1.9371727443252063
0.644753263804382,-0.17565270193266677,0.2319900639719345,-0.2728579815283569,2.4727897636208307
0.5764850663842048,0.338873854530691,0.5267479397215739,0.4979318308559908,1.906828170109512
0.8040457244514624,1.1621163448720637,1.3490175516254568,0.919103673289701,0.14718688838832467
-1.4488047904143881,-0.2099544723635572,-1.2469194866406308,0.7814568557176109,0.14718688838832467
0.8040457244514624,-0.2099544723635572,0.4837052055367609,0.7814568557176109,0.14718688838832467
0.8040457244514624,-0.2099544723635572,0.4837052055367609,1.0223387864687679,0.14718688838832467
-1.4488047904143881,-1.582025289599178,-2.1122318327293264,-0.8703049551474681,0.14718688838832467
-1.4488047904143881,1.1621163448720637,-0.38160714055193495,-0.9047166595404906,-1.042946718764942
-1.4488047904143881,-0.2099544723635572,-1.2469194866406308,1.1255738996478362,0.14718688838832467
-1.4488047904143881,1.1621163448720637,-0.38160714055193495,1.2632207172199261,0.14718688838832467
0.8040457244514624,-0.2099544723635572,0.4837052055367609,-0.7670698419684006,-1.042946718764942
0.8040457244514624,1.1621163448720637,1.3490175516254568,1.1599856040408578,-1.042946718764942
0.8040457244514624,1.1621163448720637,1.3490175516254568,1.2288090128269036,-1.042946718764942
-1.4488047904143881,-1.582025289599178,-2.1122318327293264,-1.145598590291648,0.14718688838832467
-1.4488047904143881,1.1621163448720637,-0.38160714055193495,0.919103673289701,0.14718688838832467
0.8040457244514624,-0.2099544723635572,0.4837052055367609,-1.1111868858986256,-1.042946718764942
0.8040457244514624,-0.2099544723635572,0.4837052055367609,0.919103673289701,0.14718688838832467
-0.2882454342713742,0.13992358603152596,-0.20399594509508434,0.9713668206620699,0.7886658946498055
-1.4488047904143881,-0.2099544723635572,-1.2469194866406308,-1.2488337034707155,-1.042946718764942
-1.4488047904143881,1.1621163448720637,-0.38160714055193495,-1.2144219990776928,-1.042946718764942
-1.4488047904143881,-1.582025289599178,-2.1122318327293264,0.8846919688966784,0.14718688838832467
-1.4488047904143881,-0.2099544723635572,-1.2469194866406308,-1.145598590291648,0.14718688838832467
-0.24273330265792264,0.7504950997013776,0.19599815628176637,0.16848839942731483,2.2617891196558877
0.8040457244514624,-0.2099544723635572,0.4837052055367609,1.1599856040408578,-1.042946718764942
0.16687588186314095,1.0935128040102828,0.9259602615105383,-0.31096132670676035,2.0243251842237697
-1.4488047904143881,1.1621163448720637,-0.38160714055193495,0.8846919688966784,0.14718688838832467
0.8040457244514624,1.1621163448720637,1.3490175516254568,-1.2488337034707155,0.14718688838832467
-1.4488047904143881,1.1621163448720637,-0.38160714055193495,-1.1111868858986256,0.14718688838832467
-0.3110015000780999,0.07132004516974519,-0.18450505913253537,-0.20987760924911644,1.7621621767556213
0.8040457244514624,-0.2099544723635572,0.4837052055367609,-1.2832454078637379,0.14718688838832467
0.8040457244514624,-1.582025289599178,-0.38160714055193495,0.6782217425385434,0.14718688838832467
0.1441198160564153,0.3114324381859786,0.1179918016225724,-0.5207124632324842,1.8482560849954979
-1.4488047904143881,-0.2099544723635572,-1.2469194866406308,-0.8703049551474681,-1.042946718764942
-0.1972211710444711,0.8190986405631584,0.1341423878260998,-1.174718609765382,1.8172058230073458
-1.4488047904143881,-1.582025289599178,-2.1122318327293264,1.056750490861791,-1.042946718764942
0.8040457244514624,-1.582025289599178,-0.38160714055193495,0.850280264503656,0.14718688838832467
-1.4488047904143881,-0.2099544723635572,-1.2469194866406308,0.6093983337524984,-1.042946718764942
0.8040457244514624,1.1621163448720637,1.3490175516254568,-1.4208922254358278,0.14718688838832467
-1.4488047904143881,-0.2099544723635572,-1.2469194866406308,0.850280264503656,-1.042946718764942
-1.4488047904143881,-0.2099544723635572,-1.2469194866406308,0.9879270820757461,0.14718688838832467
-1.4488047904143881,-0.2099544723635572,-1.2469194866406308,-1.2832454078637379,0.14718688838832467
-1.4488047904143881,1.1621163448720637,-0.38160714055193495,-1.352068816649783,-1.042946718764942
-1.4488047904143881,-1.582025289599178,-2.1122318327293264,1.0223387864687679,0.14718688838832467
0.8040457244514624,1.1621163448720637,1.3490175516254568,-1.0423634771125805,0.14718688838832467
-1.4488047904143881,-0.2099544723635572,-1.2469194866406308,0.919103673289701,0.14718688838832467
-0.01517264459066506,-0.02472491203674836,0.2377719749658933,0.8424457552451766,1.048006151028122
-1.4488047904143881,1.1621163448720637,-0.38160714055193495,-1.2832454078637379,0.14718688838832467
-1.4488047904143881,1.1621163448720637,-0.38160714055193495,-0.8014815463614231,0.14718688838832467
0.8040457244514624,-0.2099544723635572,0.4837052055367609,0.643810038145521,0.14718688838832467
0.8040457244514624,-0.2099544723635572,0.4837052055367609,0.6782217425385434,-1.042946718764942
-1.4488047904143881,-1.582025289599178,-2.1122318327293264,0.8846919688966784,0.14718688838832467
-1.4488047904143881,-0.2099544723635572,-1.2469194866406308,0.850280264503656,-1.042946718764942
0.8040457244514624,-0.2099544723635572,0.4837052055367609,0.8846919688966784,-1.042946718764942
0.8040457244514624,1.1621163448720637,1.3490175516254568,-0.9047166595404906,0.14718688838832467
0.8040457244514624,-0.2099544723635572,0.4837052055367609,1.2288090128269036,-1.042946718764942
0.8040457244514624,-0.2099544723635572,0.4837052055367609,0.8846919688966784,0.14718688838832467
0.8040457244514624,1.1621163448720637,1.3490175516254568,1.1599856040408578,0.14718688838832467
0.8040457244514624,1.1621163448720637,1.3490175516254568,1.2632207172199261,-1.042946718764942
-1.4488047904143881,-0.2099544723635572,-1.2469194866406308,-1.0079517727195582,-1.042946718764942
0.8040457244514624,-0.2099544723635572,0.4837052055367609,0.6093983337524984,-1.042946718764942
0.8040457244514624,-0.2099544723635572,0.4837052055367609,0.9535153776827235,-1.042946718764942
-1.4488047904143881,-0.2099544723635572,-1.2469194866406308,-0.8703049551474681,0.14718688838832467
-1.4488047904143881,-0.2099544723635572,-1.2469194866406308,-1.3176571122567604,-1.042946718764942
0.8040457244514624,1.1621163448720637,1.3490175516254568,0.7470451513245885,-1.042946718764942
0.8040457244514624,-0.2099544723635572,0.4837052055367609,-1.1800102946846704,0.14718688838832467
0.16687588186314095,0.6201483720639934,0.48909750339398633,-0.1165024440882632,2.316127078135154
0.21238801347659253,1.1278145744411732,1.103130853545518,-0.4130056693154064,1.4943536671078086
0.8040457244514624,1.1621163448720637,1.3490175516254568,1.056750490861791,-1.042946718764942
-1.4488047904143881,-1.582025289599178,-2.1122318327293264,-0.8703049551474681,-1.042946718764942
0.8040457244514624,-0.2099544723635572,0.4837052055367609,0.7470451513245885,0.14718688838832467
-0.219977236851197,0.537824123029856,0.31771289466638736,0.44576576789183686,1.6901820239649046
0.8040457244514624,-1.582025289599178,-0.38160714055193495,0.6093983337524984,0.14718688838832467
-0.1972211710444711,0.5927069557192809,0.43089477220567496,0.35130705773184884,0.7607912276377148
0.12136375024968965,0.30457208409980063,-0.005961427944918772,0.31539394903350454,2.0698420455473108
0.8040457244514624,-1.582025289599178,-0.38160714055193495,0.7814568557176109,0.14718688838832467
-1.4488047904143881,1.1621163448720637,-0.38160714055193495,1.0223387864687679,-1.042946718764942
0.8040457244514624,-1.582025289599178,-0.38160714055193495,0.8158685601106335,0.14718688838832467
0.8040457244514624,-0.2099544723635572,0.4837052055367609,0.643810038145521,-1.042946718764942
0.07585161863623807,0.22224783506566329,0.12742591716044868,-0.37059568118157077,1.2110200264659208
-1.4488047904143881,1.1621163448720637,-0.38160714055193495,-0.8358932507544456,-1.042946718764942
0.8040457244514624,-0.2099544723635572,0.4837052055367609,1.2976324216129478,0.14718688838832467
0.8040457244514624,-1.582025289599178,-0.38160714055193495,-0.8358932507544456,0.14718688838832467
-1.4488047904143881,-0.2099544723635572,-1.2469194866406308,1.2632207172199261,0.14718688838832467
0.8040457244514624,-0.2099544723635572,0.4837052055367609,1.2288090128269036,-1.042946718764942
0.8040457244514624,-0.2099544723635572,0.4837052055367609,-0.9047166595404906,-1.042946718764942
0.8040457244514624,1.1621163448720637,1.3490175516254568,-1.2488337034707155,0.14718688838832467
0.8040457244514624,-0.2099544723635572,0.4837052055367609,0.8158685601106335,-1.042946718764942
0.8040457244514624,-1.582025289599178,-0.38160714055193495,0.7126334469315663,0.14718688838832467
0.2579001450900441,1.0729317417517483,1.1629183059572914,-0.5101395293253691,2.127355599002638
0.21238801347659253,1.0729317417517483,0.8064627791703612,-1.6649539421731765,0.9555610528361235
0.8040457244514624,-1.582025289599178,-0.38160714055193495,-0.9047166595404906,-1.042946718764942
0.8040457244514624,1.1621163448720637,1.3490175516254568,-1.3176571122567604,0.14718688838832467
-1.4488047904143881,1.1621163448720637,-0.38160714055193495,0.8158685601106335,0.14718688838832467
0.8040457244514624,1.1621163448720637,1.3490175516254568,0.8158685601106335,0.14718688838832467
-1.4488047904143881,-0.2099544723635572,-1.2469194866406308,1.2976324216129478,0.14718688838832467
0.8040457244514624,-0.2099544723635572,0.4837052055367609,-1.145598590291648,-1.042946718764942
-0.3110015000780999,0.44863951990954076,-0.06763075545352176,0.10352606787613138,2.0010374877326553
-1.4488047904143881,-0.2099544723635572,-1.2469194866406308,0.7470451513245885,0.14718688838832467
0.8040457244514624,-0.2099544723635572,0.4837052055367609,-1.145598590291648,-1.042946718764942
0.8040457244514624,-1.582025289599178,-0.38160714055193495,0.9535153776827235,0.14718688838832467
-1.4488047904143881,1.1621163448720637,-0.38160714055193495,1.0223387864687679,0.14718688838832467
-0.219977236851197,0.8259589946493364,0.06407859633398681,0.7893848231040258,1.6206717783777913
0.8040457244514624,-0.2099544723635572,0.4837052055367609,-0.9735400683265355,0.14718688838832467
-0.08344084201084229,0.8671211191664053,0.37044201200143195,-0.16156579372211582,2.3602325639137787
-1.4488047904143881,-0.2099544723635572,-1.2469194866406308,-1.4208922254358278,0.14718688838832467
0.8040457244514624,-1.582025289599178,-0.38160714055193495,0.7814568557176109,0.14718688838832467
0.12136375024968965,0.6064276638916375,0.3833546620915617,-1.1358264974726262,2.068783513888624
0.8040457244514624,-0.2099544723635572,0.4837052055367609,0.643810038145521,0.14718688838832467
-1.4488047904143881,-0.2099544723635572,-1.2469194866406308,1.2288090128269036,-1.042946718764942
0.8040457244514624,-0.2099544723635572,0.4837052055367609,0.8846919688966784,-1.042946718764942
0.3489244083169472,0.1536442942038822,0.39177281096527883,-1.022851389538296,0.7650253542724625
-1.4488047904143881,1.1621163448720637,-0.38160714055193495,-1.352068816649783,0.14718688838832467
0.8040457244514624,-1.582025289599178,-0.38160714055193495,0.8846919688966784,-1.042946718764942
-1.4488047904143881,-0.2099544723635572,-1.2469194866406308,1.0223387864687679,-1.042946718764942
-1.4488047904143881,1.1621163448720637,-0.38160714055193495,-0.9047166595404906,0.14718688838832467
0.8040457244514624,1.1621163448720637,1.3490175516254568,0.8846919688966784,-1.042946718764942
-0.3110015000780999,-0.05902668246763876,-0.2471447573227692,0.019952022995333978,1.9205890816724431
0.8040457244514624,-1.582025289599178,-0.38160714055193495,-0.9047166595404906,0.14718688838832467
-1.4488047904143881,1.1621163448720637,-0.38160714055193495,0.6782217425385434,-1.042946718764942
0.8040457244514624,-1.582025289599178,-0.38160714055193495,-1.3864805210428055,-1.042946718764942
-1.4488047904143881,-1.582025289599178,-2.1122318327293264,0.6782217425385434,0.14718688838832467
0.053095552829512165,0.07132004516974519,-0.02697365564890327,1.1118589070635698,1.930468710486855
0.8040457244514624,-1.582025289599178,-0.38160714055193495,-1.4208922254358278,-1.042946718764942
0.3034122767034954,0.1193425237729918,0.13689544930756467,-1.0230592738702688,1.180322608363998
0.8040457244514624,1.1621163448720637,1.3490175516254568,-1.0767751815056033,0.14718688838832467
0.8040457244514624,-1.582025289599178,-0.38160714055193495,0.9535153776827235,-1.042946718764942
-1.4488047904143881,-0.2099544723635572,-1.2469194866406308,-1.145598590291648,0.14718688838832467
0.39443653993039907,0.6338690802363499,0.8098256187920606,-1.1019434115672135,0.8564119208057738
-1.4488047904143881,-1.582025289599178,-2.1122318327293264,-1.4208922254358278,0.14718688838832467
0.8040457244514624,1.1621163448720637,1.3490175516254568,1.1943973084338804,-1.042946718764942
-1.4488047904143881,-1.582025289599178,-2.1122318327293264,1.1255738996478362,0.14718688838832467
0.8040457244514624,1.1621163448720637,1.3490175516254568,-1.4208922254358278,0.14718688838832467
-1.4488047904143881,1.1621163448720637,-0.38160714055193495,0.9879270820757461,-1.042946718764942
0.8040457244514624,-1.582025289599178,-0.38160714055193495,-1.3176571122567604,-1.042946718764942
0.8040457244514624,1.1621163448720637,1.3490175516254568,0.850280264503656,0.14718688838832467
0.8040457244514624,1.1621163448720637,1.3490175516254568,-1.145598590291648,0.14718688838832467
0.8040457244514624,-0.2099544723635572,0.4837052055367609,1.2632207172199261,0.14718688838832467
-1.4488047904143881,-0.2099544723635572,-1.2469194866406308,0.6093983337524984,-1.042946718764942
-1.4488047904143881,-1.582025289599178,-2.1122318327293264,0.7126334469315663,-1.042946718764942
0.8040457244514624,-0.2099544723635572,0.4837052055367609,-1.145598590291648,-1.042946718764942
0.8040457244514624,-0.2099544723635572,0.4837052055367609,0.9879270820757461,0.14718688838832467
0.8040457244514624,-0.2099544723635572,0.4837052055367609,1.0223387864687679,-1.042946718764942
0.8040457244514624,-0.2099544723635572,0.4837052055367609,-1.2144219990776928,-1.042946718764942
0.8040457244514624,-1.582025289599178,-0.38160714055193495,0.7126334469315663,-1.042946718764942
-1.4488047904143881,-0.2099544723635572,-1.2469194866406308,-1.352068816649783,0.14718688838832467
0.8040457244514624,-0.2099544723635572,0.4837052055367609,1.2632207172199261,-1.042946718764942
-0.3110015000780999,0.5035223525989656,0.14821567132009997,-1.5674076955669802,2.453383349878236
0.2579001450900441,0.9220039518558302,0.9666162343231859,-0.1675579207589403,2.3658780660934426
0.5537290005774789,0.22910818915184156,0.677432537944633,-0.9725255642998104,0.9601480233571006
-1.4488047904143881,-1.582025289599178,-2.1122318327293264,-1.3176571122567604,-1.042946718764942
0.8040457244514624,-0.2099544723635572,0.4837052055367609,1.0223387864687679,0.14718688838832467
0.8040457244514624,-1.582025289599178,-0.38160714055193495,-0.8358932507544456,0.14718688838832467
0.41719260573712447,0.42119810356482834,0.5564172588697103,0.2896312146602157,1.6256115927849977
-1.4488047904143881,1.1621163448720637,-0.38160714055193495,1.056750490861791,0.14718688838832467
0.8040457244514624,-0.2099544723635572,0.4837052055367609,1.0911621952548136,0.14718688838832467
-1.4488047904143881,-0.2099544723635572,-1.2469194866406308,0.9535153776827235,-1.042946718764942
0.8040457244514624,-0.2099544723635572,0.4837052055367609,-0.9047166595404906,0.14718688838832467
0.8040457244514624,1.1621163448720637,1.3490175516254568,-1.4553039298288504,-1.042946718764942
0.28065621089677,-0.2099544723635572,0.2111034535412945,1.4538242492177582,2.375052007135397
0.3489244083169472,0.6544501424948838,0.7283546764246988,0.6458425877578192,1.4597749662573667
-1.4488047904143881,1.1621163448720637,-0.38160714055193495,0.9879270820757461,-1.042946718764942
0.8040457244514624,1.1621163448720637,1.3490175516254568,-0.7670698419684006,-1.042946718764942
-1.4488047904143881,1.1621163448720637,-0.38160714055193495,-1.3864805210428055,-1.042946718764942
0.8040457244514624,1.1621163448720637,1.3490175516254568,-1.1800102946846704,0.14718688838832467
0.8040457244514624,-1.582025289599178,-0.38160714055193495,0.7126334469315663,0.14718688838832467
-1.4488047904143881,-0.2099544723635572,-1.2469194866406308,-0.9047166595404906,-1.042946718764942
0.8040457244514624,-1.582025289599178,-0.38160714055193495,0.643810038145521,0.14718688838832467
0.46270473735057627,0.6407294343225278,0.9864836547273235,-0.18198250699386168,1.8422577389296042
-1.4488047904143881,1.1621163448720637,-0.38160714055193495,-1.0079517727195582,-1.042946718764942
0.8040457244514624,1.1621163448720637,1.3490175516254568,-1.0079517727195582,0.14718688838832467
0.8040457244514624,1.1621163448720637,1.3490175516254568,-1.0079517727195582,-1.042946718764942
0.8040457244514624,1.1621163448720637,1.3490175516254568,0.6782217425385434,-1.042946718764942
0.8040457244514624,-1.582025289599178,-0.38160714055193495,-1.2144219990776928,0.14718688838832467
0.8040457244514624,1.1621163448720637,1.3490175516254568,1.1255738996478362,0.14718688838832467
0.8040457244514624,-0.2099544723635572,0.4837052055367609,0.643810038145521,0.14718688838832467
0.8040457244514624,-1.582025289599178,-0.38160714055193495,1.2976324216129478,0.14718688838832467
0.8040457244514624,-0.2099544723635572,0.4837052055367609,-0.9735400683265355,0.14718688838832467
-1.4488047904143881,-1.582025289599178,-2.1122318327293264,-0.8358932507544456,-1.042946718764942
0.48546080315730167,0.35259456270304723,0.5259695502998597,0.8708098072961219,1.0631784381359686
-1.4488047904143881,1.1621163448720637,-0.38160714055193495,-1.3864805210428055,0.14718688838832467
0.2579001450900441,0.8877021814249392,0.6488459926116295,-0.9808411402280288,2.1538188904698132
-1.4488047904143881,-1.582025289599178,-2.1122318327293264,0.7126334469315663,-1.042946718764942
0.8040457244514624,-0.2099544723635572,0.4837052055367609,0.7814568557176109,-1.042946718764942
0.8040457244514624,-0.2099544723635572,0.4837052055367609,-1.4553039298288504,0.14718688838832467
-1.4488047904143881,-1.582025289599178,-2.1122318327293264,1.2632207172199261,0.14718688838832467
0.8040457244514624,-1.582025289599178,-0.38160714055193495,1.1943973084338804,-1.042946718764942
0.8040457244514624,-1.582025289599178,-0.38160714055193495,1.2976324216129478,0.14718688838832467
0.8040457244514624,-0.2099544723635572,0.4837052055367609,-1.2488337034707155,0.14718688838832467
-1.4488047904143881,1.1621163448720637,-0.38160714055193495,-0.7670698419684006,0.14718688838832467
0.8040457244514624,-1.582025289599178,-0.38160714055193495,-1.4208922254358278,-1.042946718764942
-1.4488047904143881,-1.582025289599178,-2.1122318327293264,-1.0767751815056033,-1.042946718764942
0.8040457244514624,1.1621163448720637,1.3490175516254568,1.2976324216129478,0.14718688838832467
0.8040457244514624,-0.2099544723635572,0.4837052055367609,1.2976324216129478,-1.042946718764942
0.8040457244514624,-1.582025289599178,-0.38160714055193495,1.1943973084338804,-1.042946718764942
-1.4488047904143881,-1.582025289599178,-2.1122318327293264,1.0911621952548136,0.14718688838832467
-1.4488047904143881,-1.582025289599178,-2.1122318327293264,0.643810038145521,0.14718688838832467
0.7357775270312852,-0.16193199376031056,0.2307500057003605,-0.128677832365618,2.3073059809794283
-1.4488047904143881,-1.582025289599178,-2.1122318327293264,-1.4208922254358278,0.14718688838832467
-0.15170903943101952,0.0507389829112107,-0.15468236733545251,1.0813742803947413,2.157347329332103
0.8040457244514624,-1.582025289599178,-0.38160714055193495,-1.2832454078637379,0.14718688838832467
0.8040457244514624,-0.2099544723635572,0.4837052055367609,0.7814568557176109,-1.042946718764942
0.8040457244514624,1.1621163448720637,1.3490175516254568,0.7814568557176109,0.14718688838832467
0.8040457244514624,-0.2099544723635572,0.4837052055367609,1.056750490861791,0.14718688838832467
-1.4488047904143881,-1.582025289599178,-2.1122318327293264,-1.4208922254358278,0.14718688838832467
0.8040457244514624,-0.2099544723635572,0.4837052055367609,-0.7670698419684006,0.14718688838832467
0.8040457244514624,1.1621163448720637,1.3490175516254568,1.056750490861791,0.14718688838832467
-1.4488047904143881,-0.2099544723635572,-1.2469194866406308,-0.8703049551474681,0.14718688838832467
-1.4488047904143881,-1.582025289599178,-2.1122318327293264,1.1255738996478362,-1.042946718764942
0.8040457244514624,-1.582025289599178,-0.38160714055193495,-1.4553039298288504,0.14718688838832467
0.8040457244514624,1.1621163448720637,1.3490175516254568,-0.9047166595404906,0.14718688838832467
0.5537290005774789,0.791657224218446,0.7945097945966175,0.9079901971137292,1.0921116368067472
-1.4488047904143881,1.1621163448720637,-0.38160714055193495,-1.1111868858986256,0.14718688838832467
0.8040457244514624,-1.582025289599178,-0.38160714055193495,0.9535153776827235,-1.042946718764942
0.7357775270312852,0.8465400569078708,0.8306148420803287,1.0539527128840602,1.855665806606307
-1.4488047904143881,-0.2099544723635572,-1.2469194866406308,1.0223387864687679,0.14718688838832467
0.8040457244514624,1.1621163448720637,1.3490175516254568,1.2288090128269036,0.14718688838832467
0.8040457244514624,-0.2099544723635572,0.4837052055367609,-1.0079517727195582,0.14718688838832467
0.8040457244514624,1.1621163448720637,1.3490175516254568,-1.2144219990776928,-1.042946718764942
0.053095552829512165,0.7024726210981307,0.23474090972727504,0.9127657116550325,1.952345031433053
0.8040457244514624,-1.582025289599178,-0.38160714055193495,-1.1800102946846704,0.14718688838832467
-1.4488047904143881,-1.582025289599178,-2.1122318327293264,0.8158685601106335,0.14718688838832467
-1.4488047904143881,-0.2099544723635572,-1.2469194866406308,1.2632207172199261,0.14718688838832467
0.46270473735057627,0.21538748097948535,0.6994084823090797,-0.3304213519259354,2.3697593488419617
-1.4488047904143881,-0.2099544723635572,-1.2469194866406308,-0.9735400683265355,0.14718688838832467
0.8040457244514624,-0.2099544723635572,0.4837052055367609,1.2632207172199261,-1.042946718764942
0.8040457244514624,-0.2099544723635572,0.4837052055367609,0.6093983337524984,-1.042946718764942
0.8040457244514624,1.1621163448720637,1.3490175516254568,-0.9391283639335132,-1.042946718764942
-1.4488047904143881,-0.2099544723635572,-1.2469194866406308,0.7470451513245885,0.14718688838832467
-1.4488047904143881,-0.2099544723635572,-1.2469194866406308,0.919103673289701,-1.042946718764942
-1.4488047904143881,-0.2099544723635572,-1.2469194866406308,0.8846919688966784,0.14718688838832467
0.8040457244514624,-1.582025289599178,-0.38160714055193495,0.9879270820757461,-1.042946718764942
0.8040457244514624,-0.2099544723635572,0.4837052055367609,0.9879270820757461,0.14718688838832467
0.8040457244514624,-0.2099544723635572,0.4837052055367609,1.1943973084338804,-1.042946718764942
0.8040457244514624,-1.582025289599178,-0.38160714055193495,-1.4208922254358278,-1.042946718764942
-1.4488047904143881,-0.2099544723635572,-1.2469194866406308,-0.8358932507544456,0.14718688838832467
0.8040457244514624,-0.2099544723635572,0.4837052055367609,-0.9735400683265355,-1.042946718764942
0.8040457244514624,-1.582025289599178,-0.38160714055193495,-1.352068816649783,0.14718688838832467
-1.4488047904143881,1.1621163448720637,-0.38160714055193495,-1.0079517727195582,0.14718688838832467
0.8040457244514624,-1.582025289599178,-0.38160714055193495,-1.1800102946846704,-1.042946718764942
0.09860768444296374,1.0660713876655703,0.5174406884622179,-1.062143627986717,1.4269604848380697
-1.4488047904143881,1.1621163448720637,-0.38160714055193495,-1.3176571122567604,0.14718688838832467
0.8040457244514624,-1.582025289599178,-0.38160714055193495,0.9879270820757461,-1.042946718764942
-0.06068477620411663,0.4692205821680753,0.07822162682862444,0.4021037646496416,1.9036525751334505
0.6902653954178334,0.31829279227215684,0.8997932768374016,-1.271079116781065,1.294996871388423
0.8040457244514624,-0.2099544723635572,0.4837052055367609,0.7814568557176109,0.14718688838832467
0.8040457244514624,-0.2099544723635572,0.4837052055367609,1.1255738996478362,-1.042946718764942
0.43994867154384987,0.45549987399571906,0.45491138435268946,-0.17416896276838262,1.4682432195268629
-1.4488047904143881,-1.582025289599178,-2.1122318327293264,-1.1111868858986256,0.14718688838832467
-1.4488047904143881,-0.2099544723635572,-1.2469194866406308,-1.0767751815056033,-1.042946718764942
0.37168047412367267,0.6750312047534183,0.7580075409227164,-0.155281925101171,1.8535487432889326
0.5537290005774789,1.1415352826135292,1.0556961204896713,0.7265454755551609,2.1315897256373857
0.030339487022786507,0.8259589946493364,0.6514214627756153,-0.18740445213870144,1.6330213143958068
-1.4488047904143881,-0.2099544723635572,-1.2469194866406308,-1.1111868858986256,0.14718688838832467
0.8040457244514624,1.1621163448720637,1.3490175516254568,0.850280264503656,0.14718688838832467
-1.4488047904143881,-1.582025289599178,-2.1122318327293264,-1.1800102946846704,-1.042946718764942
0.8040457244514624,1.1621163448720637,1.3490175516254568,-1.4208922254358278,-1.042946718764942
0.8040457244514624,-0.2099544723635572,0.4837052055367609,-1.3864805210428055,0.14718688838832467
-1.4488047904143881,1.1621163448720637,-0.38160714055193495,-0.8358932507544456,0.14718688838832467
0.8040457244514624,-0.2099544723635572,0.4837052055367609,0.8158685601106335,0.14718688838832467
-0.037928710397390715,0.38003597904775965,0.37688940401115,-0.08596294459433751,1.9156492672652368
0.8040457244514624,1.1621163448720637,1.3490175516254568,0.6782217425385434,-1.042946718764942
0.8040457244514624,-0.2099544723635572,0.4837052055367609,-1.0079517727195582,-1.042946718764942
-1.4488047904143881,-1.582025289599178,-2.1122318327293264,-0.8703049551474681,-1.042946718764942
-1.4488047904143881,-0.2099544723635572,-1.2469194866406308,0.8158685601106335,0.14718688838832467
0.8040457244514624,-1.582025289599178,-0.38160714055193495,-1.0423634771125805,-1.042946718764942
0.8040457244514624,1.1621163448720637,1.3490175516254568,1.1943973084338804,-1.042946718764942
-1.4488047904143881,1.1621163448720637,-0.38160714055193495,-1.4208922254358278,-1.042946718764942
0.8040457244514624,1.1621163448720637,1.3490175516254568,0.7126334469315663,-1.042946718764942
-1.4488047904143881,-0.2099544723635572,-1.2469194866406308,-1.2488337034707155,0.14718688838832467
0.8040457244514624,-0.2099544723635572,0.4837052055367609,-1.3864805210428055,0.14718688838832467
0.8040457244514624,-0.2099544723635572,0.4837052055367609,0.6093983337524984,-1.042946718764942
0.8040457244514624,-0.2099544723635572,0.4837052055367609,-0.9047166595404906,0.14718688838832467
0.8040457244514624,-1.582025289599178,-0.38160714055193495,0.919103673289701,0.14718688838832467
0.8040457244514624,-1.582025289599178,-0.38160714055193495,-1.1111868858986256,-1.042946718764942
0.8040457244514624,-1.582025289599178,-0.38160714055193495,-1.2832454078637379,-1.042946718764942
0.8040457244514624,-0.2099544723635572,0.4837052055367609,-1.352068816649783,0.14718688838832467
0.3489244083169472,0.997467846803789,1.0445966039121182,0.16750881110637394,1.9516393436605952
-1.4488047904143881,1.1621163448720637,-0.38160714055193495,0.643810038145521,-1.042946718764942
0.3261683425102213,0.02329756656649826,0.09382691412460933,0.18457845794241468,1.8669568109656345
0.3489244083169472,0.4417791658233628,0.2963562716752588,-0.3094755750622905,1.574802073168021
-1.4488047904143881,1.1621163448720637,-0.38160714055193495,-1.2488337034707155,-1.042946718764942
0.8040457244514624,1.1621163448720637,1.3490175516254568,1.2976324216129478,-1.042946718764942
-1.4488047904143881,-1.582025289599178,-2.1122318327293264,-1.4208922254358278,-1.042946718764942
0.8040457244514624,-0.2099544723635572,0.4837052055367609,0.7470451513245885,0.14718688838832467
-1.4488047904143881,-0.2099544723635572,-1.2469194866406308,-1.2832454078637379,0.14718688838832467
0.8040457244514624,1.1621163448720637,1.3490175516254568,0.9535153776827235,0.14718688838832467
0.8040457244514624,-0.2099544723635572,0.4837052055367609,1.2288090128269036,-1.042946718764942
0.8040457244514624,-1.582025289599178,-0.38160714055193495,0.8846919688966784,-1.042946718764942
0.8040457244514624,1.1621163448720637,1.3490175516254568,0.9879270820757461,-1.042946718764942
0.8040457244514624,-1.582025289599178,-0.38160714055193495,-1.1800102946846704,0.14718688838832467
-1.4488047904143881,-0.2099544723635572,-1.2469194866406308,-1.3176571122567604,0.14718688838832467
0.8040457244514624,-0.2099544723635572,0.4837052055367609,-1.3864805210428055,0.14718688838832467
-1.4488047904143881,1.1621163448720637,-0.38160714055193495,-0.9391283639335132,0.14718688838832467
0.8040457244514624,-1.582025289599178,-0.38160714055193495,0.9535153776827235,0.14718688838832467
0.8040457244514624,1.1621163448720637,1.3490175516254568,0.7126334469315663,0.14718688838832467
0.8040457244514624,1.1621163448720637,1.3490175516254568,-0.7670698419684006,-1.042946718764942
0.8040457244514624,-1.582025289599178,-0.38160714055193495,0.6782217425385434,0.14718688838832467
0.8040457244514624,-0.2099544723635572,0.4837052055367609,-0.9391283639335132,-1.042946718764942
0.8040457244514624,-1.582025289599178,-0.38160714055193495,0.9879270820757461,0.14718688838832467
-1.4488047904143881,-0.2099544723635572,-1.2469194866406308,0.7126334469315663,-1.042946718764942
-1.4488047904143881,-1.582025289599178,-2.1122318327293264,0.8846919688966784,0.14718688838832467
-1.4488047904143881,-0.2099544723635572,-1.2469194866406308,-0.8703049551474681,-1.042946718764942
0.8040457244514624,1.1621163448720637,1.3490175516254568,0.919103673289701,-1.042946718764942
0.8040457244514624,-0.2099544723635572,0.4837052055367609,0.9535153776827235,-1.042946718764942
0.8040457244514624,-0.2099544723635572,0.4837052055367609,1.056750490861791,-1.042946718764942
0.8040457244514624,-0.2099544723635572,0.4837052055367609,0.9535153776827235,0.14718688838832467
0.8040457244514624,-1.582025289599178,-0.38160714055193495,-1.1111868858986256,-1.042946718764942
0.8040457244514624,-1.582025289599178,-0.38160714055193495,0.7814568557176109,-1.042946718764942
0.8040457244514624,-1.582025289599178,-0.38160714055193495,1.056750490861791,-1.042946718764942
0.7585335928380106,-0.06588703655381702,0.6895980277585103,0.36308827928402665,1.3401608888257355
-1.4488047904143881,-0.2099544723635572,-1.2469194866406308,0.9535153776827235,0.14718688838832467
0.8040457244514624,-1.582025289599178,-0.38160714055193495,-0.9047166595404906,0.14718688838832467
-1.4488047904143881,-0.2099544723635572,-1.2469194866406308,-1.2144219990776928,-1.042946718764942
0.8040457244514624,-1.582025289599178,-0.38160714055193495,-1.1800102946846704,-1.042946718764942
-0.1061969078175682,1.1346749285273512,0.720597220677885,-0.7733099764909503,1.639725348234158
-1.4488047904143881,-0.2099544723635572,-1.2469194866406308,-1.3864805210428055,-1.042946718764942
0.37168047412367267,0.9288643059420082,0.8403984753161686,0.4526662104252595,2.2734329679014444
-1.4488047904143881,-0.2099544723635572,-1.2469194866406308,-1.3864805210428055,-1.042946718764942
0.8040457244514624,1.1621163448720637,1.3490175516254568,0.8158685601106335,-1.042946718764942
0.8040457244514624,-1.582025289599178,-0.38160714055193495,0.6093983337524984,-1.042946718764942
0.8040457244514624,1.1621163448720637,1.3490175516254568,0.7814568557176109,0.14718688838832467
0.8040457244514624,1.1621163448720637,1.3490175516254568,0.7470451513245885,0.14718688838832467
0.8040457244514624,1.1621163448720637,1.3490175516254568,0.850280264503656,-1.042946718764942
0.3034122767034954,0.10562181560063558,0.4880986321854738,-0.17909922870753725,2.4046908935786333
0.2579001450900441,0.36631527087540344,0.2169831786021424,0.7662354022070356,0.9248636347342
0.8040457244514624,-1.582025289599178,-0.38160714055193495,-1.4553039298288504,-1.042946718764942
0.8040457244514624,-0.2099544723635572,0.4837052055367609,0.8158685601106335,0.14718688838832467
0.667509329611108,1.1346749285273512,1.2962595502628755,-1.4633225832850276,1.5289323679582507
-0.15170903943101952,0.09876146151445762,-0.22514652836076873,-0.8780374960235259,0.7223312440387536
0.8040457244514624,-1.582025289599178,-0.38160714055193495,-0.9735400683265355,0.14718688838832467
0.8040457244514624,1.1621163448720637,1.3490175516254568,-0.8703049551474681,0.14718688838832467
0.46270473735057627,0.45549987399571906,0.374003096947945,-0.408977140801689,1.8937729463190387
0.8040457244514624,1.1621163448720637,1.3490175516254568,-0.8014815463614231,-1.042946718764942
0.8040457244514624,-0.2099544723635572,0.4837052055367609,-1.0079517727195582,-1.042946718764942
0.8040457244514624,-0.2099544723635572,0.4837052055367609,-1.3176571122567604,0.14718688838832467
0.6219971979976562,0.43491881173718455,0.4817866123217184,1.449941717550536,1.8295553590253604
0.644753263804382,1.1483956366997077,1.1100976257110609,-0.8896775629673905,2.4794937974591815
-0.15170903943101952,0.6338690802363499,0.051128217475108824,-0.6099226005759284,0.9682634327403675
0.8040457244514624,-0.2099544723635572,0.4837052055367609,-1.1800102946846704,-1.042946718764942
-1.4488047904143881,1.1621163448720637,-0.38160714055193495,0.8158685601106335,-1.042946718764942
-1.4488047904143881,-1.582025289599178,-2.1122318327293264,-1.4553039298288504,0.14718688838832467
-1.4488047904143881,-1.582025289599178,-2.1122318327293264,0.6093983337524984,-1.042946718764942
-1.4488047904143881,-0.2099544723635572,-1.2469194866406308,-0.9047166595404906,0.14718688838832467
-1.4488047904143881,1.1621163448720637,-0.38160714055193495,0.7126334469315663,-1.042946718764942
0.8040457244514624,-0.2099544723635572,0.4837052055367609,0.7470451513245885,-1.042946718764942
-1.4488047904143881,-0.2099544723635572,-1.2469194866406308,-0.9391283639335132,-1.042946718764942
0.5082168689640276,-0.004143849778214181,0.3172105218971527,-0.025402762230754806,1.602323896293883
0.8040457244514624,1.1621163448720637,1.3490175516254568,0.8158685601106335,-1.042946718764942
-1.4488047904143881,-0.2099544723635572,-1.2469194866406308,0.7814568557176109,-1.042946718764942
-1.4488047904143881,1.1621163448720637,-0.38160714055193495,-0.8703049551474681,-1.042946718764942
0.28065621089677,0.12620287785917006,0.024526039661708413,0.1127142444658651,2.1926317179550034
-1.4488047904143881,-0.2099544723635572,-1.2469194866406308,-0.8703049551474681,0.14718688838832467
-1.4488047904143881,-0.2099544723635572,-1.2469194866406308,0.9879270820757461,0.14718688838832467
0.8040457244514624,-0.2099544723635572,0.4837052055367609,1.056750490861791,0.14718688838832467
-0.037928710397390715,-0.03158526612292662,0.020484868809976433,-1.2020963441580932,1.135511434812914
0.8040457244514624,1.1621163448720637,1.3490175516254568,0.919103673289701,0.14718688838832467
-1.4488047904143881,1.1621163448720637,-0.38160714055193495,-1.2144219990776928,0.14718688838832467
0.8040457244514624,1.1621163448720637,1.3490175516254568,0.8158685601106335,0.14718688838832467
0.8040457244514624,-0.2099544723635572,0.4837052055367609,0.7470451513245885,0.14718688838832467
-1.4488047904143881,-0.2099544723635572,-1.2469194866406308,1.2632207172199261,0.14718688838832467
0.8040457244514624,1.1621163448720637,1.3490175516254568,0.9879270820757461,0.14718688838832467
0.8040457244514624,-0.2099544723635572,0.4837052055367609,1.0911621952548136,-1.042946718764942
0.781289658644737,0.14678394011770424,0.5227385636007328,-0.6979848475823931,2.13017835009247
-1.4488047904143881,-1.582025289599178,-2.1122318327293264,1.1943973084338804,0.14718688838832467
0.8040457244514624,1.1621163448720637,1.3490175516254568,0.7814568557176109,-1.042946718764942
-0.06068477620411663,0.002716504307964081,-0.3135790168090494,0.3936555598961393,1.0656483453395722
0.8040457244514624,-0.2099544723635572,0.4837052055367609,0.919103673289701,-1.042946718764942
-1.4488047904143881,-0.2099544723635572,-1.2469194866406308,0.9535153776827235,0.14718688838832467
0.8040457244514624,-0.2099544723635572,0.4837052055367609,1.1255738996478362,-1.042946718764942
-0.037928710397390715,0.26340995958273195,0.4227195303144782,-0.25527998479337904,0.8158348738894392
-1.4488047904143881,1.1621163448720637,-0.38160714055193495,-1.3864805210428055,0.14718688838832467
-1.4488047904143881,-0.2099544723635572,-1.2469194866406308,-1.4553039298288504,0.14718688838832467
-1.4488047904143881,1.1621163448720637,-0.38160714055193495,0.643810038145521,-1.042946718764942
0.39443653993039907,0.9768867845452551,0.8674722762818878,0.7587240228329986,2.002448863277571
0.8040457244514624,-0.2099544723635572,0.4837052055367609,0.850280264503656,-1.042946718764942
0.8040457244514624,-1.582025289599178,-0.38160714055193495,1.1943973084338804,-1.042946718764942
0.8040457244514624,-0.2099544723635572,0.4837052055367609,-0.7670698419684006,-1.042946718764942
0.8040457244514624,-1.582025289599178,-0.38160714055193495,-1.4553039298288504,-1.042946718764942
0.8040457244514624,-0.2099544723635572,0.4837052055367609,1.2976324216129478,-1.042946718764942
0.8040457244514624,-0.2099544723635572,0.4837052055367609,-1.145598590291648,0.14718688838832467
0.8040457244514624,-1.582025289599178,-0.38160714055193495,0.9879270820757461,0.14718688838832467
0.48546080315730167,-0.05902668246763876,0.4616749755159197,0.8472402337173984,1.5913857358207841
-1.4488047904143881,-1.582025289599178,-2.1122318327293264,1.0223387864687679,0.14718688838832467
-1.4488047904143881,-1.582025289599178,-2.1122318327293264,-1.3176571122567604,-1.042946718764942
0.46270473735057627,0.7299140374428431,0.7653350994474294,-0.9967442907046049,1.0423606488484578
-1.4488047904143881,1.1621163448720637,-0.38160714055193495,1.1255738996478362,-1.042946718764942
0.8040457244514624,-0.2099544723635572,0.4837052055367609,-0.7670698419684006,0.14718688838832467
0.8040457244514624,-1.582025289599178,-0.38160714055193495,0.8846919688966784,0.14718688838832467
0.8040457244514624,-0.2099544723635572,0.4837052055367609,-1.3864805210428055,-1.042946718764942
0.7357775270312852,0.34573420861686927,0.8729349212493961,-0.7141246539026752,0.9350961074348412
-1.4488047904143881,-0.2099544723635572,-1.2469194866406308,-0.8358932507544456,-1.042946718764942
0.5537290005774789,0.544684477116034,1.0345823648989547,-0.662533714951573,0.8550005452608581
0.8040457244514624,1.1621163448720637,1.3490175516254568,-1.4553039298288504,0.14718688838832467
0.41719260573712447,0.18108571054859463,0.28199878027962694,-0.5459404393235163,2.115358906870852
0.8040457244514624,1.1621163448720637,1.3490175516254568,1.2288090128269036,-1.042946718764942
0.781289658644737,-0.19623376419120095,0.5851772481847766,0.33538125012208514,1.0314224883753587
0.8040457244514624,-1.582025289599178,-0.38160714055193495,-1.1800102946846704,0.14718688838832467
0.5309729347707535,0.6064276638916375,0.8192813326307792,0.6053836036649234,1.1041083289385334
0.8040457244514624,-0.2099544723635572,0.4837052055367609,-1.3176571122567604,-1.042946718764942
0.8040457244514624,1.1621163448720637,1.3490175516254568,-0.9391283639335132,-1.042946718764942
-1.4488047904143881,-1.582025289599178,-2.1122318327293264,-1.4208922254358278,-1.042946718764942
-1.4488047904143881,-1.582025289599178,-2.1122318327293264,1.0911621952548136,0.14718688838832467
0.8040457244514624,1.1621163448720637,1.3490175516254568,1.056750490861791,-1.042946718764942
0.8040457244514624,-0.2099544723635572,0.4837052055367609,0.7470451513245885,0.14718688838832467
0.8040457244514624,-0.2099544723635572,0.4837052055367609,-1.2144219990776928,-1.042946718764942
0.8040457244514624,-1.582025289599178,-0.38160714055193495,1.1255738996478362,-1.042946718764942
0.8040457244514624,1.1621163448720637,1.3490175516254568,0.6093983337524984,0.14718688838832467
0.16687588186314095,0.44863951990954076,0.18160688308929393,-0.025029885117869324,2.305188917662055
-1.4488047904143881,-0.2099544723635572,-1.2469194866406308,-1.2144219990776928,0.14718688838832467
-0.3110015000780999,0.7985175783046239,0.2113611073598566,0.2777720914283108,1.0751751302677548
0.8040457244514624,-0.2099544723635572,0.4837052055367609,-1.145598590291648,0.14718688838832467
-1.4488047904143881,-0.2099544723635572,-1.2469194866406308,-1.0767751815056033,0.14718688838832467
0.23514407928331843,-0.10018880698470742,0.20732862556876994,-0.1577302776280339,1.181028296136455
-0.2882454342713742,0.0164372124803203,-0.28107959302581825,0.11287932801373275,1.52928521184448
0.8040457244514624,1.1621163448720637,1.3490175516254568,0.919103673289701,0.14718688838832467
0.8040457244514624,-1.582025289599178,-0.38160714055193495,1.2288090128269036,0.14718688838832467
0.5992411321909308,0.03701827473885448,0.253885688331231,-1.3289262148761425,1.8891859757980618
0.8040457244514624,-1.582025289599178,-0.38160714055193495,1.1599856040408578,0.14718688838832467
0.8040457244514624,-1.582025289599178,-0.38160714055193495,0.9879270820757461,-1.042946718764942
0.8040457244514624,-0.2099544723635572,0.4837052055367609,0.6093983337524984,-1.042946718764942
-1.4488047904143881,-0.2099544723635572,-1.2469194866406308,-1.0079517727195582,-1.042946718764942
0.8040457244514624,-0.2099544723635572,0.4837052055367609,-0.7670698419684006,0.14718688838832467
0.6902653954178334,0.983747138631433,1.0782454272420152,0.07739399297734462,2.375404851021626
0.8040457244514624,-0.2099544723635572,0.4837052055367609,-1.1800102946846704,0.14718688838832467
0.8040457244514624,1.1621163448720637,1.3490175516254568,0.643810038145521,0.14718688838832467
0.8040457244514624,1.1621163448720637,1.3490175516254568,-1.145598590291648,0.14718688838832467
0.8040457244514624,1.1621163448720637,1.3490175516254568,-1.1800102946846704,0.14718688838832467
-1.4488047904143881,-0.2099544723635572,-1.2469194866406308,-0.7670698419684006,0.14718688838832467
-1.4488047904143881,-1.582025289599178,-2.1122318327293264,0.7470451513245885,0.14718688838832467
-1.4488047904143881,-1.582025289599178,-2.1122318327293264,0.919103673289701,0.14718688838832467
0.8040457244514624,1.1621163448720637,1.3490175516254568,1.2288090128269036,0.14718688838832467
0.8040457244514624,1.1621163448720637,1.3490175516254568,-1.1800102946846704,-1.042946718764942
0.6902653954178334,1.0797920958379263,1.041366958373468,-1.0022996880903137,2.134765320613447
0.8040457244514624,-1.582025289599178,-0.38160714055193495,1.056750490861791,-1.042946718764942
0.5309729347707535,1.1003731580964609,1.250211025841682,-0.8871863647681085,1.5719793220781897
-1.4488047904143881,-1.582025289599178,-2.1122318327293264,-1.3864805210428055,0.14718688838832467
0.8040457244514624,1.1621163448720637,1.3490175516254568,1.2976324216129478,-1.042946718764942
0.8040457244514624,-0.2099544723635572,0.4837052055367609,-0.9735400683265355,-1.042946718764942
-1.4488047904143881,-0.2099544723635572,-1.2469194866406308,-1.2832454078637379,0.14718688838832467
0.8040457244514624,-1.582025289599178,-0.38160714055193495,-1.2488337034707155,-1.042946718764942
0.8040457244514624,-1.582025289599178,-0.38160714055193495,0.6782217425385434,-1.042946718764942
0.8040457244514624,-0.2099544723635572,0.4837052055367609,0.919103673289701,-1.042946718764942
0.23514407928331843,0.40747739539247213,0.14714196578243535,-0.11060037593584254,2.1386466033619653
0.8040457244514624,1.1621163448720637,1.3490175516254568,1.1255738996478362,0.14718688838832467
0.8040457244514624,1.1621163448720637,1.3490175516254568,1.0911621952548136,0.14718688838832467
-0.2654893684646483,0.6681708506672402,0.005283481053042159,-0.5223405459802042,2.3782276021114583
-1.4488047904143881,1.1621163448720637,-0.38160714055193495,1.2976324216129478,0.14718688838832467
-1.4488047904143881,1.1621163448720637,-0.38160714055193495,-1.1800102946846704,-1.042946718764942
-1.4488047904143881,-0.2099544723635572,-1.2469194866406308,1.1255738996478362,0.14718688838832467
0.8040457244514624,1.1621163448720637,1.3490175516254568,1.1255738996478362,-1.042946718764942
0.8040457244514624,-0.2099544723635572,0.4837052055367609,0.7126334469315663,0.14718688838832467
0.8040457244514624,1.1621163448720637,1.3490175516254568,-0.7670698419684006,0.14718688838832467
-1.4488047904143881,1.1621163448720637,-0.38160714055193495,1.0223387864687679,0.14718688838832467
0.8040457244514624,-1.582025289599178,-0.38160714055193495,0.6782217425385434,0.14718688838832467
-1.4488047904143881,-1.582025289599178,-2.1122318327293264,1.1255738996478362,0.14718688838832467
0.8040457244514624,-1.582025289599178,-0.38160714055193495,-1.0079517727195582,0.14718688838832467
0.8040457244514624,1.1621163448720637,1.3490175516254568,1.1943973084338804,0.14718688838832467
0.8040457244514624,-1.582025289599178,-0.38160714055193495,-1.2144219990776928,-1.042946718764942
0.8040457244514624,1.1621163448720637,1.3490175516254568,0.7814568557176109,0.14718688838832467
-1.4488047904143881,-1.582025289599178,-2.1122318327293264,-1.4208922254358278,-1.042946718764942
0.8040457244514624,-1.582025289599178,-0.38160714055193495,0.919103673289701,-1.042946718764942
-1.4488047904143881,-1.582025289599178,-2.1122318327293264,0.7814568557176109,0.14718688838832467
0.8040457244514624,1.1621163448720637,1.3490175516254568,-1.0423634771125805,0.14718688838832467
0.8040457244514624,1.1621163448720637,1.3490175516254568,1.2976324216129478,-1.042946718764942
0.8040457244514624,-1.582025289599178,-0.38160714055193495,1.0223387864687679,0.14718688838832467
0.8040457244514624,-0.2099544723635572,0.4837052055367609,0.9879270820757461,0.14718688838832467
0.23514407928331843,-0.16879234784648853,-0.03757271567846587,-0.28255458751701207,2.231091701553965
0.07585161863623807,0.5515448312022125,0.37613792740248886,0.8126533651799396,1.3775623407660094
-1.4488047904143881,-1.582025289599178,-2.1122318327293264,-0.9047166595404906,0.14718688838832467
-1.4488047904143881,-0.2099544723635572,-1.2469194866406308,-1.3864805210428055,0.14718688838832467
0.8040457244514624,1.1621163448720637,1.3490175516254568,-0.9047166595404906,-1.042946718764942
-1.4488047904143881,-1.582025289599178,-2.1122318327293264,-0.9735400683265355,0.14718688838832467
0.8040457244514624,-1.582025289599178,-0.38160714055193495,-1.0423634771125805,-1.042946718764942
-1.4488047904143881,-0.2099544723635572,-1.2469194866406308,0.643810038145521,0.14718688838832467
-1.4488047904143881,1.1621163448720637,-0.38160714055193495,1.1599856040408578,-1.042946718764942
-0.01517264459066506,0.09876146151445762,0.3193276986697824,-0.46815302785861634,2.046201505169968
-1.4488047904143881,1.1621163448720637,-0.38160714055193495,-1.4553039298288504,0.14718688838832467
0.8040457244514624,1.1621163448720637,1.3490175516254568,-1.1800102946846704,0.14718688838832467
0.8040457244514624,-1.582025289599178,-0.38160714055193495,1.2632207172199261,-1.042946718764942
-1.4488047904143881,-0.2099544723635572,-1.2469194866406308,-1.2144219990776928,0.14718688838832467
0.00758342121606085,1.1140938662688167,0.8347636471230243,-0.23747298600884564,1.2138427775557528
-1.4488047904143881,-1.582025289599178,-2.1122318327293264,-0.8703049551474681,0.14718688838832467
-1.4488047904143881,1.1621163448720637,-0.38160714055193495,-1.0423634771125805,0.14718688838832467
-1.4488047904143881,-0.2099544723635572,-1.2469194866406308,-1.2488337034707155,0.14718688838832467
0.5082168689640276,0.6681708506672402,0.7782958123526862,-0.27363307139465737,2.280489845626025
0.8040457244514624,1.1621163448720637,1.3490175516254568,1.2632207172199261,0.14718688838832467
-1.4488047904143881,1.1621163448720637,-0.38160714055193495,-1.3176571122567604,-1.042946718764942
0.8040457244514624,-1.582025289599178,-0.38160714055193495,1.056750490861791,0.14718688838832467
-1.4488047904143881,-0.2099544723635572,-1.2469194866406308,0.8158685601106335,-1.042946718764942
-1.4488047904143881,-0.2099544723635572,-1.2469194866406308,0.919103673289701,-1.042946718764942
0.8040457244514624,-0.2099544723635572,0.4837052055367609,-0.9735400683265355,0.14718688838832467
-0.06068477620411663,0.8328193487355143,0.2869408082190122,-0.21866891127683402,2.005271614367403
-1.4488047904143881,1.1621163448720637,-0.38160714055193495,-1.352068816649783,0.14718688838832467
0.8040457244514624,-1.582025289599178,-0.38160714055193495,-1.4553039298288504,-1.042946718764942
0.6219971979976562,0.6750312047534183,0.6512326917787465,0.3347964882194907,1.939642651528809
0.8040457244514624,-0.2099544723635572,0.4837052055367609,-1.2488337034707155,0.14718688838832467
-1.4488047904143881,-0.2099544723635572,-1.2469194866406308,0.6093983337524984,-1.042946718764942
0.8040457244514624,1.1621163448720637,1.3490175516254568,-0.8014815463614231,0.14718688838832467
-0.1061969078175682,0.8808418273387613,0.40188917746388664,0.270089713690957,1.9248232083071908
-1.4488047904143881,1.1621163448720637,-0.38160714055193495,-1.2144219990776928,-1.042946718764942
-1.4488047904143881,-0.2099544723635572,-1.2469194866406308,0.919103673289701,0.14718688838832467
-1.4488047904143881,-0.2099544723635572,-1.2469194866406308,-0.9391283639335132,0.14718688838832467
0.39443653993039907,0.9494453682005427,0.7728110016272135,-0.23373500991045953,1.8387293000673144
0.8040457244514624,-0.2099544723635572,0.4837052055367609,0.9879270820757461,-1.042946718764942
-1.4488047904143881,1.1621163448720637,-0.38160714055193495,0.7126334469315663,0.14718688838832467
0.8040457244514624,-0.2099544723635572,0.4837052055367609,0.8846919688966784,0.14718688838832467
0.8040457244514624,-1.582025289599178,-0.38160714055193495,0.8158685601106335,0.14718688838832467
-1.4488047904143881,1.1621163448720637,-0.38160714055193495,1.1255738996478362,-1.042946718764942
0.43994867154384987,-0.0521663283814608,0.07297870306108285,0.6415269902048988,1.7339346658573014
-1.4488047904143881,1.1621163448720637,-0.38160714055193495,-1.1111868858986256,0.14718688838832467
0.8040457244514624,-0.2099544723635572,0.4837052055367609,0.9535153776827235,-1.042946718764942
-1.4488047904143881,-1.582025289599178,-2.1122318327293264,0.7126334469315663,-1.042946718764942
0.23514407928331843,-0.189373410105023,0.2472524857306294,0.3104356674900773,1.541987591748724
-1.4488047904143881,-0.2099544723635572,-1.2469194866406308,-1.2832454078637379,0.14718688838832467
0.8040457244514624,1.1621163448720637,1.3490175516254568,1.1599856040408578,-1.042946718764942
0.8040457244514624,-0.2099544723635572,0.4837052055367609,0.6782217425385434,-1.042946718764942
0.8040457244514624,-1.582025289599178,-0.38160714055193495,-1.2144219990776928,0.14718688838832467
-1.4488047904143881,1.1621163448720637,-0.38160714055193495,0.6782217425385434,0.14718688838832467
-1.4488047904143881,1.1621163448720637,-0.38160714055193495,-1.352068816649783,-1.042946718764942
-1.4488047904143881,1.1621163448720637,-0.38160714055193495,0.8158685601106335,0.14718688838832467
0.8040457244514624,-0.2099544723635572,0.4837052055367609,-1.352068816649783,0.14718688838832467
0.8040457244514624,-1.582025289599178,-0.38160714055193495,0.7814568557176109,-1.042946718764942
0.8040457244514624,-0.2099544723635572,0.4837052055367609,-0.9391283639335132,0.14718688838832467
-1.4488047904143881,-0.2099544723635572,-1.2469194866406308,0.7814568557176109,0.14718688838832467
0.8040457244514624,1.1621163448720637,1.3490175516254568,-0.9047166595404906,-1.042946718764942
0.8040457244514624,1.1621163448720637,1.3490175516254568,0.850280264503656,-1.042946718764942
-1.4488047904143881,1.1621163448720637,-0.38160714055193495,-1.0079517727195582,0.14718688838832467
0.8040457244514624,-0.2099544723635572,0.4837052055367609,0.7126334469315663,-1.042946718764942
0.7585335928380106,1.1483956366997077,1.5749222393882003,-1.5270958996145956,1.585034545868662
0.8040457244514624,-0.2099544723635572,0.4837052055367609,1.056750490861791,-1.042946718764942
0.8040457244514624,-0.2099544723635572,0.4837052055367609,-0.7670698419684006,-1.042946718764942
-1.4488047904143881,1.1621163448720637,-0.38160714055193495,-1.2832454078637379,0.14718688838832467
0.1441198160564153,0.16050464829006045,0.47732375354314754,-1.2896698895382053,1.028246893399298
0.8040457244514624,1.1621163448720637,1.3490175516254568,-0.8358932507544456,0.14718688838832467
0.8040457244514624,1.1621163448720637,1.3490175516254568,0.6093983337524984,-1.042946718764942
0.8040457244514624,-1.582025289599178,-0.38160714055193495,1.2976324216129478,0.14718688838832467
0.8040457244514624,1.1621163448720637,1.3490175516254568,1.1599856040408578,-1.042946718764942
0.8040457244514624,-0.2099544723635572,0.4837052055367609,1.0223387864687679,-1.042946718764942
-1.4488047904143881,-1.582025289599178,-2.1122318327293264,-0.7670698419684006,-1.042946718764942
-1.4488047904143881,-1.582025289599178,-2.1122318327293264,1.1255738996478362,0.14718688838832467
0.8040457244514624,-0.2099544723635572,0.4837052055367609,1.0223387864687679,-1.042946718764942
0.8040457244514624,-1.582025289599178,-0.38160714055193495,0.6093983337524984,0.14718688838832467
0.8040457244514624,-1.582025289599178,-0.38160714055193495,1.2632207172199261,0.14718688838832467
0.8040457244514624,-1.582025289599178,-0.38160714055193495,0.8158685601106335,0.14718688838832467
0.8040457244514624,1.1621163448720637,1.3490175516254568,1.1599856040408578,-1.042946718764942
-1.4488047904143881,-1.582025289599178,-2.1122318327293264,-1.1111868858986256,0.14718688838832467
0.8040457244514624,-0.2099544723635572,0.4837052055367609,-0.9391283639335132,0.14718688838832467
0.8040457244514624,-0.2099544723635572,0.4837052055367609,0.7470451513245885,-1.042946718764942
0.8040457244514624,1.1621163448720637,1.3490175516254568,1.0911621952548136,0.14718688838832467
0.8040457244514624,-0.2099544723635572,0.4837052055367609,0.7470451513245885,0.14718688838832467
0.8040457244514624,-1.582025289599178,-0.38160714055193495,1.2288090128269036,0.14718688838832467
-1.4488047904143881,1.1621163448720637,-0.38160714055193495,1.1599856040408578,-1.042946718764942
0.8040457244514624,-1.582025289599178,-0.38160714055193495,-1.2832454078637379,-1.042946718764942
0.8040457244514624,-0.2099544723635572,0.4837052055367609,0.850280264503656,0.14718688838832467
0.8040457244514624,-1.582025289599178,-0.38160714055193495,0.643810038145521,-1.042946718764942
0.8040457244514624,-0.2099544723635572,0.4837052055367609,0.8846919688966784,-1.042946718764942
-1.4488047904143881,-0.2099544723635572,-1.2469194866406308,-1.3864805210428055,0.14718688838832467
0.8040457244514624,-0.2099544723635572,0.4837052055367609,0.8158685601106335,0.14718688838832467
-1.4488047904143881,-1.582025289599178,-2.1122318327293264,0.7814568557176109,0.14718688838832467
-0.17446510523774542,-0.1344905774155981,0.04716911548558906,1.2319085757759682,1.722643661497973
0.8040457244514624,-0.2099544723635572,0.4837052055367609,-1.3176571122567604,0.14718688838832467
0.3261683425102213,0.5789862475469251,0.9045417656118809,-0.32380036196496104,2.4833750802077006
0.8040457244514624,1.1621163448720637,1.3490175516254568,-1.352068816649783,0.14718688838832467
0.781289658644737,-0.004143849778214181,0.6846637107627355,-0.18265747157241435,2.0380860957867
-1.4488047904143881,-0.2099544723635572,-1.2469194866406308,1.2288090128269036,-1.042946718764942
0.21238801347659253,-0.06588703655381702,0.38976346073479706,-0.5536184696615674,1.072705223064152
-1.4488047904143881,-1.582025289599178,-2.1122318327293264,-1.2144219990776928,0.14718688838832467
0.5537290005774789,0.4898016444266091,0.48284053818261913,1.0064450984187254,0.7315051850807077
0.8040457244514624,1.1621163448720637,1.3490175516254568,-0.8703049551474681,0.14718688838832467
-1.4488047904143881,-1.582025289599178,-2.1122318327293264,-1.0423634771125805,0.14718688838832467
0.8040457244514624,-0.2099544723635572,0.4837052055367609,1.0223387864687679,-1.042946718764942
0.8040457244514624,-0.2099544723635572,0.4837052055367609,-0.9047166595404906,-1.042946718764942
0.8040457244514624,-0.2099544723635572,0.4837052055367609,1.2288090128269036,0.14718688838832467
-1.4488047904143881,1.1621163448720637,-0.38160714055193495,-1.0423634771125805,0.14718688838832467
-0.1061969078175682,0.40747739539247213,0.3010788020390692,-1.0818505968035594,1.3383966693945903
-1.4488047904143881,-1.582025289599178,-2.1122318327293264,-1.0079517727195582,-1.042946718764942
0.8040457244514624,-0.2099544723635572,0.4837052055367609,-0.8014815463614231,0.14718688838832467
-1.4488047904143881,-1.582025289599178,-2.1122318327293264,1.1599856040408578,-1.042946718764942
0.8040457244514624,-0.2099544723635572,0.4837052055367609,0.919103673289701,0.14718688838832467
0.00758342121606085,0.5309637689436781,0.2516670982426578,1.441451890690966,1.1203391477050673
0.8040457244514624,1.1621163448720637,1.3490175516254568,1.0223387864687679,0.14718688838832467
0.8040457244514624,1.1621163448720637,1.3490175516254568,0.643810038145521,0.14718688838832467
-1.4488047904143881,-0.2099544723635572,-1.2469194866406308,-0.9047166595404906,0.14718688838832467
0.8040457244514624,1.1621163448720637,1.3490175516254568,-1.2144219990776928,0.14718688838832467
-1.4488047904143881,-1.582025289599178,-2.1122318327293264,1.1599856040408578,-1.042946718764942
0.28065621089677,0.9288643059420082,1.0081409496236498,0.978232309950917,1.1104595188906554
0.8040457244514624,-0.2099544723635572,0.4837052055367609,1.1255738996478362,-1.042946718764942
0.8040457244514624,-1.582025289599178,-0.38160714055193495,-1.0423634771125805,0.14718688838832467
0.8040457244514624,1.1621163448720637,1.3490175516254568,-1.3176571122567604,0.14718688838832467
0.8040457244514624,-1.582025289599178,-0.38160714055193495,-1.4208922254358278,0.14718688838832467
-0.24273330265792264,0.4280584576510066,-0.18589507728760082,-0.29886604703122566,1.424490577634466
-1.4488047904143881,1.1621163448720637,-0.38160714055193495,0.6782217425385434,-1.042946718764942
0.8040457244514624,-0.2099544723635572,0.4837052055367609,-0.8014815463614231,0.14718688838832467
0.781289658644737,-0.06588703655381702,0.6670893292301532,-0.8542798273868569,1.688770648419989
0.6219971979976562,-0.17565270193266677,0.37361317388442017,1.4498204479691215,1.5462217183834723
0.8040457244514624,1.1621163448720637,1.3490175516254568,0.7126334469315663,-1.042946718764942
0.8040457244514624,1.1621163448720637,1.3490175516254568,0.850280264503656,-1.042946718764942
0.7585335928380106,-0.10704916107088568,0.44581681345293056,-0.29540446695476763,2.0366747202417845
0.5309729347707535,-0.04530597429528254,0.08918458174498961,-1.17082487387361,2.3238896436321914
0.8040457244514624,-0.2099544723635572,0.4837052055367609,-1.4208922254358278,0.14718688838832467
-1.4488047904143881,-1.582025289599178,-2.1122318327293264,0.7814568557176109,0.14718688838832467
0.8040457244514624,1.1621163448720637,1.3490175516254568,-0.9047166595404906,-1.042946718764942
0.8040457244514624,-1.582025289599178,-0.38160714055193495,-0.9735400683265355,-1.042946718764942
0.8040457244514624,1.1621163448720637,1.3490175516254568,0.7814568557176109,0.14718688838832467
0.2579001450900441,0.5241034148575001,0.4194317271013237,0.2980399173760322,1.6743040490846
0.8040457244514624,-0.2099544723635572,0.4837052055367609,1.2976324216129478,0.14718688838832467
0.8040457244514624,-0.2099544723635572,0.4837052055367609,0.6093983337524984,-1.042946718764942
0.00758342121606085,0.9220039518558302,0.577395968532338,-0.516404251681503,1.4855325699520838
0.8040457244514624,1.1621163448720637,1.3490175516254568,0.7814568557176109,-1.042946718764942
0.8040457244514624,-0.2099544723635572,0.4837052055367609,1.1255738996478362,0.14718688838832467
-1.4488047904143881,1.1621163448720637,-0.38160714055193495,-1.0423634771125805,0.14718688838832467
0.8040457244514624,-0.2099544723635572,0.4837052055367609,1.2976324216129478,-1.042946718764942
-1.4488047904143881,1.1621163448720637,-0.38160714055193495,1.1943973084338804,-1.042946718764942
0.8040457244514624,1.1621163448720637,1.3490175516254568,-1.352068816649783,-1.042946718764942
0.8040457244514624,-0.2099544723635572,0.4837052055367609,-1.1800102946846704,-1.042946718764942
-1.4488047904143881,-0.2099544723635572,-1.2469194866406308,-1.145598590291648,0.14718688838832467
0.8040457244514624,1.1621163448720637,1.3490175516254568,1.2632207172199261,0.14718688838832467
-1.4488047904143881,-1.582025289599178,-2.1122318327293264,-0.8358932507544456,0.14718688838832467
0.8040457244514624,-1.582025289599178,-0.38160714055193495,0.919103673289701,-1.042946718764942
0.00758342121606085,0.24282889732419777,-0.029552118234205022,-0.5967008746822186,1.0684710964294042
0.8040457244514624,-0.2099544723635572,0.4837052055367609,-1.2144219990776928,0.14718688838832467
0.7357775270312852,0.6956122670119528,0.9523168730277727,-1.1971200898676528,1.9375255882114348
-1.4488047904143881,-1.582025289599178,-2.1122318327293264,1.1599856040408578,0.14718688838832467
-1.4488047904143881,-1.582025289599178,-2.1122318327293264,1.056750490861791,0.14718688838832467
0.8040457244514624,-0.2099544723635572,0.4837052055367609,1.1599856040408578,-1.042946718764942
0.8040457244514624,-1.582025289599178,-0.38160714055193495,1.2976324216129478,0.14718688838832467
0.8040457244514624,1.1621163448720637,1.3490175516254568,0.643810038145521,-1.042946718764942
-1.4488047904143881,-0.2099544723635572,-1.2469194866406308,1.1599856040408578,-1.042946718764942
0.7585335928380106,0.04387862882503274,0.4393828603865377,1.0041067067171436,1.2882928375500724
0.8040457244514624,-1.582025289599178,-0.38160714055193495,0.8846919688966784,-1.042946718764942
0.8040457244514624,1.1621163448720637,1.3490175516254568,1.1255738996478362,-1.042946718764942
0.12136375024968965,0.30457208409980063,0.09501424945018949,0.9610902904371311,0.8458266042189041
0.8040457244514624,1.1621163448720637,1.3490175516254568,0.6782217425385434,0.14718688838832467
-1.4488047904143881,1.1621163448720637,-0.38160714055193495,0.9879270820757461,-1.042946718764942
0.053095552829512165,0.9220039518558302,0.3522808511570825,-0.17610632054174935,2.2882524111230627
-1.4488047904143881,-0.2099544723635572,-1.2469194866406308,-1.4208922254358278,-1.042946718764942
0.8040457244514624,-1.582025289599178,-0.38160714055193495,0.643810038145521,0.14718688838832467
0.8040457244514624,1.1621163448720637,1.3490175516254568,1.0223387864687679,0.14718688838832467
0.8040457244514624,-0.2099544723635572,0.4837052055367609,-0.8358932507544456,-1.042946718764942
0.8040457244514624,-0.2099544723635572,0.4837052055367609,-1.2832454078637379,-1.042946718764942
0.8040457244514624,-1.582025289599178,-0.38160714055193495,0.643810038145521,0.14718688838832467
-1.4488047904143881,-0.2099544723635572,-1.2469194866406308,0.643810038145521,0.14718688838832467
0.8040457244514624,-1.582025289599178,-0.38160714055193495,-1.352068816649783,-1.042946718764942
0.8040457244514624,-1.582025289599178,-0.38160714055193495,-1.145598590291648,0.14718688838832467
-0.2654893684646483,0.3114324381859786,0.1404691537663644,-1.2983638181703712,1.7748645566598653
0.8040457244514624,-1.582025289599178,-0.38160714055193495,0.6782217425385434,-1.042946718764942
-0.1061969078175682,0.1536442942038822,-0.018078974537175992,-0.265294440379009,0.9174539131233909
0.8040457244514624,-0.2099544723635572,0.4837052055367609,-0.9047166595404906,0.14718688838832467
0.8040457244514624,-0.2099544723635572,0.4837052055367609,1.0223387864687679,0.14718688838832467
0.8040457244514624,1.1621163448720637,1.3490175516254568,1.1255738996478362,-1.042946718764942
0.8040457244514624,-0.2099544723635572,0.4837052055367609,0.850280264503656,-1.042946718764942
0.6902653954178334,-0.02472491203674836,0.34242791233887726,0.9076075385372682,2.079015986589265
0.8040457244514624,-0.2099544723635572,0.4837052055367609,-0.7670698419684006,0.14718688838832467
0.8040457244514624,1.1621163448720637,1.3490175516254568,0.7470451513245885,-1.042946718764942
-1.4488047904143881,1.1621163448720637,-0.38160714055193495,1.2632207172199261,0.14718688838832467
0.8040457244514624,1.1621163448720637,1.3490175516254568,-1.4208922254358278,-1.042946718764942
-1.4488047904143881,-0.2099544723635572,-1.2469194866406308,1.0223387864687679,-1.042946718764942
0.8040457244514624,1.1621163448720637,1.3490175516254568,0.850280264503656,0.14718688838832467
-1.4488047904143881,1.1621163448720637,-0.38160714055193495,0.7814568557176109,0.14718688838832467
0.8040457244514624,1.1621163448720637,1.3490175516254568,1.2632207172199261,0.14718688838832467
0.6902653954178334,0.983747138631433,0.9421012094154553,-1.3014350823436684,1.9950391416667628
0.8040457244514624,-1.582025289599178,-0.38160714055193495,1.1943973084338804,0.14718688838832467
0.16687588186314095,1.1278145744411732,0.8064307342227023,-0.9046343417361158,1.7977994092647505
0.8040457244514624,1.1621163448720637,1.3490175516254568,-0.9735400683265355,0.14718688838832467
0.8040457244514624,-0.2099544723635572,0.4837052055367609,1.2288090128269036,0.14718688838832467
-1.4488047904143881,-1.582025289599178,-2.1122318327293264,-1.2832454078637379,0.14718688838832467
0.8040457244514624,-0.2099544723635572,0.4837052055367609,1.1943973084338804,-1.042946718764942
-0.3110015000780999,0.9768867845452551,0.4449575331333504,-0.07919355033993182,2.075487547726975
-1.4488047904143881,-0.2099544723635572,-1.2469194866406308,-1.0423634771125805,-1.042946718764942
0.8040457244514624,-0.2099544723635572,0.4837052055367609,-1.2144219990776928,-1.042946718764942
0.6219971979976562,0.0507389829112107,0.5590873411052041,-0.7627609010922939,1.914943579492779
